code,parent_code,level,label_el,label_en
03000000-1,,1,"Προϊόντα γεωργίας, κτηνοτροφίας, αλιείας, δασοκομίας και συναφή προϊόντα","Agricultural, farming, fishing, forestry and related products"
03100000-2,03000000-1,2,Προϊόντα γεωργίας και κηπευτικής,Agricultural and horticultural products
03110000-5,03100000-2,3,Φυτά και προϊόντα μεγάλης καλλιέργειας και κηπευτικά είδη,"Crops, products of market gardening and horticulture"
03111000-2,03110000-5,4,Σπόροι,Seeds
03111100-3,03111000-2,5,Σπόροι σόγιας,Soya beans
03111200-4,03111000-2,5,Αράπικα φιστίκια,Peanuts
03111300-5,03111000-2,5,Σπόροι ηλιάνθου,Sunflower seeds
03111400-6,03111000-2,5,Βαμβακόσποροι,Cotton seeds
03111500-7,03111000-2,5,Σπόροι από σουσάμι,Sesame seeds
03111600-8,03111000-2,5,Σπόροι από σινάπι,Mustard seeds
03111700-9,03111000-2,5,Σπόροι λαχανικών,Vegetable seeds
03111800-0,03111000-2,5,Σπόροι καρπών,Fruit seeds
03111900-1,03111000-2,5,Σπόροι άνθεων,Flower seeds
03112000-9,03110000-5,4,Μη μεταποιημένος καπνός,Unmanufactured tobacco
03113000-6,03110000-5,4,Φυτά που χρησιμοποιούνται για την παρασκευή ζάχαρης,Plants used for sugar manufacturing
03113100-7,03113000-6,5,Ζαχαρότευτλα,Sugar beet
03113200-8,03113000-6,5,Ζαχαροκάλαμο,Sugar cane
03114000-3,03110000-5,4,Άχυρα και χορτονομές,Straw and forage
03114100-4,03114000-3,5,Άχυρα,Straw
03114200-5,03114000-3,5,Χορτονομές,Forage
03115000-0,03110000-5,4,Ακατέργαστες φυτικές ύλες,Raw vegetable materials
03115100-1,03115000-0,5,Φυτικές πρώτες ύλες που χρησιμοποιούνται στην κλωστοϋφαντουργία,Raw vegetable materials used in textile production
03115110-4,03115100-1,6,Βαμβάκι,Cotton
03115120-7,03115100-1,6,Γιούτα,Jute
03115130-0,03115100-1,6,Λινάρι,Flax
03116000-7,03110000-5,4,"Φυσικό καουτσούκ, λατέξ και συναφή προϊόντα","Natural rubber and latex, and associated products"
03116100-8,03116000-7,5,Φυσικό καουτσούκ,Natural rubber
03116200-9,03116000-7,5,Φυσικό λατέξ,Natural latex
03116300-0,03116000-7,5,Προϊόντα από λατέξ,Latex products
03117000-4,03110000-5,4,Φυτά που χρησιμοποιούνται σε ειδικούς τομείς,Plants used in specific fields
03117100-5,03117000-4,5,"Φυτά που χρησιμοποιούνται στην αρωματοποιία, τη φαρμακευτική ή την παραγωγή εντομοκτόνων ή για παρόμοιους σκοπούς","Plants used in perfumery or pharmacy, or for insecticidal or similar purposes"
03117110-8,03117100-5,6,Φυτά που χρησιμοποιούνται στην αρωματοποιία,Plants used in perfumery
03117120-1,03117100-5,6,Φυτά που χρησιμοποιούνται στη φαρμακευτική,Plants used in pharmacy
03117130-4,03117100-5,6,Φυτά που χρησιμοποιούνται για την παραγωγή εντομοκτόνων,Plants used for insecticidal purposes
03117140-7,03117100-5,6,Φυτά που χρησιμοποιούνται για την παραγωγή μυκητοκτόνων ή για παρόμοιους σκοπούς,Plants used for fungicidal or similar purposes
03117200-6,03117000-4,5,Σπόροι φυτών που χρησιμοποιούνται σε ειδικούς τομείς,Seeds of plants used in specific fields
03120000-8,03100000-2,3,Προϊόντα κηπευτικής και φυτωρίου,Horticultural and nursery products
03121000-5,03120000-8,4,Φυτοκομικά προϊόντα,Horticultural products
03121100-6,03121000-5,5,"Ζώντα φυτά, βολβοί, ρίζες και μοσχεύματα","Live plants, bulbs, roots, cuttings and slips"
03121200-7,03121000-5,5,Κομμένα άνθη,Cut flowers
03121210-0,03121200-7,6,Άνθινες διατάξεις,Floral arrangements
03130000-1,03100000-2,3,Φυτά για αφεψήματα και μπαχαρικά,Beverage and spice crops
03131000-8,03130000-1,4,Φυτά για αφεψήματα,Beverage crops
03131100-9,03131000-8,5,Κόκκοι καφέ,Coffee beans
03131200-0,03131000-8,5,Τσάι σε κλώνους,Tea bushes
03131300-1,03131000-8,5,Ματέ,Maté
03131400-2,03131000-8,5,Κόκκοι κακάου,Cocoa beans
03132000-5,03130000-1,4,Μη επεξεργασμένα καρυκεύματα,Unprocessed spices
03140000-4,03100000-2,3,Ζωικά και συναφή προϊόντα,Animal products and related products
03141000-1,03140000-4,4,Σπέρμα ταύρου,Bulls' semen
03142000-8,03140000-4,4,Ζωικά προϊόντα,Animal products
03142100-9,03142000-8,5,Φυσικό μέλι,Natural honey
03142200-0,03142000-8,5,Σαλιγκάρια,Snails
03142300-1,03142000-8,5,Βρώσιμα προϊόντα ζωικής προέλευσης,Edible products of animal origin
03142400-2,03142000-8,5,Κηροί,Waxes
03142500-3,03142000-8,5,Αυγά,Eggs
03143000-5,03140000-4,4,Προϊόντα μεικτής γεωργοκτηνοτροφικής δραστηριότητας,Products of mixed farming
03144000-2,03140000-4,4,Γεωργικές προμήθειες,Agricultural supplies
03200000-3,03000000-1,2,"Δημητριακά, πατάτες, λαχανικά, φρούτα και ξηροί καρποί","Cereals, potatoes, vegetables, fruits and nuts"
03210000-6,03200000-3,3,Δημητριακά και πατάτες,Cereals and potatoes
03211000-3,03210000-6,4,Δημητριακά,Cereals
03211100-4,03211000-3,5,Σιτάρι,Wheat
03211110-7,03211100-4,6,Σκληρό σιτάρι,Durum wheat
03211120-0,03211100-4,6,Μαλακό σιτάρι,Soft wheat
03211200-5,03211000-3,5,Καλαμπόκι,Maize
03211300-6,03211000-3,5,Ρύζι,Rice
03211400-7,03211000-3,5,Κριθάρι,Barley
03211500-8,03211000-3,5,Σίκαλη,Rye
03211600-9,03211000-3,5,Βρώμη,Oats
03211700-0,03211000-3,5,Βύνη,Malt
03211900-2,03211000-3,5,Προϊόντα δημητριακών,Grain products
03212000-0,03210000-6,4,Πατάτες και αφυδατωμένα λαχανικά,Potatoes and dried vegetables
03212100-1,03212000-0,5,Πατάτες,Potatoes
03212200-2,03212000-0,5,Αφυδατωμένα οσπριώδη φυτά και όσπρια,Dried leguminous vegetables and pulses
03212210-5,03212200-2,6,Αφυδατωμένα οσπριώδη φυτά,Dried leguminous vegetables
03212211-2,03212210-5,7,Φακές,Lentils
03212212-9,03212210-5,7,Ρεβίθια,Chick peas
03212213-6,03212210-5,7,Ξηρά μπιζέλια,Dried peas
03212220-8,03212200-2,6,Όσπρια,Pulses
03220000-9,03200000-3,3,"Λαχανικά, φρούτα και ξηροί καρποί","Vegetables, fruits and nuts"
03221000-6,03220000-9,4,Λαχανικά,Vegetables
03221100-7,03221000-6,5,Βολβοειδή και κονδυλώδη λαχανικά,Root and tuber vegetables
03221110-0,03221100-7,6,Βολβοειδή λαχανικά,Root vegetables
03221111-7,03221110-0,7,Ρίζα τεύτλου,Beetroot
03221112-4,03221110-0,7,Καρότα,Carrots
03221113-1,03221110-0,7,Κρεμμύδια,Onions
03221114-8,03221110-0,7,Γογγύλια,Turnips
03221120-3,03221100-7,6,Κονδυλώδη λαχανικά,Tuber vegetables
03221200-8,03221000-6,5,Οπωροκηπευτικά,Fruit vegetables
03221210-1,03221200-8,6,Φασόλια,Beans
03221211-8,03221210-1,7,Κουκιά,Broad beans
03221212-5,03221210-1,7,Φρέσκα φασόλια,Green beans
03221213-2,03221210-1,7,Φασόλια Ισπανίας,Runner beans
03221220-4,03221200-8,6,Αρακάς,Peas
03221221-1,03221220-4,7,Μπιζέλια κήπου,Garden peas
03221222-8,03221220-4,7,Νωπά μπιζέλια,Mange-tout
03221230-7,03221200-8,6,Πιπεριές,Peppers
03221240-0,03221200-8,6,Τομάτες,Tomatoes
03221250-3,03221200-8,6,Κολοκύθια,Courgettes
03221260-6,03221200-8,6,Μανιτάρια,Mushrooms
03221270-9,03221200-8,6,Αγγούρια,Cucumbers
03221300-9,03221000-6,5,Φυλλώδη λαχανικά,Leaf vegetables
03221310-2,03221300-9,6,Μαρούλι,Lettuce
03221320-5,03221300-9,6,Πράσινες σαλάτες,Salad leaves
03221330-8,03221300-9,6,Αγκινάρες,Artichokes
03221340-1,03221300-9,6,Σπανάκι,Spinach
03221400-0,03221000-6,5,Κραμβοειδή λαχανικά,Cabbage vegetables
03221410-3,03221400-0,6,"Λάχανο, κράμβη",Cabbage
03221420-6,03221400-0,6,Κουνουπίδι,Cauliflower
03221430-9,03221400-0,6,Μπρόκολο,Broccoli
03221440-2,03221400-0,6,Λαχανάκια Βρυξελλών,Brussels sprouts
03222000-3,03220000-9,4,Φρούτα και καρποί,Fruit and nuts
03222100-4,03222000-3,5,Τροπικά φρούτα και καρποί,Tropical fruit and nuts
03222110-7,03222100-4,6,Τροπικά φρούτα,Tropical fruit
03222111-4,03222110-7,7,Μπανάνες,Bananas
03222112-1,03222110-7,7,Ανανάδες,Pineapples
03222113-8,03222110-7,7,Μάνγκο,Mangoes
03222114-5,03222110-7,7,Χουρμάδες,Dates
03222115-2,03222110-7,7,Σταφίδες,Raisins
03222116-9,03222110-7,7,Σύκα,Figs
03222117-6,03222110-7,7,Αβοκάντο,Avocados
03222118-3,03222110-7,7,Ακτινίδια,Kiwi fruit
03222120-0,03222100-4,6,Καρύδες,Coconuts
03222200-5,03222000-3,5,Εσπεριδοειδή,Citrus fruit
03222210-8,03222200-5,6,Λεμόνια,Lemons
03222220-1,03222200-5,6,Πορτοκάλια,Oranges
03222230-4,03222200-5,6,Γκρέιπ φρουτ,Grapefruit
03222240-7,03222200-5,6,Μανταρίνια,Tangerines
03222250-0,03222200-5,6,Μοσχολέμονα,Limes
03222300-6,03222000-3,5,Μη τροπικά φρούτα,Non-tropical fruit
03222310-9,03222300-6,6,Μούρα,Berry fruit
03222311-6,03222310-9,7,"Μαύρα, λευκά ή κόκκινα φραγκοστάφυλα",Currants
03222312-3,03222310-9,7,Χαμαίμουρα,Gooseberries
03222313-0,03222310-9,7,Φράουλες,Strawberries
03222314-7,03222310-9,7,Σμέουρα,Raspberries
03222315-4,03222310-9,7,Μύρτιλλα μακρόκαρπα,Cranberries
03222320-2,03222300-6,6,"Μήλα, αχλάδια και κυδώνια","Apples, pears and quinces"
03222321-9,03222320-2,7,Μήλα,Apples
03222322-6,03222320-2,7,Αχλάδια,Pears
03222323-3,03222320-2,7,Κυδώνια,Quinces
03222330-5,03222300-6,6,Εμπύρηνα φρούτα,Stone fruit
03222331-2,03222330-5,7,Βερίκοκα,Apricots
03222332-9,03222330-5,7,Ροδάκινα,Peaches
03222333-6,03222330-5,7,Κεράσια,Cherries
03222334-3,03222330-5,7,Δαμάσκηνα,Plums
03222340-8,03222300-6,6,Σταφύλια,Grapes
03222341-5,03222340-8,7,Επιτραπέζια σταφύλια,Table grapes
03222342-2,03222340-8,7,Κρασοστάφυλα,Wine grapes
03222400-7,03222000-3,5,Ελιές,Olives
03300000-2,03000000-1,2,"Προϊόντα κτηνοτροφίας, θήρας και αλιείας","Farming, hunting and fishing products"
03310000-5,03300000-2,3,"Ψάρια, οστρακοειδή και υδρόβια προϊόντα","Fish, crustaceans and aquatic products"
03311000-2,03310000-5,4,Ψάρια,Fish
03311100-3,03311000-2,5,Πλατύψαρα,Flat fish
03311110-6,03311100-3,6,Γλώσσα,Sole
03311120-9,03311100-3,6,Πησσί,Plaice
03311200-4,03311000-2,5,Ψάρια της οικογένειας του μπακαλιάρου,Fish of the cod family
03311210-7,03311200-4,6,Μπακαλιάρος,Cod
03311220-0,03311200-4,6,Βακαλάος μελανόχρωμος,Pollock
03311230-3,03311200-4,6,Σαυρίδι,Hake
03311240-6,03311200-4,6,Καλλαρίας,Haddock
03311300-5,03311000-2,5,Ρέγγα,Herring
03311400-6,03311000-2,5,Τόνος,Tuna
03311500-7,03311000-2,5,Γάδος,Whiting
03311600-8,03311000-2,5,Μαρίδα,Whitebait
03311700-9,03311000-2,5,Σολωμός,Salmon
03312000-9,03310000-5,4,Καρκινοειδή,Crustaceans
03312100-0,03312000-9,5,Στρείδια,Oysters
03312200-1,03312000-9,5,Οστρακοειδή,Shellfish
03312300-2,03312000-9,5,Υδρόβια ασπόνδυλα,Aquatic invertebrates
03313000-6,03310000-5,4,Υδρόβια προϊόντα,Aquatic products
03313100-7,03313000-6,5,Κοράλλια ή παρόμοια προϊόντα,Corals or similar products
03313200-8,03313000-6,5,Φυσικοί σπόγγοι,Natural sponges
03313300-9,03313000-6,5,Φύκια,Seaweeds
03313310-2,03313300-9,6,Άλγες,Algae
03320000-8,03300000-2,3,"Μεγάλα ζώα, ζωικό κεφάλαιο και μικρά ζώα","Cattle, livestock and small animals"
03321000-5,03320000-8,4,Μεγάλα ζώα,Cattle
03321100-6,03321000-5,5,Βοοειδή,Bovine cattle
03321200-7,03321000-5,5,Μοσχάρια,Calves
03322000-2,03320000-8,4,Ζωικό κεφάλαιο,Livestock
03322100-3,03322000-2,5,Πρόβατα,Sheep
03322200-4,03322000-2,5,Αίγες,Goats
03322300-5,03322000-2,5,Άλογα,Horses
03323000-9,03320000-8,4,Χοιροειδή,Pigs
03324000-6,03320000-8,4,Ζώντα πουλερικά,Live poultry
03325000-3,03320000-8,4,Μικρά ζώα,Small animals
03325100-4,03325000-3,5,Κουνέλια,Rabbits
03325200-5,03325000-3,5,Λαγοί,Hares
03330000-3,03300000-2,3,Προϊόντα ζώων εκτρεφόμενων σε αγροκτήματα,Farm animal products
03331000-0,03330000-3,4,Νωπό γάλα από αιγοπρόβατα,Fresh milk from sheep and goats
03331100-1,03331000-0,5,Πρόβειο γάλα,Sheep's milk
03331200-2,03331000-0,5,Κατσικίσιο γάλα,Goats' milk
03332000-7,03330000-3,4,Έριο και ζωικές τρίχες,Wool and animal hair
03332100-8,03332000-7,5,Κουρεμένο μαλλί,Shorn wool
03332200-9,03332000-7,5,Ζωικές τρίχες,Animal hair
03333000-4,03330000-3,4,Νωπό αγελαδινό γάλα,Fresh cows' milk
03340000-6,03300000-2,3,Ενώτια για το μαρκάρισμα ζώων,Animal ear tags
03341000-3,03340000-6,4,Ενώτια για το μαρκάρισμα βοοειδών,Bovine ear tags
03400000-4,03000000-1,2,Δασοκομικά και υλοτομικά προϊόντα,Forestry and logging products
03410000-7,03400000-4,3,Ξύλο,Wood
03411000-4,03410000-7,4,Ξυλεία από κωνοφόρα δέντρα,Coniferous wood
03412000-1,03410000-7,4,Ξυλεία από τροπικά δέντρα,Tropical wood
03413000-8,03410000-7,4,Καυσόξυλα,Fuel wood
03414000-5,03410000-7,4,Ακατέργαστη ξυλεία,Rough wood
03415000-2,03410000-7,4,Μαλακή ξυλεία,Softwood
03416000-9,03410000-7,4,Απορρίμματα ξύλου,Wood waste
03417000-6,03410000-7,4,Υπολείμματα ξύλου,Scrap wood
03417100-7,03417000-6,5,Πριονίδια,Sawdust
03418000-3,03410000-7,4,Ακατέργαστοι κορμοί,Logs
03418100-4,03418000-3,5,Σκληρή ξυλεία,Hardwood
03419000-0,03410000-7,4,Ξυλεία,Timber
03419100-1,03419000-0,5,Προϊόντα ξυλείας,Timber products
03419200-2,03419000-0,5,Ξυλεία ορυχείων,Mining timber
03420000-0,03400000-4,3,Κόμμεα,Gums
03421000-7,03420000-0,4,Βάλσαμα,Balsams
03422000-4,03420000-0,4,Λάκα,Lac
03430000-3,03400000-4,3,Φελλός,Cork
03431000-0,03430000-3,4,Φυσικός φελλός,Natural cork
03432000-7,03430000-3,4,Καλαθοποιία,Basketware
03432100-8,03432000-7,5,Σπαρτοπλεκτική,Wickerwork
03440000-6,03400000-4,3,Δασοκομικά προϊόντα,Forestry products
03441000-3,03440000-6,4,"Διακοσμητικά φυτά, χορτάρια, βρύα και λειχήνες","Ornamental plants, grasses, mosses or lichens"
03450000-9,03400000-4,3,Προϊόντα φυτωρίων δέντρων,Tree-nursery products
03451000-6,03450000-9,4,Φυτά,Plants
03451100-7,03451000-6,5,Φυτά για φύτευση σε παρτέρια,Bedding plants
03451200-8,03451000-6,5,Βολβοί λουλουδιών,Flower bulbs
03451300-9,03451000-6,5,Θάμνοι,Shrubs
03452000-3,03450000-9,4,Δένδρα,Trees
03460000-2,03400000-4,3,Πολτός,Pulp
03461000-9,03460000-2,4,Ξυλοπολτός,Wood pulp
03461100-0,03461000-9,5,Χημικός ξυλοπολτός,Chemical wood pulp
09000000-3,,1,"Πετρελαϊκά προϊόντα, καύσιμα, ηλεκτρική και άλλες πηγές ενέργειας","Petroleum products, fuel, electricity and other sources of energy"
09100000-0,09000000-3,2,Καύσιμα,Fuels
09110000-3,09100000-0,3,Στερεά καύσιμα,Solid fuels
09111000-0,09110000-3,4,Άνθρακας και καύσιμα με βάση τον άνθρακα,Coal and coal-based fuels
09111100-1,09111000-0,5,Γαιάνθρακας,Coal
09111200-2,09111000-0,5,Καύσιμα με βάση τον άνθρακα,Coal-based fuels
09111210-5,09111200-2,6,Λιθάνθρακας,Hard coal
09111220-8,09111200-2,6,Μπρικέτες,Briquettes
09111300-3,09111000-0,5,Φυσικά καύσιμα,Fossil fuels
09111400-4,09111000-0,5,Καύσιμα με βάση το ξύλο,Wood fuels
09112000-7,09110000-3,4,Λιγνίτης και τύρφη,Lignite and peat
09112100-8,09112000-7,5,Λιγνίτης,Lignite
09112200-9,09112000-7,5,Τύρφη,Peat
09113000-4,09110000-3,4,Οπτάνθρακας,Coke
09120000-6,09100000-0,3,Αέρια καύσιμα,Gaseous fuels
09121000-3,09120000-6,4,"Φωταέριο, αέριο μέσω αγωγών ή παρόμοια αέρια","Coal gas, mains gas or similar gases"
09121100-4,09121000-3,5,Φωταέριο ή παρόμοια αέρια,Coal gas or similar gases
09121200-5,09121000-3,5,Αέριο μέσω αγωγών,Mains gas
09122000-0,09120000-6,4,Προπάνιο και βουτάνιο,Propane and butane
09122100-1,09122000-0,5,Αέριο προπάνιο,Propane gas
09122110-4,09122100-1,6,Υγροποιημένο προπάνιο,Liquefied propane gas
09122200-2,09122000-0,5,Αέριο βουτάνιο,Butane gas
09122210-5,09122200-2,6,Υγροποιημένο βουτάνιο,Liquefied butane gas
09123000-7,09120000-6,4,Φυσικό αέριο,Natural gas
09130000-9,09100000-0,3,Πετρέλαιο και αποστάγματα,Petroleum and distillates
09131000-6,09130000-9,4,Κηροζίνη αεροσκαφών,Aviation kerosene
09131100-7,09131000-6,5,Καύσιμα αεριωθουμένων τύπου κηροζίνης,Kerosene jet type fuels
09132000-3,09130000-9,4,Βενζίνη,Petrol
09132100-4,09132000-3,5,Αμόλυβδη βενζίνη,Unleaded petrol
09132200-5,09132000-3,5,Μολυβδούχος βενζίνη,Leaded petrol
09132300-6,09132000-3,5,Μείγμα βενζίνης με αιθανόλη,Petrol with ethanol
09133000-0,09130000-9,4,Υγροποιημένο αέριο πετρελαίου (υγραέριο),Liquefied Petroleum Gas (LPG)
09134000-7,09130000-9,4,Ακάθαρτο πετρέλαιο,Gas oils
09134100-8,09134000-7,5,Πετρέλαιο ντίζελ,Diesel oil
09134200-9,09134000-7,5,Καύσιμο πετρελαιοκινητήρων ντίζελ,Diesel fuel
09134210-2,09134200-9,6,"Καύσιμα ντίζελ (0,2)","Diesel fuel (0,2)"
09134220-5,09134200-9,6,Καύσιμα ντίζελ (EN 590),Diesel fuel (EN 590)
09134230-8,09134200-9,6,Βιοντίζελ,Biodiesel
09134231-5,09134230-8,7,Βιοντίζελ (B20),Biodiesel (B20)
09134232-2,09134230-8,7,Βιοντίζελ (B100),Biodiesel (B100)
09135000-4,09130000-9,4,Πετρέλαιο εξωτερικής καύσης,Fuel oils
09135100-5,09135000-4,5,Πετρέλαιο θέρμανσης,Heating oil
09135110-8,09135100-5,6,Καύσιμα έλαια μικρής περιεκτικότητας σε θείο,Low-sulphur combustible oils
09200000-1,09000000-3,2,"Πετρέλαιο, άνθρακας και πετρελαιοειδή","Petroleum, coal and oil products"
09210000-4,09200000-1,3,Λιπαντικά παρασκευάσματα,Lubricating preparations
09211000-1,09210000-4,4,Λιπαντικά έλαια και λιπαντικά μέσα,Lubricating oils and lubricating agents
09211100-2,09211000-1,5,Έλαια κινητήρων,Motor oils
09211200-3,09211000-1,5,Λιπαντικά συμπιεστών,Compressor lube oils
09211300-4,09211000-1,5,Λιπαντικά στροβίλων,Turbine lube oils
09211400-5,09211000-1,5,Λιπαντικά κιβωτίων οδοντωτών τροχών,Gear oils
09211500-6,09211000-1,5,Λιπαντικά συστημάτων υποπολλαπλασιασμού,Reductor oils
09211600-7,09211000-1,5,Λιπαντικά υδραυλικών συστημάτων και άλλων χρήσεων,Oils for use in hydraulic systems and other purposes
09211610-0,09211600-7,6,Υγρά υδραυλικών συστημάτων,Liquids for hydraulic purposes
09211620-3,09211600-7,6,Λιπαντικά αφαίρεσης καλουπιών,Mould release oils
09211630-6,09211600-7,6,Αντιδιαβρωτικά έλαια,Anti-corrosion oils
09211640-9,09211600-7,6,Ηλεκτρομονωτικά έλαια,Electrical insulating oils
09211650-2,09211600-7,6,Υγρά φρένων,Brake fluids
09211700-8,09211000-1,5,Λευκά έλαια και παραφινέλαια,White oils and liquid paraffin
09211710-1,09211700-8,6,Λευκά έλαια,White oils
09211720-4,09211700-8,6,Παραφινέλαια,Liquid paraffin
09211800-9,09211000-1,5,Πετρελαϊκά έλαια και παρασκευάσματα,Petroleum oils and preparations
09211810-2,09211800-9,6,Ελαφρά έλαια,Light oils
09211820-5,09211800-9,6,Ορυκτέλαια,Petroleum oils
09211900-0,09211000-1,5,Λιπαντικά έλαια συστημάτων έλξης,Lubricating traction oils
09220000-7,09200000-1,3,"Βαζελίνη, κεριά και ειδικά αποστάγματα","Petroleum jelly, waxes and special spirits"
09221000-4,09220000-7,4,Βαζελίνη και κηροί πετρελαίου,Petroleum jelly and waxes
09221100-5,09221000-4,5,Βαζελίνη,Petroleum jelly
09221200-6,09221000-4,5,Κηρός παραφίνης,Paraffin wax
09221300-7,09221000-4,5,Κηρός πετρελαίου,Petroleum wax
09221400-8,09221000-4,5,Κατάλοιπα πετρελαίου,Petroleum residues
09222000-1,09220000-7,4,Ειδικά αποστάγματα,Special spirits
09222100-2,09222000-1,5,Πετρελαϊκός αιθέρας (White spirit),White spirit
09230000-0,09200000-1,3,Πετρέλαιο (αργό),Petroleum (crude)
09240000-3,09200000-1,3,Πετρελαϊκά προϊόντα και προϊόντα άνθρακα,Oil and coal-related products
09241000-0,09240000-3,4,Ασφαλτούχο ή σχιστολιθικό ορυκτέλαιο,Bituminous or oil shale
09242000-7,09240000-3,4,Προϊόντα με βάση τον άνθρακα,Coal-related products
09242100-8,09242000-7,5,Πετρέλαιο από απόσταξη πισσανθράκων,Coal oil
09300000-2,09000000-3,2,"Ηλεκτρική, θερμαντική, ηλιακή και πυρηνική ενέργεια","Electricity, heating, solar and nuclear energy"
09310000-5,09300000-2,3,Ηλεκτρισμός,Electricity
09320000-8,09300000-2,3,"Ατμός, θερμό νερό και συναφή προϊόντα","Steam, hot water and associated products"
09321000-5,09320000-8,4,Θερμό νερό,Hot water
09322000-2,09320000-8,4,Ατμός,Steam
09323000-9,09320000-8,4,Κεντρική αστική θέρμανση,District heating
09324000-6,09320000-8,4,Τηλεθέρμανση,Long-distance heating
09330000-1,09300000-2,3,Ηλιακή ενέργεια,Solar energy
09331000-8,09330000-1,4,Ηλιακά κάτοπτρα,Solar panels
09331100-9,09331000-8,5,Ηλιακοί συλλέκττες για την παραγωγή θερμότητας,Solar collectors for heat production
09331200-0,09331000-8,5,Ηλιακά φωτοβολταϊκά στοιχεία,Solar photovoltaic modules
09332000-5,09330000-1,4,Ηλιακές εγκαταστάσεις,Solar installation
09340000-4,09300000-2,3,Πυρηνικά καύσιμα,Nuclear fuels
09341000-1,09340000-4,4,Ουράνιο,Uranium
09342000-8,09340000-4,4,Πλουτώνιο,Plutonium
09343000-5,09340000-4,4,Ραδιενεργά υλικά,Radioactive materials
09344000-2,09340000-4,4,Ραδιοϊσότοπα,Radio-isotopes
14000000-1,,1,"Εξορυκτικά προϊόντα, βασικά μέταλλα και συναφή προϊόντα","Mining, basic metals and related products"
14200000-3,14000000-1,2,Άμμος και άργιλος,Sand and clay
14210000-6,14200000-3,3,"Αμμοχάλικο, άμμος, λιθοτρίμματα και αδρανή υλικά","Gravel, sand, crushed stone and aggregates"
14211000-3,14210000-6,4,Άμμος,Sand
14211100-4,14211000-3,5,Φυσική άμμος,Natural sand
14212000-0,14210000-6,4,"Άμμος, λιθόκοκκοι, χαλίκι, λιθοτρίμματα και λιθόσκονη, κροκάλες, αμμοχάλικο, τεμαχισμένοι ή θρυμματισμένοι λίθοι, μείγματα αμμοχάλικου και άλλα αδρανή υλικά","Granules, chippings, stone powder, pebbles, gravel, broken and crushed stone, stone mixtures, sand-gravel mixtures and other aggregates"
14212100-1,14212000-0,5,Κροκάλες και αμμοχάλικο,Pebbles and gravel
14212110-4,14212100-1,6,Αμμοχάλικο,Pebbles
14212120-7,14212100-1,6,Κροκάλες,Gravel
14212200-2,14212000-0,5,Αδρανή υλικά,Aggregates
14212210-5,14212200-2,6,Μείγμα αμμοχάλικου,Sand-gravel mix
14212300-3,14212000-0,5,Τεμαχισμένοι και θρυμματισμένοι λίθοι,Broken and crushed stone
14212310-6,14212300-3,6,Έρμα,Ballast
14212320-9,14212300-3,6,Θρυμματισμένος γρανίτης,Crushed granite
14212330-2,14212300-3,6,Θρυμματισμένος βασάλτης,Crushed basalt
14212400-4,14212000-0,5,Χώμα,Soil
14212410-7,14212400-4,6,Χώμα επιφανείας,Topsoil
14212420-0,14212400-4,6,Υπέδαφος,Subsoil
14212430-3,14212400-4,6,Θρυμματισμένοι λίθοι,Stone chippings
14213000-7,14210000-6,4,"Σκυρόστρωμα, πισσοσκυρόστρωμα και αμμώδης ασφαλτική επίστρωση","Macadam, tarmac and tar sands"
14213100-8,14213000-7,5,Σκυρόστρωμα,Macadam
14213200-9,14213000-7,5,Πισσοσκυρόστρωμα,Tarmac
14213300-0,14213000-7,5,Άμμος εμποτισμένη με πίσσα,Tar sands
14220000-9,14200000-3,3,Άργιλος και καολίνη,Clay and kaolin
14221000-6,14220000-9,4,Άργιλος,Clay
14222000-3,14220000-9,4,Καολίνη,Kaolin
14300000-4,14000000-1,2,Χημικά και ορυκτά λιπάσματα,Chemical and fertiliser minerals
14310000-7,14300000-4,3,Ορυκτά λιπάσματα,Fertiliser minerals
14311000-4,14310000-7,4,"Φυσικό ασβέστιο, φωσφορικό αργίλιο-ασβέστιο και άλλα φυσικά ακατέργαστα άλατα καλίου","Natural calcium, aluminium calcium phosphate and crude natural potassium salts"
14311100-5,14311000-4,5,Φυσικό ασβέστιο,Natural calcium
14311200-6,14311000-4,5,Φωσφορικά άλατα αργιλίου-ασβεστίου,Aluminium calcium phosphates
14311300-7,14311000-4,5,Φυσικά ακατέργαστα άλατα του καλίου,Crude natural potassium salts
14312000-1,14310000-7,4,Σιδηροπυρίτες,Iron pyrites
14312100-2,14312000-1,5,Άφρυκτοι σιδηροπυρίτες,Unroasted iron pyrites
14320000-0,14300000-4,3,Χημικά ορυκτά,Chemical minerals
14400000-5,14000000-1,2,Αλάτι και καθαρό χλωριούχο νάτριο,Salt and pure sodium chloride
14410000-8,14400000-5,3,Ορυκτό αλάτι,Rock salt
14420000-1,14400000-5,3,Θαλασσινό αλάτι,Sea salt
14430000-4,14400000-5,3,Αλάτι προερχόμενο από εξάτμιση και καθαρό χλωριούχο νάτριο,Evaporated salt and pure sodium chloride
14450000-0,14400000-5,3,Άλμη,Salt in brine
14500000-6,14000000-1,2,Προϊόντα ορυχείων και λατομείων,Related mining and quarrying products
14520000-2,14500000-6,3,Πολύτιμοι και ημιπολύτιμοι λίθοι· κισηρόλιθοι· σμύριδα· φυσικά λειαντικά· άλλα ορυκτά και πολύτιμα μέταλλα,"Precious and semi-precious stones, pumice stone, emery, natural abrasives, other minerals and precious metals"
14521000-9,14520000-2,4,Πολύτιμοι και ημιπολύτιμοι λίθοι,Precious and semi-precious stones
14521100-0,14521000-9,5,Πολύτιμοι λίθοι,Precious stones
14521140-2,14521100-0,6,Κονιοποιημένοι πολύτιμοι λίθοι,Dust or powder of precious stones
14521200-1,14521000-9,5,Ημιπολύτιμοι λίθοι,Semi-precious stones
14521210-4,14521200-1,6,Κονιοποιημένοι ημιπολύτιμοι λίθοι,Dust or powder of semi-precious stones
14522000-6,14520000-2,4,Βιομηχανικά διαμάντια· κισηρόλιθοι· σμύριδα· άλλα φυσικά λειαντικά,"Industrial diamonds, pumice stone, emery and other natural abrasives"
14522100-7,14522000-6,5,Κισηρόλιθος,Pumice stone
14522200-8,14522000-6,5,Βιομηχανικά διαμάντια,Industrial diamonds
14522300-9,14522000-6,5,Σμύριδα,Emery
14522400-0,14522000-6,5,Φυσικά λειαντικά,Natural abrasives
14523000-3,14520000-2,4,"Ορυκτά, πολύτιμα μέταλλα και συναφή προϊόντα","Related minerals, precious metals and associated products"
14523100-4,14523000-3,5,Ορυκτά,Minerals
14523200-5,14523000-3,5,Χρυσός,Gold
14523300-6,14523000-3,5,Άργυρος,Silver
14523400-7,14523000-3,5,Λευκόχρυσος,Platinum
14600000-7,14000000-1,2,Μεταλλεύματα και μέταλλα,Metal ores and alloys
14610000-0,14600000-7,3,Μεταλλεύματα,Metal ores
14611000-7,14610000-0,4,Σιδηρομεταλλεύματα,Iron ores
14612000-4,14610000-0,4,Μη σιδηρούχα μεταλλεύματα,Non-ferrous metal ores
14612100-5,14612000-4,5,Μεταλλεύματα χαλκού,Copper ores
14612200-6,14612000-4,5,Μεταλλεύματα νικελίου,Nickel ores
14612300-7,14612000-4,5,Μεταλλεύματα αλουμινίου,Aluminium ores
14612400-8,14612000-4,5,Πολύτιμα μέταλλα,Precious-metal ores
14612500-9,14612000-4,5,Μεταλλεύματα μολύβδου,Lead ores
14612600-0,14612000-4,5,Μεταλλεύματα ψευδαργύρου,Zinc ores
14612700-1,14612000-4,5,Μεταλλεύματα λευκοσιδήρου,Tin ores
14613000-1,14610000-0,4,Μεταλλεύματα ουρανίου και θορίου,Uranium and thorium ores
14613100-2,14613000-1,5,Μεταλλεύματα ουρανίου,Uranium ores
14613200-3,14613000-1,5,Μεταλλεύματα θορίου,Thorium ores
14614000-8,14610000-0,4,Διάφορα μεταλλεύματα,Miscellaneous ores
14620000-3,14600000-7,3,Κράματα,Alloys
14621000-0,14620000-3,4,Κράματα σιδήρου,Ferro-alloys
14621100-1,14621000-0,5,Κράματα σιδήρου εκτός των κραμάτων της ΕΚΑΧ,Non-ECSC ferro-alloys
14621110-4,14621100-1,6,Σιδηρομαγγάνιο,Ferro-manganese
14621120-7,14621100-1,6,Σιδηροχρώμιο,Ferro-chromium
14621130-0,14621100-1,6,Σιδηρονικέλιο,Ferro-nickel
14622000-7,14620000-3,4,Χάλυβας,Steel
14630000-6,14600000-7,3,"Σκωρίες, σκωρίες υψικαμίνου, σιδηρούχα απορρίμματα και υπολείμματα","Slag, dross, ferrous waste and scrap"
14700000-8,14000000-1,2,Βασικά μέταλλα,Basic metals
14710000-1,14700000-8,3,"Σίδηρος, μόλυβδος, ψευδάργυρος, κασσίτερος και χαλκός","Iron, lead, zinc, tin and copper"
14711000-8,14710000-1,4,Σίδηρος,Iron
14711100-9,14711000-8,5,Ακατέργαστος χυτοσίδηρος,Pig iron
14712000-5,14710000-1,4,Μόλυβδος,Lead
14713000-2,14710000-1,4,Ψευδάργυρος,Zinc
14714000-9,14710000-1,4,Κασσίτερος,Tin
14715000-6,14710000-1,4,Χαλκός,Copper
14720000-4,14700000-8,3,"Αλουμίνιο, νικέλιο, σκάνδιο, τιτάνιο και βανάδιο","Aluminium, nickel, scandium, titanium and vanadium"
14721000-1,14720000-4,4,Αλουμίνιο,Aluminium
14721100-2,14721000-1,5,Οξείδιο του αργιλίου,Aluminium oxide
14722000-8,14720000-4,4,Νικέλιο,Nickel
14723000-5,14720000-4,4,Σκάνδιο,Scandium
14724000-2,14720000-4,4,Τιτάνιο,Titanium
14725000-9,14720000-4,4,Βανάδιο,Vanadium
14730000-7,14700000-8,3,"Χρώμιο, μαγγάνιο, κοβάλτιο, ύττριο και ζιρκόνιο","Chromium, manganese, cobalt, yttrium and zirconium"
14731000-4,14730000-7,4,Χρώμιο,Chromium
14732000-1,14730000-7,4,Μαγγάνιο,Manganese
14733000-8,14730000-7,4,Κοβάλτιο,Cobalt
14734000-5,14730000-7,4,Ύττριο,Yttrium
14735000-2,14730000-7,4,Ζιρκόνιο,Zirconium
14740000-0,14700000-8,3,"Μολυβδαίνιο, τεχνήτιο, ρουθήνιο και ρόδιο","Molybdenum, technetium, ruthenium and rhodium"
14741000-7,14740000-0,4,Μολυβδαίνιο,Molybdenum
14742000-4,14740000-0,4,Τεχνήτιο,Technetium
14743000-1,14740000-0,4,Ρουθήνιο,Ruthenium
14744000-8,14740000-0,4,Ρόδιο,Rhodium
14750000-3,14700000-8,3,"Κάδμιο, λουτήτιο, άφνιο, ταντάλιο και βολφράμιο","Cadmium, lutetium, hafnium, tantalum and tungsten"
14751000-0,14750000-3,4,Κάδμιο,Cadmium
14752000-7,14750000-3,4,Λουτήτιο,Lutetium
14753000-4,14750000-3,4,Άφνιο,Hafnium
14754000-1,14750000-3,4,Ταντάλιο,Tantalum
14755000-8,14750000-3,4,Βολφράμιο,Tungsten
14760000-6,14700000-8,3,"Ιρίδιο, γάλλιο, ίνδιο, θάλλιο και βάριο","Iridium, gallium, indium, thallium and barium"
14761000-3,14760000-6,4,Ιρίδιο,Iridium
14762000-0,14760000-6,4,Γάλλιο,Gallium
14763000-7,14760000-6,4,Ίνδιο,Indium
14764000-4,14760000-6,4,Θάλλιο,Thallium
14765000-1,14760000-6,4,Βάριο,Barium
14770000-9,14700000-8,3,"Καίσιο, στρόντιο, ρουβήδιο και ασβέστιο","Caesium, strontium, rubidium and calcium"
14771000-6,14770000-9,4,Καίσιο,Caesium
14772000-3,14770000-9,4,Στρόντιο,Strontium
14773000-0,14770000-9,4,Ρουβίδιο,Rubidium
14774000-7,14770000-9,4,Ασβέστιο,Calcium
14780000-2,14700000-8,3,"Κάλιο, μαγνήσιο, νάτριο και λίθιο","Potassium, magnesium, sodium and lithium"
14781000-9,14780000-2,4,Κάλιο,Potassium
14782000-6,14780000-2,4,Μαγνήσιο,Magnesium
14783000-3,14780000-2,4,Νάτριο,Sodium
14784000-0,14780000-2,4,Λίθιο,Lithium
14790000-5,14700000-8,3,"Νιόβιο, όσμιο, ρήνιο και παλλάδιο","Niobium, osmium, rhenium and palladium"
14791000-2,14790000-5,4,Νιόβιο,Niobium
14792000-9,14790000-5,4,Όσμιο,Osmium
14793000-6,14790000-5,4,Ρήνιο,Rhenium
14794000-3,14790000-5,4,Παλλάδιο,Palladium
14800000-9,14000000-1,2,Διάφορα μη μεταλλικά ορυκτά προϊόντα,Miscellaneous non-metallic mineral products
14810000-2,14800000-9,3,Λειαντικά προϊόντα,Abrasive products
14811000-9,14810000-2,4,"Μυλόπετρες, ακονόπετρες και ακονιστικοί τροχοί","Millstones, grindstones and grinding wheels"
14811100-0,14811000-9,5,Μυλόπετρες,Millstones
14811200-1,14811000-9,5,Ακονόπετρες,Grindstones
14811300-2,14811000-9,5,Ακονιστικοί τροχοί,Grinding wheels
14812000-6,14810000-2,4,Λειαντικές σκόνες ή κόκκοι,Abrasive powder or grain
14813000-3,14810000-2,4,Τεχνητό κορούνδιο,Artificial corundum
14814000-0,14810000-2,4,Τεχνητός γραφίτης,Artificial graphite
14820000-5,14800000-9,3,Γυαλί,Glass
14830000-8,14800000-9,3,Ίνες υάλου,Fibreglass
14900000-0,14000000-1,2,Ανακτηθείσες δευτερογενείς πρώτες ύλες,Recovered secondary raw materials
14910000-3,14900000-0,3,Ανακτηθείσες δευτερογενείς πρώτες ύλες μεταλλικής μορφής,Recovered secondary metal raw materials
14920000-6,14900000-0,3,Ανακτηθείσες δευτερογενείς μη μεταλλικές πρώτες ύλες,Recovered secondary non-metal raw materials
14930000-9,14900000-0,3,Τέφρα και υπολείμματα που περιέχουν μέταλλα,Ash and residues containing metals
15000000-8,,1,"Τρόφιμα, ποτά, καπνός και συναφή προϊόντα","Food, beverages, tobacco and related products"
15100000-9,15000000-8,2,"Ζωικά προϊόντα, κρέας και προϊόντα κρέατος","Animal products, meat and meat products"
15110000-2,15100000-9,3,Κρέας,Meat
15111000-9,15110000-2,4,Βόειο κρέας,Bovine meat
15111100-0,15111000-9,5,Βοδινό κρέας,Beef
15111200-1,15111000-9,5,Μοσχαρίσιο κρέας,Veal
15112000-6,15110000-2,4,Πουλερικά,Poultry
15112100-7,15112000-6,5,Νωπά πουλερικά,Fresh poultry
15112110-0,15112100-7,6,Χήνες,Geese
15112120-3,15112100-7,6,Γαλοπούλες,Turkeys
15112130-6,15112100-7,6,Κοτόπουλα,Chickens
15112140-9,15112100-7,6,Πάπιες,Ducks
15112300-9,15112000-6,5,Εντόσθια πουλερικών,Poultry livers
15112310-2,15112300-9,6,Φουά γκρα,Foie gras
15113000-3,15110000-2,4,Χοιρινό κρέας,Pork
15114000-0,15110000-2,4,Εντόσθια,Offal
15115000-7,15110000-2,4,Αρνίσιο και πρόβειο κρέας,Lamb and mutton
15115100-8,15115000-7,5,Αρνίσιο κρέας,Lamb
15115200-9,15115000-7,5,Πρόβειο κρέας,Mutton
15117000-1,15110000-2,4,Κρέας αιγοειδών,Goat meat
15118000-8,15110000-2,4,"Κρέατα αλόγων, γαϊδουριών, μουλαριών ή ημιόνων","Horse, ass, mule or hinny meat"
15118100-9,15118000-8,5,Κρέας αλόγου,Horsemeat
15118900-7,15118000-8,5,"Κρέας γαϊδουριών, μουλαριών ή ημιόνων","Ass, mule or hinny meat"
15119000-5,15110000-2,4,Διάφορα κρέατα,Various meats
15119100-6,15119000-5,5,Κρέας κουνελιού,Rabbit meat
15119200-7,15119000-5,5,Κρέας λαγού,Hare meat
15119300-8,15119000-5,5,Θηράματα,Game
15119400-9,15119000-5,5,Βατραχοπόδαρα,Frogs' legs
15119500-0,15119000-5,5,Περιστέρια,Pigeons
15119600-1,15119000-5,5,Κρέας ψαριού,Fish meat
15130000-8,15100000-9,3,Προϊόντα κρέατος,Meat products
15131000-5,15130000-8,4,Διατηρημένα και παρασκευασμένα κρέατα,Meat preserves and preparations
15131100-6,15131000-5,5,Προϊόντα από κρέας για λουκάνικα,Sausage-meat products
15131110-9,15131100-6,6,Κρέας για λουκάνικα,Sausage meat
15131120-2,15131100-6,6,Προϊόντα από λουκάνικα,Sausage products
15131130-5,15131100-6,6,Λουκάνικα,Sausages
15131134-3,15131130-5,7,Λουκάνικα αίματος και άλλα λουκάνικα από αίμα,Black pudding and other blood sausages
15131135-0,15131130-5,7,Λουκάνικα από πουλερικά,Poultry sausages
15131200-7,15131000-5,5,"Αποξηραμένα, αλατισμένα, καπνιστά και καρυκευμένα κρέατα","Dried, salted, smoked or seasoned meat"
15131210-0,15131200-7,6,Παστό χοιρομέρι,Gammon
15131220-3,15131200-7,6,Μπέικον,Bacon
15131230-6,15131200-7,6,Σαλάμι,Salami
15131300-8,15131000-5,5,Παρασκευάσματα από συκώτι,Liver preparations
15131310-1,15131300-8,6,Πατέ,Pâté
15131320-4,15131300-8,6,Παρασκευάσματα από συκώτι χήνας ή πάπιας,Preparations of goose or duck liver
15131400-9,15131000-5,5,Προϊόντα από χοιρινό κρέας,Pork products
15131410-2,15131400-9,6,Χοιρομέρι,Ham
15131420-5,15131400-9,6,Κεφτέδες από κρέας,Meatballs
15131490-6,15131400-9,6,Έτοιμα φαγητά από χοιρινό κρέας,Prepared pork dishes
15131500-0,15131000-5,5,Παρασκευάσματα από κρέας πουλερικών,Poultry products
15131600-1,15131000-5,5,Παρασκευάσματα από βοδινό και μοσχαρίσιο κρέας,Beef and veal products
15131610-4,15131600-1,6,Κεφτέδες από βοδινό κρέας,Beef meatballs
15131620-7,15131600-1,6,Κιμάς από βοδινό κρέας,Minced beef
15131640-3,15131600-1,6,Μπιφτέκια από βοδινό,Beefburgers
15131700-2,15131000-5,5,Παρασκευάσματα από κρέας,Meat preparations
15200000-0,15000000-8,2,Παρασκευασμένα και διατηρημένα ψάρια,Prepared and preserved fish
15210000-3,15200000-0,3,"Φιλέτα ψαριών, συκώτια ψαριών και αυγοτάραχο","Fish fillets, fish livers and roe"
15211000-0,15210000-3,4,Φιλέτα ψαριών,Fish fillets
15211100-1,15211000-0,5,Νωπά φιλέτα ψαριών,Fresh fish fillets
15212000-7,15210000-3,4,Αυγοτάραχο,Fish roe
15213000-4,15210000-3,4,Συκώτια ψαριών,Fish livers
15220000-6,15200000-0,3,"Κατεψυγμένα ψάρια, φιλέτα ψαριών και άλλα κρέατα ψαριών","Frozen fish, fish fillets and other fish meat"
15221000-3,15220000-6,4,Κατεψυγμένα ψάρια,Frozen fish
15229000-9,15220000-6,4,Κατεψυγμένα προϊόντα ψαριού,Frozen fish products
15230000-9,15200000-0,3,Αποξηραμένα ή παστά ψάρια· ψάρια σε άλμη· καπνιστά ψάρια,Dried or salted fish; fish in brine; smoked fish
15231000-6,15230000-9,4,Αποξηραμένα ψάρια,Dried fish
15232000-3,15230000-9,4,Παστά ψάρια,Salted fish
15233000-0,15230000-9,4,Ψάρια σε άλμη,Fish in brine
15234000-7,15230000-9,4,Καπνιστό ψάρι,Smoked fish
15235000-4,15230000-9,4,Διατηρημένα ψάρια,Preserved fish
15240000-2,15200000-0,3,Κονσερβοποιημένα ψάρια και άλλα παρασκευασμένα ή διατηρημένα ψάρια,Canned or tinned fish and other prepared or preserved fish
15241000-9,15240000-2,4,Κονσερβοποιημένα και παρασκευασμένα ψάρια,"Coated, canned or tinned fish"
15241100-0,15241000-9,5,Κονσερβοποιημένος σολομός,Canned salmon
15241200-1,15241000-9,5,Παρασκευασμένες ή διατηρημένες ρέγγες,Prepared or preserved herring
15241300-2,15241000-9,5,Σαρδέλες,Sardines
15241400-3,15241000-9,5,Κονσερβοποιημένος τόνος,Canned tuna
15241500-4,15241000-9,5,Σκουμπρί,Mackerel
15241600-5,15241000-9,5,Αντζούγες,Anchovies
15241700-6,15241000-9,5,Κροκέτες ψαριών,Fish fingers
15241800-7,15241000-9,5,Παναρισμένα τεμάχια ψαριού,Coated fish preparations
15242000-6,15240000-2,4,Έτοιμα φαγητά ψαριών,Prepared fish dishes
15243000-3,15240000-2,4,Παρασκευάσματα ψαριού,Preparations of fish
15244000-0,15240000-2,4,Χαβιάρι και αυγά ψαριού,Caviar and fish eggs
15244100-1,15244000-0,5,Χαβιάρι,Caviar
15244200-2,15244000-0,5,Αυγά ψαριού,Fish eggs
15250000-5,15200000-0,3,Θαλασσινά,Seafood
15251000-2,15250000-5,4,Κατεψυγμένα καρκινοειδή,Frozen crustaceans
15252000-9,15250000-5,4,Παρασκευασμένα ή διατηρημένα καρκινοειδή,Prepared or preserved crustaceans
15253000-6,15250000-5,4,Προϊόντα οστρακοειδών,Shellfish products
15300000-1,15000000-8,2,"Φρούτα, λαχανικά και συναφή προϊόντα","Fruit, vegetables and related products"
15310000-4,15300000-1,3,Πατάτες και προϊόντα πατάτας,Potatoes and potato products
15311000-1,15310000-4,4,Κατεψυγμένες πατάτες,Frozen potatoes
15311100-2,15311000-1,5,Κομμένες πατάτες για τηγάνισμα,Chips or french fries
15311200-3,15311000-1,5,"Πατάτες σε κύβους, φέτες και άλλα είδη κατεψυγμένης πατάτας","Diced, sliced and other frozen potatoes"
15312000-8,15310000-4,4,Προϊόντα πατάτας,Potato products
15312100-9,15312000-8,5,Στιγμιαίος πουρές πατάτας,Instant mashed potatoes
15312200-0,15312000-8,5,Προτηγανισμένες πατάτες για τηγάνισμα,Part-fried potato chips
15312300-1,15312000-8,5,Τσιπς πατάτας,Potato crisps
15312310-4,15312300-1,6,Αρωματισμένα τσιπς πατάτας,Flavoured potato crisps
15312400-2,15312000-8,5,Εδέσματα πατάτας,Potato snacks
15312500-3,15312000-8,5,Κροκέτες πατάτας,Potato croquettes
15313000-5,15310000-4,4,Επεξεργασμένες πατάτες,Processed potatoes
15320000-7,15300000-1,3,Χυμοί φρούτων και λαχανικών,Fruit and vegetable juices
15321000-4,15320000-7,4,Χυμοί φρούτων,Fruit juices
15321100-5,15321000-4,5,Χυμός πορτοκαλιού,Orange juice
15321200-6,15321000-4,5,Συμπυκνωμένος χυμός γκρέιπ φρουτ,Grapefruit juice
15321300-7,15321000-4,5,Χυμός λεμονιού,Lemon juice
15321400-8,15321000-4,5,Χυμός ανανά,Pineapple juice
15321500-9,15321000-4,5,Χυμός σταφυλιού,Grape juice
15321600-0,15321000-4,5,Χυμός μήλου,Apple juice
15321700-1,15321000-4,5,Μείγματα μη συμπυκνωμένων χυμών,Mixtures of unconcentrated juices
15321800-2,15321000-4,5,Συμπυκνωμένοι χυμοί,Concentrated juices
15322000-1,15320000-7,4,Χυμοί λαχανικών,Vegetable juices
15322100-2,15322000-1,5,Χυμός τομάτας,Tomato juice
15330000-0,15300000-1,3,Επεξεργασμένα φρούτα και λαχανικά,Processed fruit and vegetables
15331000-7,15330000-0,4,Επεξεργασμένα λαχανικά,Processed vegetables
15331100-8,15331000-7,5,Νωπά ή κατεψυγμένα λαχανικά,Fresh or frozen vegetables
15331110-1,15331100-8,6,Επεξεργασμένα βολβοειδή λαχανικά,Processed root vegetables
15331120-4,15331100-8,6,Επεξεργασμένα κονδυλώδη λαχανικά,Processed tuber vegetables
15331130-7,15331100-8,6,"Φασόλια, αρακάς, πιπεριές, τομάτες και άλλα λαχανικά","Beans, peas, peppers, tomatoes and other vegetables"
15331131-4,15331130-7,7,Επεξεργασμένα φασόλια,Processed beans
15331132-1,15331130-7,7,Επεξεργασμένος αρακάς,Processed peas
15331133-8,15331130-7,7,Αρακάς ανοιγμένος στα δύο,Split peas
15331134-5,15331130-7,7,Επεξεργασμένες τομάτες,Processed tomatoes
15331135-2,15331130-7,7,Επεξεργασμένα μανιτάρια,Processed mushrooms
15331136-9,15331130-7,7,Επεξεργασμένες πιπεριές,Processed peppers
15331137-6,15331130-7,7,Ανθός σόγιας,Soybean sprouts
15331138-3,15331130-7,7,Τρούφες,Truffles
15331140-0,15331100-8,6,Φυλλώδη και κραμβοειδή λαχανικά,Leaf and cabbage vegetables
15331142-4,15331140-0,7,Επεξεργασμένη κράμβη,Processed cabbage
15331150-3,15331100-8,6,Επεξεργασμένα όσπρια,Processed pulses
15331170-9,15331100-8,6,Κατεψυγμένα λαχανικά,Frozen vegetables
15331400-1,15331000-7,5,Διατηρημένα ή και κονσερβοποιημένα λαχανικά,Preserved and/or canned vegetables
15331410-4,15331400-1,6,Φασόλια σε σάλτσα τομάτας,Beans in tomato sauce
15331411-1,15331410-4,7,Μαγειρεμένα φασόλια,Baked beans
15331420-7,15331400-1,6,Διατηρημένες τομάτες,Preserved tomatoes
15331423-8,15331420-7,7,Τομάτες σε κονσέρβα,Canned tomatoes
15331425-2,15331420-7,7,Τοματοπολτός,Tomato purée
15331427-6,15331420-7,7,Τοματοπελτές,Concentrated tomato purée
15331428-3,15331420-7,7,Σάλτσα από τομάτα,Tomato sauce
15331430-0,15331400-1,6,Μανιτάρια σε κονσέρβα,Canned mushrooms
15331450-6,15331400-1,6,Επεξεργασμένες ελιές,Processed olives
15331460-9,15331400-1,6,Κονσερβοποιημένα λαχανικά,Canned vegetables
15331461-6,15331460-9,7,Λάχανο τουρσί σε κονσέρβα,Canned sauerkraut
15331462-3,15331460-9,7,Αρακάς σε κονσέρβα,Canned peas
15331463-0,15331460-9,7,Αποφλοιωμένα φασόλια σε κονσέρβα,Canned shelled beans
15331464-7,15331460-9,7,Ολόκληρα φασόλια σε κονσέρβα,Canned whole beans
15331465-4,15331460-9,7,Σπαράγγια σε κονσέρβα,Canned asparagus
15331466-1,15331460-9,7,Ελιές σε κονσέρβα,Canned olives
15331470-2,15331400-1,6,Γλυκό καλαμπόκι,Sweet corn
15331480-5,15331400-1,6,Λαχανικά προσωρινής διατήρησης,Provisionally preserved vegetables
15331500-2,15331000-7,5,Λαχανικά διατηρημένα σε ξίδι,Vegetables preserved in vinegar
15332000-4,15330000-0,4,Επεξεργασμένα φρούτα και καρποί,Processed fruit and nuts
15332100-5,15332000-4,5,Επεξεργασμένα φρούτα,Processed fruit
15332140-7,15332100-5,6,Επεξεργασμένα μήλα,Processed apples
15332150-0,15332100-5,6,Επεξεργασμένα αχλάδια,Processed pears
15332160-3,15332100-5,6,Επεξεργασμένες μπανάνες,Processed bananas
15332170-6,15332100-5,6,Ρήο,Rhubarb
15332180-9,15332100-5,6,Πεπόνια,Melons
15332200-6,15332000-4,5,Μαρμελάδες· ζελέδες φρούτων· πουρέδες και πολτοί φρούτων ή ξηρών καρπών,Jams and marmalades; fruit jellies; fruit or nut purée and pastes
15332230-5,15332200-6,6,Μαρμελάδες από εσπεριδοειδή,Marmalades
15332231-2,15332230-5,7,Μαρμελάδα πορτοκάλι,Orange marmalade
15332232-9,15332230-5,7,Μαρμελάδα λεμόνι,Lemon marmalade
15332240-8,15332200-6,6,Ζελέδες φρούτων,Fruit jellies
15332250-1,15332200-6,6,Πολτός φρούτων,Fruit pastes
15332260-4,15332200-6,6,Πολτός ξηρών καρπών,Nut pastes
15332261-1,15332260-4,7,Φυστικοβούτυρο,Peanut butter
15332270-7,15332200-6,6,Πουρέδες φρούτων,Fruit purées
15332290-3,15332200-6,6,Μαρμελάδες,Jams
15332291-0,15332290-3,7,Μαρμελάδα βερίκοκο,Apricot jam
15332292-7,15332290-3,7,Μαρμελάδα βατόμουρο,Blackberry jam
15332293-4,15332290-3,7,Μαρμελάδα μαύρο φραγκοστάφυλο,Blackcurrant jam
15332294-1,15332290-3,7,Μαρμελάδα κεράσι,Cherry jam
15332295-8,15332290-3,7,Μαρμελάδα σμέουρο,Raspberry jam
15332296-5,15332290-3,7,Μαρμελάδα φράουλα,Strawberry jam
15332300-7,15332000-4,5,Επεξεργασμένοι καρποί,Processed nuts
15332310-0,15332300-7,6,Καβουρδισμένοι ή αλατισμένοι ξηροί καρποί,Roasted or salted nuts
15332400-8,15332000-4,5,Διατηρημένα φρούτα,Preserved fruits
15332410-1,15332400-8,6,Αποξηραμένα φρούτα,Dried fruit
15332411-8,15332410-1,7,Επεξεργασμένα φραγκοστάφυλα,Processed currants
15332412-5,15332410-1,7,Επεξεργασμένα σταφύλια,Processed raisins
15332419-4,15332410-1,7,Σουλτανίνα,Sultanas
15333000-1,15330000-0,4,Φυτικά υποπροϊόντα,Vegetable by-products
15400000-2,15000000-8,2,Ζωικά ή φυτικά έλαια και λίπη,Animal or vegetable oils and fats
15410000-5,15400000-2,3,Ακατέργαστα ζωικά ή φυτικά έλαια και λίπη,Crude animal or vegetable oils and fats
15411000-2,15410000-5,4,Ζωικά ή φυτικά έλαια,Animal or vegetable oils
15411100-3,15411000-2,5,Φυτικά έλαια,Vegetable oils
15411110-6,15411100-3,6,Ελαιόλαδο,Olive oil
15411120-9,15411100-3,6,Σουσαμέλαιο,Sesame oil
15411130-2,15411100-3,6,Αραχιδέλαιο,Groundnut oil
15411140-5,15411100-3,6,Έλαιο από καρύδα,Coconut oil
15411200-4,15411000-2,5,Μαγειρικό λάδι,Cooking oil
15411210-7,15411200-4,6,Έλαιο για τηγάνισμα,Frying oil
15412000-9,15410000-5,4,Λίπη,Fats
15412100-0,15412000-9,5,Ζωικά λίπη,Animal fats
15412200-1,15412000-9,5,Φυτικά λίπη,Vegetable fats
15413000-6,15410000-5,4,Στερεά κατάλοιπα φυτικών λιπών ή ελαίων,Solid residues of vegetable fats or oils
15413100-7,15413000-6,5,Ελαιόπιτες,Oilcake
15420000-8,15400000-2,3,Εξευγενισμένα έλαια και λίπη,Refined oils and fats
15421000-5,15420000-8,4,Εξευγενισμένα έλαια,Refined oils
15422000-2,15420000-8,4,Εξευγενισμένα λίπη,Refined fats
15423000-9,15420000-8,4,Υδρογονωμένα ή εστεροποιημένα έλαια ή λίπη,Hydrogenated or esterified oils or fats
15424000-6,15420000-8,4,Φυτικοί κηροί,Vegetable waxes
15430000-1,15400000-2,3,Βρώσιμα λίπη,Edible fats
15431000-8,15430000-1,4,Μαργαρίνη και παρόμοια παρασκευάσματα,Margarine and similar preparations
15431100-9,15431000-8,5,Μαργαρίνη,Margarine
15431110-2,15431100-9,6,Ρευστή μαργαρίνη,Liquid margarine
15431200-0,15431000-8,5,Αλειφόμενα παρασκευάσματα μειωμένης ή χαμηλής περιεκτικότητας λιπαρών,Reduced or low-fat spreads
15500000-3,15000000-8,2,Γαλακτοκομικά προϊόντα,Dairy products
15510000-6,15500000-3,3,Γάλα και κρέμα γάλακτος,Milk and cream
15511000-3,15510000-6,4,Γάλα,Milk
15511100-4,15511000-3,5,Παστεριωμένο γάλα,Pasteurised milk
15511200-5,15511000-3,5,Αποστειρωμένο γάλα,Sterilised milk
15511210-8,15511200-5,6,Γάλα UHT,UHT milk
15511300-6,15511000-3,5,Αποβουτυρωμένο γάλα,Skimmed milk
15511400-7,15511000-3,5,Ημιαποβουτυρωμένο γάλα,Semi-skimmed milk
15511500-8,15511000-3,5,Πλήρες γάλα,Full-cream milk
15511600-9,15511000-3,5,Συμπυκνωμένο γάλα,Condensed milk
15511700-0,15511000-3,5,Σκόνη γάλακτος,Milk powder
15512000-0,15510000-6,4,Κρέμα γάλακτος,Cream
15512100-1,15512000-0,5,Απλή κρέμα,Single cream
15512200-2,15512000-0,5,Διπλή κρέμα,Double cream
15512300-3,15512000-0,5,Πηχτή κρέμα,Clotted cream
15512900-9,15512000-0,5,Κρέμα σαντιγύ,Whipping cream
15530000-2,15500000-3,3,Βούτυρο,Butter
15540000-5,15500000-3,3,Τυροκομικά προϊόντα,Cheese products
15541000-2,15540000-5,4,Επιτραπέζιο τυρί,Table cheese
15542000-9,15540000-5,4,Φρέσκο τυρί,Fresh cheese
15542100-0,15542000-9,5,Άσπρο άπαχο τυρί τύπου κότατζ,Cottage cheese
15542200-1,15542000-9,5,Μαλακό τυρί,Soft cheese
15542300-2,15542000-9,5,Τυρί φέτα,Feta cheese
15543000-6,15540000-5,4,"Τριμμένο τυρί, τυρί σε σκόνη, τυρί τύπου ροκφόρ και άλλα τυριά","Grated, powdered, blue-veined and other cheese"
15543100-7,15543000-6,5,Τυρί τύπου ροκφόρ,Blue cheese
15543200-8,15543000-6,5,Τυρί τσένταρ,Cheddar cheese
15543300-9,15543000-6,5,Τριμμένο τυρί,Grated cheese
15543400-0,15543000-6,5,Παρμεζάνα,Parmesan cheese
15544000-3,15540000-5,4,Σκληρό τυρί,Hard cheese
15545000-0,15540000-5,4,Τυριά για επάλειψη,Cheese spreads
15550000-8,15500000-3,3,Ανάμεικτα γαλακτοκομικά προϊόντα,Assorted dairy products
15551000-5,15550000-8,4,Γιαούρτι και άλλα γαλακτοκομικά προϊόντα που έχουν υποστεί ζύμωση,Yoghurt and other fermented milk products
15551300-8,15551000-5,5,Γιαούρτι,Yoghurt
15551310-1,15551300-8,6,Γιαούρτι χωρίς άρωμα,Unflavoured yoghurt
15551320-4,15551300-8,6,Γιαούρτι με άρωμα,Flavoured yoghurt
15551500-0,15551000-5,5,Βουτυρόγαλα,Buttermilk
15552000-2,15550000-8,4,Καζεΐνη,Casein
15553000-9,15550000-8,4,Λακτόζη και σιρόπι λακτόζης,Lactose or lactose syrup
15554000-6,15550000-8,4,Τυρόγαλα,Whey
15555000-3,15550000-8,4,Παγωτό και συναφή προϊόντα,Ice cream and similar products
15555100-4,15555000-3,5,Παγωτό,Ice cream
15555200-5,15555000-3,5,Γρανίτα,Sorbet
15600000-4,15000000-8,2,"Προϊόντα αλεσμένων δημητριακών, άμυλα και αμυλώδη προϊόντα","Grain mill products, starches and starch products"
15610000-7,15600000-4,3,Προϊόντα αλεσμένων δημητριακών,Grain mill products
15611000-4,15610000-7,4,Αποφλοιωμένο ρύζι,Husked rice
15612000-1,15610000-7,4,Άλευρα δημητριακών ή φυτικά άλευρα και συναφή προϊόντα,Cereal or vegetable flour and related products
15612100-2,15612000-1,5,Σιτάλευρο,Wheat flour
15612110-5,15612100-2,6,Αλεύρι ολικής αλέσεως,Wholemeal flour
15612120-8,15612100-2,6,Κοινό αλεύρι αρτοποιίας,Breadmaking flour
15612130-1,15612100-2,6,Καθαρό αλεύρι,Plain flour
15612150-7,15612100-2,6,Αλεύρι ζαχαροπλαστικής,Pastry flour
15612190-9,15612100-2,6,Αλεύρι που φουσκώνει μόνο του,Self-raising flour
15612200-3,15612000-1,5,Αλεύρι δημητριακών,Cereal flour
15612210-6,15612200-3,6,Καλαμποκάλευρο,Corn flour
15612220-9,15612200-3,6,Ριζάλευρο,Rice flour
15612300-4,15612000-1,5,Φυτικά άλευρα και χονδράλευρα,Vegetable flour and meal
15612400-5,15612000-1,5,Μείγματα για την παρασκευή αρτοσκευασμάτων,Mixes for the preparation of baker's wares
15612410-8,15612400-5,6,Μείγματα για την παρασκευή κέικ,Cake mixes
15612420-1,15612400-5,6,Μείγματα αρτοποιίας,Baking mixes
15612500-6,15612000-1,5,Προϊόντα αρτοποιίας,Bakery products
15613000-8,15610000-7,4,Προϊόντα από σπόρους δημητριακών,Cereal grain products
15613100-9,15613000-8,5,Αλεσμένοι σπόροι βρώμης,Ground oats
15613300-1,15613000-8,5,Προϊόντα από δημητριακά,Cereal products
15613310-4,15613300-1,6,Παρασκευασμένα δημητριακά για πρόγευμα,Prepared breakfast cereals
15613311-1,15613310-4,7,Νιφάδες αραβοσίτου (κορν φλέικς),Cornflakes
15613313-5,15613310-4,7,Μείγμα σπόρων δημητριακών για πρόγευμα ή ισοδύναμο,Muesli or equivalent
15613319-7,15613310-4,7,Φουσκωμένο σιτάρι,Puffed wheat
15613380-5,15613300-1,6,Ρολό από βρώμη,Rolled oats
15614000-5,15610000-7,4,Επεξεργασμένο ρύζι,Processed rice
15614100-6,15614000-5,5,Μακρόκαρπο ρύζι,Long-grain rice
15614200-7,15614000-5,5,Αλεσμένο ρύζι,Milled rice
15614300-8,15614000-5,5,Θρυμματισμένο ρύζι,Broken rice
15615000-2,15610000-7,4,Πίτουρο,Bran
15620000-0,15600000-4,3,Άμυλα και αμυλώδη προϊόντα,Starches and starch products
15621000-7,15620000-0,4,Αραβοσιτέλαιο,Corn oil
15622000-4,15620000-0,4,Γλυκόζη και προϊόντα γλυκόζης· φρουκτόζη και προϊόντα φρουκτόζης,Glucose and glucose products; fructose and fructose products
15622100-5,15622000-4,5,Γλυκόζη και προϊόντα γλυκόζης,Glucose and glucose products
15622110-8,15622100-5,6,Γλυκόζη,Glucose
15622120-1,15622100-5,6,Σιρόπι γλυκόζης,Glucose syrup
15622300-7,15622000-4,5,Φρουκτόζη και προϊόντα φρουκτόζης,Fructose and fructose products
15622310-0,15622300-7,6,Φρουκτόζη,Fructose
15622320-3,15622300-7,6,Παρασκευάσματα από φρουκτόζη,Fructose preparations
15622321-0,15622320-3,7,Διαλύματα φρουκτόζης,Fructose solutions
15622322-7,15622320-3,7,Σιρόπι φρουκτόζης,Fructose syrup
15623000-1,15620000-0,4,Άμυλα,Starches
15624000-8,15620000-0,4,Ταπιόκα,Tapioca
15625000-5,15620000-0,4,Σιμιγδάλι,Semolina
15626000-2,15620000-0,4,Σκόνη κρέμας από γάλα και αυγά,Custard powder
15700000-5,15000000-8,2,Ζωοτροφές,Animal feedstuffs
15710000-8,15700000-5,3,Παρασκευασμένες ζωοτροφές για ζώα εκτρεφόμενα σε αγροκτήματα και άλλα ζώα,Prepared animal feeds for farm and other animals
15711000-5,15710000-8,4,Τροφές για ψάρια,Fish food
15712000-2,15710000-8,4,Ξηρή ζωοτροφή,Dry fodder
15713000-9,15710000-8,4,Τροφές για κατοικίδια ζώα,Pet food
15800000-6,15000000-8,2,Διάφορα προϊόντα διατροφής,Miscellaneous food products
15810000-9,15800000-6,3,"Αρτοσκευάσματα, φρέσκα είδη ζαχαροπλαστικής και γλυκίσματα","Bread products, fresh pastry goods and cakes"
15811000-6,15810000-9,4,Προϊόντα άρτου,Bread products
15811100-7,15811000-6,5,Ψωμί,Bread
15811200-8,15811000-6,5,Ψωμάκια,Rolls
15811300-9,15811000-6,5,Κρουασάν,Croissants
15811400-0,15811000-6,5,Τηγανίτες,Crumpets
15811500-1,15811000-6,5,Παρασκευασμένα προϊόντα άρτου,Prepared bread products
15811510-4,15811500-1,6,Σάντουιτς,Sandwiches
15811511-1,15811510-4,7,Έτοιμα σάντουιτς,Prepared sandwiches
15812000-3,15810000-9,4,Είδη ζαχαροπλαστικής και γλυκίσματα,Pastry goods and cakes
15812100-4,15812000-3,5,Είδη ζαχαροπλαστικής,Pastry goods
15812120-0,15812100-4,6,Πίτες,Pies
15812121-7,15812120-0,7,Αλμυρές πίτες,Savoury pies
15812122-4,15812120-0,7,Γλυκές πίτες,Sweet pies
15812200-5,15812000-3,5,Γλυκά,Cakes
15813000-0,15810000-9,4,Εδέσματα προγεύματος,Morning goods
15820000-2,15800000-6,3,Παξιμάδια και μπισκότα· διατηρημένα είδη ζαχαροπλαστικής και γλυκίσματα,Rusks and biscuits; preserved pastry goods and cakes
15821000-9,15820000-2,4,Φρυγανισμένα προϊόντα άρτου και είδη ζαχαροπλαστικής,Toasted bread products and pastry goods
15821100-0,15821000-9,5,Φρυγανισμένα προϊόντα άρτου,Toasted bread products
15821110-3,15821100-0,6,Φρυγανιές,Toasted bread
15821130-9,15821100-0,6,Τραγανό ψωμί,Crispbread
15821150-5,15821100-0,6,Παξιμάδια,Rusks
15821200-1,15821000-9,5,Γλυκά μπισκότα,Sweet biscuits
15830000-5,15800000-6,3,Ζάχαρη και συναφή προϊόντα,Sugar and related products
15831000-2,15830000-5,4,Ζάχαρη,Sugar
15831200-4,15831000-2,5,Λευκή ζάχαρη,White sugar
15831300-5,15831000-2,5,Ζάχαρη και σιρόπι σφενδάμου,Maple sugar and maple syrup
15831400-6,15831000-2,5,Μελάσα,Molasses
15831500-7,15831000-2,5,Σιρόπια ζάχαρης,Sugar syrups
15831600-8,15831000-2,5,Μέλι,Honey
15832000-9,15830000-5,4,Κατάλοιπα από την παραγωγή ζάχαρης,Sugar-manufacture waste
15833000-6,15830000-5,4,Ζαχαρώδη προϊόντα,Sugar products
15833100-7,15833000-6,5,Επιδόρπια,Desserts
15833110-0,15833100-7,6,Τάρτες,Flans
15840000-8,15800000-6,3,Κακάο· προϊόντα σοκολατοποιίας και ζαχαροπλαστικής,Cocoa; chocolate and sugar confectionery
15841000-5,15840000-8,4,Κακάο,Cocoa
15841100-6,15841000-5,5,Πολτός κακάου,Cocoa paste
15841200-7,15841000-5,5,"Βούτυρο, λίπος ή έλαιο κακάου","Cocoa butter, fat or oil"
15841300-8,15841000-5,5,Φυσική σκόνη κακάου,Unsweetened cocoa powder
15841400-9,15841000-5,5,Σκόνη κακάου με προσθήκη γλυκαντικών ουσιών,Sweetened cocoa powder
15842000-2,15840000-8,4,Προϊόντα σοκολατοποιίας και ζαχαροπλαστικής,Chocolate and sugar confectionery
15842100-3,15842000-2,5,Σοκολάτα,Chocolate
15842200-4,15842000-2,5,Προϊόντα σοκολάτας,Chocolate products
15842210-7,15842200-4,6,Ρόφημα σοκολάτας,Drinking chocolate
15842220-0,15842200-4,6,Πλάκες σοκολάτας,Chocolate bars
15842300-5,15842000-2,5,Προϊόντα ζαχαροπλαστικής,Confectionery
15842310-8,15842300-5,6,Βρασμένα γλυκίσματα,Boiled sweets
15842320-1,15842300-5,6,Μαντολάτο,Nougat
15842400-6,15842000-2,5,"Φρούτα, ξηροί καρποί ή φλοιοί καρπών διατηρημένοι με ζάχαρη","Fruit, nuts or fruit peel preserved by sugar"
15850000-1,15800000-6,3,Προϊόντα ζυμαρικών,Pasta products
15851000-8,15850000-1,4,Αλευρώδη προϊόντα,Farinaceous products
15851100-9,15851000-8,5,Μη μαγειρεμένα ζυμαρικά,Uncooked pasta
15851200-0,15851000-8,5,Μαγειρεμένα ζυμαρικά και κουσκούς,Prepared pasta and couscous
15851210-3,15851200-0,6,Μαγειρεμένα ζυμαρικά,Prepared pasta
15851220-6,15851200-0,6,Παραγεμισμένα ζυμαρικά,Stuffed pasta
15851230-9,15851200-0,6,Λαζάνια,Lasagne
15851250-5,15851200-0,6,Κουσκούς,Couscous
15851290-7,15851200-0,6,Κονσερβοποιημένα ζυμαρικά,Canned pasta
15860000-4,15800000-6,3,"Καφές, τσάι και συναφή προϊόντα","Coffee, tea and related products"
15861000-1,15860000-4,4,Καφές,Coffee
15861100-2,15861000-1,5,Καβουρδισμένος καφές,Roasted coffee
15861200-3,15861000-1,5,Καφές χωρίς καφεΐνη,Decaffeinated coffee
15862000-8,15860000-4,4,Υποκατάστατα του καφέ,Coffee substitutes
15863000-5,15860000-4,4,Τσάι,Tea
15863100-6,15863000-5,5,Πράσινο τσάι,Green tea
15863200-7,15863000-5,5,Μαύρο τσάι,Black tea
15864000-2,15860000-4,4,Παρασκευάσματα με βάση το τσάι ή το ματέ,Preparations of tea or maté
15864100-3,15864000-2,5,Τσάι σε φακελάκια,Teabags
15865000-9,15860000-4,4,Αφεψήματα βοτάνων,Herbal infusions
15870000-7,15800000-6,3,Καρυκεύματα και αρτύματα,Condiments and seasonings
15871000-4,15870000-7,4,Ξίδι· σάλτσες· ανάμεικτα καρυκεύματα· άλευρο και χονδράλευρο σιναπιού· παρασκευασμένη μουστάρδα,Vinegar; sauces; mixed condiments; mustard flour and meal; prepared mustard
15871100-5,15871000-4,5,Ξίδι και υποκατάστατα του ξιδιού,Vinegar and vinegar substitutes
15871110-8,15871100-5,6,Ξίδι ή ισοδύναμο,Vinegar or equivalent
15871200-6,15871000-4,5,"Σάλτσες, ανάμεικτα καρυκεύματα και αρτύματα","Sauces, mixed condiments and mixed seasonings"
15871210-9,15871200-6,6,Σάλτσα σόγιας,Soya sauce
15871230-5,15871200-6,6,Κέτσαπ,Tomato ketchup
15871250-1,15871200-6,6,Μουστάρδα,Mustard
15871260-4,15871200-6,6,Σάλτσες,Sauces
15871270-7,15871200-6,6,Ανάμεικτα καρυκεύματα,Mixed condiments
15871273-8,15871270-7,7,Μαγιονέζα,Mayonnaise
15871274-5,15871270-7,7,Αλειφόμενα παρασκευάσματα για σάντουιτς,Sandwich spreads
15871279-0,15871270-7,7,Τουρσί,Chutney
15872000-1,15870000-7,4,Αρωματικά βότανα και μπαχαρικά,Herbs and spices
15872100-2,15872000-1,5,Πιπέρι,Pepper
15872200-3,15872000-1,5,Μπαχαρικά,Spices
15872300-4,15872000-1,5,Αρωματικά βότανα,Herbs
15872400-5,15872000-1,5,Αλάτι,Salt
15872500-6,15872000-1,5,Πιπερόριζα,Ginger
15880000-0,15800000-6,3,Ειδικά προϊόντα διατροφής,Special nutritional products
15881000-7,15880000-0,4,Ομογενοποιημένα παρασκευάσματα τροφίμων,Homogenised food preparations
15882000-4,15880000-0,4,Διαιτητικά προϊόντα,Dietetic products
15884000-8,15880000-0,4,Τροφές για μωρά,Baby food
15890000-3,15800000-6,3,Διάφορα προϊόντα διατροφής και ξηρά τροφή,Miscellaneous food products and dried goods
15891000-0,15890000-3,4,Σούπες και ζωμοί,Soups and broths
15891100-1,15891000-0,5,Κρεατόσουπες,Meat soups
15891200-2,15891000-0,5,Ψαρόσουπες,Fish soups
15891300-3,15891000-0,5,Ανάμεικτες σούπες,Mixed soups
15891400-4,15891000-0,5,Σούπες,Soups
15891410-7,15891400-4,6,Μείγματα σούπας,Soup mixes
15891500-5,15891000-0,5,Ζωμοί,Broths
15891600-6,15891000-0,5,Ζωμός,Stocks
15891610-9,15891600-6,6,Μείγματα για την παραγωγή ζωμών κρέατος,Mixes for stocks
15891900-9,15891000-0,5,Χορτόσουπες,Vegetable soups
15892000-7,15890000-3,4,"Φυτικοί χυμοί, εκχυλίσματα, πεπτικές ουσίες και πηκτικοί παράγοντες","Vegetable saps, extracts, peptic substances and thickeners"
15892100-8,15892000-7,5,Φυτικοί χυμοί,Vegetable saps
15892200-9,15892000-7,5,Φυτικά εκχυλίσματα,Vegetable extracts
15892400-1,15892000-7,5,Πηκτικοί παράγοντες,Thickeners
15893000-4,15890000-3,4,Ξηρά προϊόντα,Dry goods
15893100-5,15893000-4,5,Μείγματα τροφών,Food mixes
15893200-6,15893000-4,5,Μείγματα για επιδόρπια,Dessert mixes
15893300-7,15893000-4,5,Μείγματα ζωμών κρέατος,Gravy mixes
15894000-1,15890000-3,4,Παρασκευασμένα προϊόντα διατροφής,Processed food products
15894100-2,15894000-1,5,Έτοιμα γεύματα για χορτοφάγους,Vegan packs
15894200-3,15894000-1,5,Έτοιμα γεύματα,Prepared meals
15894210-6,15894200-3,6,Σχολικά γεύματα,School meals
15894220-9,15894200-3,6,Γεύματα νοσοκομείου,Hospital meals
15894300-4,15894000-1,5,Έτοιμα φαγητά,Prepared dishes
15894400-5,15894000-1,5,Πρόχειρο φαγητό,Snacks
15894500-6,15894000-1,5,Είδη που διατίθενται μέσω αυτόματων μηχανών πώλησης,Vending-machine ingredients
15894600-7,15894000-1,5,Συστατικά για σάντουιτς,Sandwich fillings
15894700-8,15894000-1,5,Εκλεκτά εδέσματα,Delicatessen
15895000-8,15890000-3,4,Προϊόντα φαστ-φουντ,Fast-food products
15895100-9,15895000-8,5,Χάμπουργκερ,Hamburgers
15896000-5,15890000-3,4,Προϊόντα βαθείας καταψύξεως,Deep-frozen products
15897000-2,15890000-3,4,Κονσερβοποιημένα προϊόντα και ξηρά τροφή,Canned goods and field rations
15897100-3,15897000-2,5,Ξηρά τροφή,Field rations
15897200-4,15897000-2,5,Κονσερβοποιημένα προϊόντα,Canned goods
15897300-5,15897000-2,5,Πακέτα τροφίμων,Food parcels
15898000-9,15890000-3,4,Μαγιά,Yeast
15899000-6,15890000-3,4,Ζυμωτική σκόνη,Baking powder
15900000-7,15000000-8,2,"Ποτά, καπνός και συναφή προϊόντα","Beverages, tobacco and related products"
15910000-0,15900000-7,3,Αποσταγμένα αλκοολούχα ποτά,Distilled alcoholic beverages
15911000-7,15910000-0,4,Οινοπνευματώδη ποτά,Spirituous beverages
15911100-8,15911000-7,5,Οινοπνευματώδη,Spirits
15911200-9,15911000-7,5,Λικέρ,Liqueurs
15930000-6,15900000-7,3,Κρασιά,Wines
15931000-3,15930000-6,4,Μη αρωματισμένα κρασιά,Unflavoured wines
15931100-4,15931000-3,5,Αφρώδης οίνος,Sparkling wine
15931200-5,15931000-3,5,Επιτραπέζιο κρασί,Table wine
15931300-6,15931000-3,5,Πορτό,Port
15931400-7,15931000-3,5,Μαδέρα,Madeira
15931500-8,15931000-3,5,Μούστος,Grape must
15931600-9,15931000-3,5,Σέρρυ,Sherry
15932000-0,15930000-6,4,Οινολάσπη,Wine lees
15940000-9,15900000-7,3,Μηλίτης οίνος και άλλα κρασιά από φρούτα,Cider and other fruit wines
15941000-6,15940000-9,4,Μηλίτης οίνος,Cider
15942000-3,15940000-9,4,Κρασιά από φρούτα,Fruit wines
15950000-2,15900000-7,3,Μη αποσταγμένα ποτά που προέρχονται από ζύμωση,Non-distilled fermented beverages
15951000-9,15950000-2,4,Βερμούτ,Vermouth
15960000-5,15900000-7,3,Μπίρα από βύνη,Malt beer
15961000-2,15960000-5,4,Μπίρα,Beer
15961100-3,15961000-2,5,Μπίρα τύπου λάγκερ,Lager
15962000-9,15960000-5,4,Κατάλοιπα ζυθοποιίας ή απόσταξης,Brewing or distilling dregs
15980000-1,15900000-7,3,Μη αλκοολούχα ποτά,Non-alcoholic beverages
15981000-8,15980000-1,4,Μεταλλικό νερό,Mineral water
15981100-9,15981000-8,5,Μη αεριούχο μεταλλικό νερό,Still mineral water
15981200-0,15981000-8,5,Αεριούχο μεταλλικό νερό,Sparkling mineral water
15981300-1,15981000-8,5,Νερό σε στερεά μορφή,Water in solid form
15981310-4,15981300-1,6,Πάγος,Ice
15981320-7,15981300-1,6,Χιόνι,Snow
15981400-2,15981000-8,5,Αρωματικά μεταλλικά νερά,Flavoured mineral waters
15982000-5,15980000-1,4,Αναψυκτικά,Soft drinks
15982100-6,15982000-5,5,Φρουτοχυμοί,Fruit squashes
15982200-7,15982000-5,5,Σοκολατούχο γάλα,Chocolate milk
15990000-4,15900000-7,3,"Καπνός, προϊόντα με βάση τον καπνό και συναφή είδη","Tobacco, tobacco goods and supplies"
15991000-1,15990000-4,4,Προϊόντα με βάση τον καπνό,Tobacco goods
15991100-2,15991000-1,5,Πούρα,Cigars
15991200-3,15991000-1,5,Πουράκια,Cigarillos
15991300-4,15991000-1,5,Τσιγάρα,Cigarettes
15992000-8,15990000-4,4,Καπνός,Tobacco
15992100-9,15992000-8,5,Μεταποιημένος καπνός,Manufactured tobacco
15993000-5,15990000-4,4,Είδη καπνιστού,Tobacconist supplies
15994000-2,15990000-4,4,Τσιγαρόχαρτο και χαρτί για φίλτρα τσιγάρων,Cigarette paper and filter paper
15994100-3,15994000-2,5,Τσιγαρόχαρτο,Cigarette paper
15994200-4,15994000-2,5,Χαρτί για φίλτρα τσιγάρων,Filter paper
16000000-5,,1,Γεωργικά μηχανήματα,Agricultural machinery
16100000-6,16000000-5,2,Γεωργικά και δασοκομικά μηχανήματα για την προετοιμασία ή την καλλιέργεια του εδάφους,Agricultural and forestry machinery for soil preparation or cultivation
16110000-9,16100000-6,3,Άροτρα και δισκοσβάρνες,Ploughs or disc harrows
16120000-2,16100000-6,3,"Σβάρνες, αναμοχλευτήρες, καλλιεργητικές μηχανές, μηχανικά σκαλιστήρια και τσάπες","Harrows, scarifiers, cultivators, weeders or hoes"
16130000-5,16100000-6,3,"Μηχανήματα σποράς, φύτευσης και μεταφύτευσης","Seeders, planters or transplanters"
16140000-8,16100000-6,3,Μηχανήματα διάστρωσης κοπριάς,Manure spreaders
16141000-5,16140000-8,4,Μηχανήματα διάστρωσης λιπάσματος,Fertiliser distributors
16150000-1,16100000-6,3,Κύλινδροι χλοοτάπητα ή αθλητικών γηπέδων,Lawn or sports-ground rollers
16160000-4,16100000-6,3,Διάφορα είδη εξοπλισμού κηπουρικής,Miscellaneous gardening equipment
16300000-8,16000000-5,2,Θεριστικά μηχανήματα,Harvesting machinery
16310000-1,16300000-8,3,Χορτοκοπτικές μηχανές,Mowers
16311000-8,16310000-1,4,Μηχανήματα κοπής χλοοτάπητα,Lawnmowers
16311100-9,16311000-8,5,"Χορτοκοπτικές μηχανές για χλοοτάπητες, πάρκα ή αθλητικά γήπεδα","Lawn, park or sports-ground mowers"
16320000-4,16300000-8,3,Μηχανήματα κοπής και ξήρανσης σανού,Haymaking machinery
16330000-7,16300000-8,3,Μηχανές δεματισμού αχύρου ή χορτονομής,Straw or fodder balers
16331000-4,16330000-7,4,Συλλεκτικές και συμπιεστικές μηχανές αχύρου,Pick-up balers
16340000-0,16300000-8,3,Θεριστικά και αλωνιστικά μηχανήματα,Harvesting and threshing machinery
16400000-9,16000000-5,2,Γεωργικά μηχανήματα ψεκασμού,Spraying machinery for agriculture or horticulture
16500000-0,16000000-5,2,Ρυμουλκούμενα ή ημιρυμουλκούμενα οχήματα που διαθέτουν συστήματα αυτοφόρτωσης ή εκφόρτωσης για γεωργικούς σκοπούς,Self-loading or unloading trailers and semi-trailers for agriculture
16510000-3,16500000-0,3,Ρυμουλκούμενα γεωργικά οχήματα αυτοφόρτωσης,Self-loading trailers for agriculture
16520000-6,16500000-0,3,Ρυμουλκούμενα γεωργικά οχήματα εκφόρτωσης,Unloading trailers for agriculture
16530000-9,16500000-0,3,Ημιρυμουλκούμενα γεωργικά οχήματα αυτοφόρτωσης,Self-loading semi-trailers for agriculture
16540000-2,16500000-0,3,Ημιρυμουλκούμενα γεωργικά οχήματα εκφόρτωσης,Unloading semi-trailers for agriculture
16600000-1,16000000-5,2,Ειδικά γεωργικά και δασοκομικά μηχανήματα,Specialist agricultural or forestry machinery
16610000-4,16600000-1,3,"Μηχανές για τον καθαρισμό, τη διαλογή ή τη διαβάθμιση αυγών, φρούτων ή άλλων προϊόντων","Machines for cleaning, sorting or grading eggs, fruit or other produce"
16611000-1,16610000-4,4,Μηχανήματα για τον καθαρισμό προϊόντων,Machines for cleaning produce
16611100-2,16611000-1,5,Μηχανήματα για τον καθαρισμό αυγών,Machines for cleaning eggs
16611200-3,16611000-1,5,Μηχανήματα για τον καθαρισμό φρούτων,Machines for cleaning fruit
16612000-8,16610000-4,4,Μηχανήματα διαλογής ή διαβάθμισης προϊόντων,Machines for sorting or grading produce
16612100-9,16612000-8,5,Μηχανήματα διαλογής ή διαβάθμισης αυγών,Machines for sorting or grading eggs
16612200-0,16612000-8,5,Μηχανήματα διαλογής ή διαβάθμισης φρούτων,Machines for sorting or grading fruit
16613000-5,16610000-4,4,"Μηχανές καθαρισμού, διαλογής και διαβάθμισης σπόρου σποράς, σπόρων δημητριακών ή αποξηραμένων λαχανικών","Machines for cleaning, sorting or grading seed, grain or dried vegetables"
16620000-7,16600000-1,3,Αμελκτικές μηχανές,Milking machines
16630000-0,16600000-1,3,Μηχανήματα για την παρασκευή ζωοτροφών,Machinery for preparing animal feeding stuffs
16640000-3,16600000-1,3,Μελισσοκομικά μηχανήματα,Bee-keeping machinery
16650000-6,16600000-1,3,Μηχανήματα πτηνοτροφείων,Poultry-keeping machinery
16651000-3,16650000-6,4,Εκκολαπτήρες και επωαστήρες πτηνοτροφείων,Poultry incubators and brooders
16700000-2,16000000-5,2,Ελκυστήρες,Tractors
16710000-5,16700000-2,3,Μικροί γεωργικοί ελκυστήρες με πεζοπόρο χειριστή,Pedestrian-controlled agricultural tractors
16720000-8,16700000-2,3,Μεταχειρισμένοι ελκυστήρες,Used tractors
16730000-1,16700000-2,3,Κινητήρες για ελκυστήρες,Traction motors
16800000-3,16000000-5,2,Μέρη γεωργικών και δασοκομικών μηχανημάτων,Parts of agricultural and forestry machinery
16810000-6,16800000-3,3,Μέρη γεωργικών μηχανημάτων,Parts of agricultural machinery
16820000-9,16800000-3,3,Μέρη δασοκομικών μηχανημάτων,Parts of forestry machinery
18000000-9,,1,"Είδη και εξαρτήματα ρουχισμού, υπόδησης, αποσκευών","Clothing, footwear, luggage articles and accessories"
18100000-0,18000000-9,2,"Ρουχισμός επαγγελματικής χρήσης, ειδικός ρουχισμός εργασίας και εξαρτήματα","Occupational clothing, special workwear and accessories"
18110000-3,18100000-0,3,Ρουχισμός επαγγελματικής χρήσης,Occupational clothing
18113000-4,18110000-3,4,Ρουχισμός για χρήση στη βιομηχανία,Industrial clothing
18114000-1,18110000-3,4,Ολόσωμα ενδύματα,Coveralls
18130000-9,18100000-0,3,Ειδικός ρουχισμός εργασίας,Special workwear
18132000-3,18130000-9,4,Ρουχισμός ιπταμένων,Flying clothing
18132100-4,18132000-3,5,Επενδύτες ιπταμένων,Flight jackets
18132200-5,18132000-3,5,Στολές ιπταμένων,Flight suits
18140000-2,18100000-0,3,Εξαρτήματα επαγγελματικού ρουχισμού,Workwear accessories
18141000-9,18140000-2,4,Γάντια εργασίας,Work gloves
18142000-6,18140000-2,4,Προσωπίδες ασφαλείας,Safety visors
18143000-3,18140000-2,4,Προστατευτικά εξαρτήματα,Protective gear
18200000-1,18000000-9,2,Εξωτερικά ενδύματα,Outerwear
18210000-4,18200000-1,3,Παλτά,Coats
18211000-1,18210000-4,4,Επινώτια,Capes
18212000-8,18210000-4,4,Μανδύες,Cloaks
18213000-5,18210000-4,4,Αντιανεμικοί επενδύτες,Wind jackets
18220000-7,18200000-1,3,Ρουχισμός προστασίας από την κακοκαιρία,Weatherproof clothing
18221000-4,18220000-7,4,Αδιάβροχος ρουχισμός,Waterproof clothing
18221100-5,18221000-4,5,Αδιάβροχοι μανδύες,Waterproof capes
18221200-6,18221000-4,5,Άνορακ,Anoraks
18221300-7,18221000-4,5,Αδιάβροχα παλτά,Raincoats
18222000-1,18220000-7,4,Συλλογικός ρουχισμός,Corporate clothing
18222100-2,18222000-1,5,Κουστούμια (ανδρικά)· ταγιέρ (γυναικεία),Suits
18222200-3,18222000-1,5,Σύνολα ρουχισμού,Ensembles
18223000-8,18220000-7,4,Επενδύτες και σακάκια τύπου μπλέιζερ,Jackets and blazers
18223100-9,18223000-8,5,Σακάκια τύπου μπλέιζερ,Blazers
18223200-0,18223000-8,5,Επενδύτες,Jackets
18224000-5,18220000-7,4,Ενδύματα από επικαλυμμένες ή εμποτισμένες υφαντικές ύλες,Clothing made of coated or impregnated textile fabrics
18230000-0,18200000-1,3,Διάφορα είδη ρουχισμού,Miscellaneous outerwear
18231000-7,18230000-0,4,Φορέματα,Dresses
18232000-4,18230000-0,4,Φούστες,Skirts
18233000-1,18230000-0,4,Κοντά παντελονάκια,Shorts
18234000-8,18230000-0,4,Παντελόνια,Trousers
18235000-5,18230000-0,4,"Πουλόβερ, πλεκτές μάλλινες ζακέτες και παρόμοια είδη","Pullovers, cardigans and similar articles"
18235100-6,18235000-5,5,Πουλόβερ,Pullovers
18235200-7,18235000-5,5,Πλεκτές ζακέτες,Cardigans
18235300-8,18235000-5,5,Μπλούζες φούτερ,Sweatshirts
18235400-9,18235000-5,5,Γιλέκα-επενδύτες,Waistcoats
18300000-2,18000000-9,2,Ενδύματα,Garments
18310000-5,18300000-2,3,Εσώρουχα,Underwear
18311000-2,18310000-5,4,Σλιπ,Slips
18312000-9,18310000-5,4,Μακριά εσώβρακα,Underpants
18313000-6,18310000-5,4,Κιλότες,Panties
18314000-3,18310000-5,4,Ρόμπες μπάνιου,Bathrobes
18315000-0,18310000-5,4,Μακριές κάλτσες,Stockings
18316000-7,18310000-5,4,Καλσόν,Tights
18317000-4,18310000-5,4,Κάλτσες,Socks
18318000-1,18310000-5,4,Πιτζάμες και νυχτικά,Nightwear
18318100-2,18318000-1,5,Νυχτικά,Nightshirts
18318200-3,18318000-1,5,Ρόμπες,Dressing gowns
18318300-4,18318000-1,5,Πιτζάμες,Pyjamas
18318400-5,18318000-1,5,Φανέλες,Vests
18318500-6,18318000-1,5,Ενδύματα νυχτός,Nightdresses
18320000-8,18300000-2,3,"Στηθόδεσμοι, κορσέδες, ζαρτιέρες και συναφή είδη","Brassieres, corsets, suspenders and similar articles"
18321000-5,18320000-8,4,Στηθόδεσμοι,Brassieres
18322000-2,18320000-8,4,Κορσέδες,Corsets
18323000-9,18320000-8,4,Ζαρτιέρες,Suspenders
18330000-1,18300000-2,3,Κοντομάνικες φανέλες και πουκάμισα,T-shirts and shirts
18331000-8,18330000-1,4,Κοντομάνικες φανέλες,T-shirts
18332000-5,18330000-1,4,Πουκάμισα,Shirts
18333000-2,18330000-1,4,Μπλούζες πόλο,Polo shirts
18400000-3,18000000-9,2,Ειδικά ενδύματα και εξαρτήματα ένδυσης,Special clothing and accessories
18410000-6,18400000-3,3,Ειδικά ενδύματα,Special clothing
18411000-3,18410000-6,4,Βρεφικά ενδύματα,Baby clothing
18412000-0,18410000-6,4,Αθλητικά ενδύματα,Sportswear
18412100-1,18412000-0,5,Αθλητικά ενδύματα για τζόγκινγκ,Tracksuits
18412200-2,18412000-0,5,Αθλητικά μπλουζάκια,Sports shirts
18412300-3,18412000-0,5,Στολή χιονοδρόμων,Ski suits
18412800-8,18412000-0,5,Ενδύματα κολύμβησης,Swimwear
18420000-9,18400000-3,3,Εξαρτήματα ρουχισμού,Clothing accessories
18421000-6,18420000-9,4,Μαντίλια,Handkerchiefs
18422000-3,18420000-9,4,Μαντίλια λαιμού,Scarves
18423000-0,18420000-9,4,Γραβάτες,Ties
18424000-7,18420000-9,4,Γάντια,Gloves
18424300-0,18424000-7,5,Γάντια μιας χρήσης,Disposable gloves
18424400-1,18424000-7,5,Γάντια χωρίς δάκτυλα,Mittens
18424500-2,18424000-7,5,Μακριά γάντια,Gauntlets
18425000-4,18420000-9,4,Ζώνες,Belts
18425100-5,18425000-4,5,Φυσιγγιοθήκες,Bandoliers
18440000-5,18400000-3,3,Καπέλα και καλύμματα κεφαλής,Hats and headgear
18441000-2,18440000-5,4,Καπέλα,Hats
18443000-6,18440000-5,4,Καλύμματα κεφαλής και εξαρτήματα,Headgear and headgear accessories
18443100-7,18443000-6,5,Κεφαλόδεσμοι,Headbands
18443300-9,18443000-6,5,Καλύμματα κεφαλής,Headgear
18443310-2,18443300-9,6,Μπερέδες,Berets
18443320-5,18443300-9,6,Στρατιωτικά τζόκεϊ,Field caps
18443330-8,18443300-9,6,Κουκούλες,Hoods
18443340-1,18443300-9,6,Πηλήκια,Caps
18443400-0,18443000-6,5,Υποσιάγωνα καλυμμάτων κεφαλής,Chin straps for headgear
18443500-1,18443000-6,5,Γείσα,Visors
18444000-3,18440000-5,4,Προστατευτικά καλύμματα κεφαλής,Protective headgear
18444100-4,18444000-3,5,Κράνη ασφαλείας,Safety headgear
18444110-7,18444100-4,6,Κράνη,Helmets
18444111-4,18444110-7,7,Κράνη προστασίας από την πρόσκρουση,Crash helmets
18444112-1,18444110-7,7,Κράνη ποδηλάτων,Bicycle helmets
18444200-5,18444000-3,5,Καπέλα από άκαμπτο υλικό,Hard hats
18450000-8,18400000-3,3,Αγκράφες (για ενδύματα),Fasteners (clothing)
18451000-5,18450000-8,4,Κουμπιά,Buttons
18451100-6,18451000-5,5,Μέρη κουμπιών,Parts of buttons
18452000-2,18450000-8,4,Παραμάνες,Safety pins
18453000-9,18450000-8,4,Φερμουάρ,Zip fasteners
18500000-4,18000000-9,2,"Κοσμήματα, ρολόγια χειρός και συναφή είδη","Jewellery, watches and related articles"
18510000-7,18500000-4,3,Κοσμήματα και συναφή είδη,Jewellery and related articles
18511000-4,18510000-7,4,Πολύτιμοι λίθοι για κοσμήματα,Precious stone for jewellery
18511100-5,18511000-4,5,Διαμάντια,Diamonds
18511200-6,18511000-4,5,Ρουμπίνια,Rubies
18511300-7,18511000-4,5,Σμαράγδια,Emeralds
18511400-8,18511000-4,5,Οπάλιο,Opal stone
18511500-9,18511000-4,5,Χαλαζίας,Quartz stone
18511600-0,18511000-4,5,Τουρμαλίνης,Tourmaline stone
18512000-1,18510000-7,4,Νομίσματα και μετάλλια,Coins and medals
18512100-2,18512000-1,5,Νομίσματα,Coins
18512200-3,18512000-1,5,Μετάλλια,Medals
18513000-8,18510000-7,4,Είδη κοσμηματοπωλείου,Articles of jewellery
18513100-9,18513000-8,5,Μαργαριτάρια,Pearls
18513200-0,18513000-8,5,Είδη χρυσοχοείου,Goldsmiths' wares
18513300-1,18513000-8,5,Είδη από πολύτιμα μέταλλα,Articles of precious metal
18513400-2,18513000-8,5,Είδη από πολύτιμους ή ημιπολύτιμους λίθους,Articles of precious or semi-precious stones
18513500-3,18513000-8,5,Είδη αργυροχόου,Silversmiths' wares
18520000-0,18500000-4,3,Είδη ωρολογοποιίας για προσωπική χρήση,Personal horology
18521000-7,18520000-0,4,Ρολόγια,Watches
18521100-8,18521000-7,5,Γυαλί για ρολόγια,Glass for watches
18522000-4,18520000-0,4,Ρολόγια χειρός,Wristwatches
18523000-1,18520000-0,4,Χρονόμετρα,Stopwatches
18530000-3,18500000-4,3,Δώρα και βραβεία,Presents and rewards
18600000-5,18000000-9,2,Γούνες και γούνινα είδη,Furs and articles of fur
18610000-8,18600000-5,3,Γούνινα είδη,Fur articles
18611000-5,18610000-8,4,Γουνοδέρματα,Fur skins
18612000-2,18610000-8,4,Γούνινα ενδύματα,Fur clothing
18613000-9,18610000-8,4,Είδη από τεχνητή γούνα,Artificial fur articles
18620000-1,18600000-5,3,Γούνες,Furs
18800000-7,18000000-9,2,Υποδήματα,Footwear
18810000-0,18800000-7,3,"Υποδήματα, εκτός των αθλητικών και των προστατευτικών υποδημάτων",Footwear other than sports and protective footwear
18811000-7,18810000-0,4,Αδιάβροχα υποδήματα,Waterproof footwear
18812000-4,18810000-0,4,Υποδήματα με μέρη από ελαστικό ή πλαστικό,Footwear with rubber or plastic parts
18812100-5,18812000-4,5,Σανδάλια με επάνω μέρος από ελαστικό ή πλαστικό,Sandals with uppers of rubber or plastics
18812200-6,18812000-4,5,Μπότες από ελαστικό,Rubber boots
18812300-7,18812000-4,5,Υποδήματα περιπάτου με επάνω μέρος από ελαστικό ή πλαστικό,Town footwear with rubber or plastic uppers
18812400-8,18812000-4,5,Σαγιονάρες,Flip-flops
18813000-1,18810000-0,4,Υποδήματα με επάνω μέρη από δέρμα,Footwear with uppers of leather
18813100-2,18813000-1,5,Σανδάλια,Sandals
18813200-3,18813000-1,5,Παντόφλες,Slippers
18813300-4,18813000-1,5,Υποδήματα πόλης,Town footwear
18814000-8,18810000-0,4,Υποδήματα με επάνω μέρη από ύφασμα,Footwear with uppers of textile materials
18815000-5,18810000-0,4,Μπότες,Boots
18815100-6,18815000-5,5,Μποτάκια μέχρι τον αστράγαλο,Ankle boots
18815200-7,18815000-5,5,Μπότες ως τη γάμπα,Calf boots
18815300-8,18815000-5,5,Μπότες ως το γόνατο,Knee boots
18815400-9,18815000-5,5,Ψηλές αδιάβροχες μπότες,Waders
18816000-2,18810000-0,4,Γαλότσες,Galoshes
18820000-3,18800000-7,3,Αθλητικά υποδήματα,Sports footwear
18821000-0,18820000-3,4,Υποδήματα χιονοδρομίας,Ski footwear
18821100-1,18821000-0,5,Υποδήματα για πορεία με χιονοπέδιλα,Cross-country ski footwear
18822000-7,18820000-3,4,Υποδήματα προπόνησης,Training shoes
18823000-4,18820000-3,4,Μπότες ορειβασίας,Climbing boots
18824000-1,18820000-3,4,Υποδήματα ποδοσφαίρου,Football boots
18830000-6,18800000-7,3,Προστατευτικά υποδήματα,Protective footwear
18831000-3,18830000-6,4,Υποδήματα με ενσωματωμένη προστατευτική μεταλλική μύτη,Footwear incorporating a protective metal toecap
18832000-0,18830000-6,4,Ειδικά υποδήματα,Special footwear
18832100-1,18832000-0,5,Υποδήματα πτήσεων,Flying footwear
18840000-9,18800000-7,3,Μέρη υποδημάτων,Parts of footwear
18841000-6,18840000-9,4,Επάνω μέρη υποδημάτων,Footwear uppers
18842000-3,18840000-9,4,Σόλες,Soles
18843000-0,18840000-9,4,Τακούνια,Heels
18900000-8,18000000-9,2,"Αποσκευές, είδη σελλοποιίας, σάκοι και τσάντες","Luggage, saddlery, sacks and bags"
18910000-1,18900000-8,3,Είδη σαγματοποιίας και ιπποσκευής,Saddlery
18911000-8,18910000-1,4,Σέλλες,Saddles
18912000-5,18910000-1,4,Μαστίγια ιππασίας,Riding crops
18913000-2,18910000-1,4,Μαστίγια,Whips
18920000-4,18900000-8,3,Αποσκευές,Luggage
18921000-1,18920000-4,4,Βαλίτσες,Suitcases
18923000-5,18920000-4,4,Πουγγιά και πορτοφόλια,Pouches and wallets
18923100-6,18923000-5,5,Πουγγιά,Pouches
18923200-7,18923000-5,5,Πορτοφόλια,Wallets
18924000-2,18920000-4,4,Μπαούλα,Trunks
18925000-9,18920000-4,4,Θήκες για φιάλες νερού και πιστολιοθήκες,Water-bottle holders and holsters
18925100-0,18925000-9,5,Θήκες για φιάλες νερού,Water-bottle holders
18925200-1,18925000-9,5,Πιστολιοθήκες,Holsters
18929000-7,18920000-4,4,Νεσεσέρ,Toilet cases
18930000-7,18900000-8,3,Σάκοι και τσάντες,Sacks and bags
18931000-4,18930000-7,4,Ταξιδιωτικοί σάκοι,Travel bags
18931100-5,18931000-4,5,Εκδρομικά σακίδια,Rucksacks
18932000-1,18930000-7,4,Αθλητικές τσάντες,Sports bags
18933000-8,18930000-7,4,Σάκοι αλληλογραφίας και δεμάτων,Mail or parcel bags
18933100-9,18933000-8,5,Ταχυδρομικοί σάκοι,Post pouches
18934000-5,18930000-7,4,Σάκοι προσωπικών ειδών (σακίδια),Kitbags
18935000-2,18930000-7,4,Σάκοι καθαριστηρίου,Laundry bags
18936000-9,18930000-7,4,Υφασμάτινοι σάκοι,Textile bags
18937000-6,18930000-7,4,Σάκοι συσκευασίας,Goods-packing sacks
18937100-7,18937000-6,5,Σακούλες συσκευασίας,Goods-packing bags
18938000-3,18930000-7,4,Ταχυδρομικοί φάκελοι με προστατευτική επένδυση,Padded bags
18939000-0,18930000-7,4,Τσάντες χειρός,Handbags
19000000-6,,1,"Δέρμα και υφάσματα, υλικά από πλαστικό και καουτσούκ","Leather and textile fabrics, plastic and rubber materials"
19100000-7,19000000-6,2,Δέρματα,Leather
19110000-0,19100000-7,3,Δέρμα σαμουά,Chamois leather
19120000-3,19100000-7,3,Δέρματα από βοοειδή ή ιπποειδή,Leather of bovine or equine animals
19130000-6,19100000-7,3,Δέρματα αιγοπροβάτων ή χοιροειδών,"Leather of sheep, goats or pigs"
19131000-3,19130000-6,4,Δέρματα προβάτων ή αρνιών,Sheep- or lamb-skin leather
19132000-0,19130000-6,4,Δέρματα γιδιών ή κατσικιών,Goat- or kid-skin leather
19133000-7,19130000-6,4,Δέρματα χοιροειδών,Pig leather
19140000-9,19100000-7,3,"Δέρματα άλλων ζώων, ανασυσταθέν δέρμα ή άλλα δέρματα","Leather of other animals, composite leather and other leather"
19141000-6,19140000-9,4,Δέρματα άλλων ζώων,Leather of other animals
19142000-3,19140000-9,4,Σύνθετα δέρματα,Composite leather
19143000-0,19140000-9,4,Απομίμηση δέρματος,Imitation leather
19144000-7,19140000-9,4,Δέρμα λουστρίνι,Patent leather
19160000-5,19100000-7,3,Λουριά ρολογιών,Watch straps
19170000-8,19100000-7,3,Δερμάτινα είδη που χρησιμοποιούνται σε μηχανήματα ή άλλες μηχανικές συσκευές,Leather articles used in machinery or mechanical appliances
19200000-8,19000000-6,2,Υφάσματα και συναφή είδη,Textile fabrics and related items
19210000-1,19200000-8,3,Υφαντά υφάσματα,Woven fabrics
19211000-8,19210000-1,4,Συνθετικά υφαντά υφάσματα,Synthetic woven fabrics
19211100-9,19211000-8,5,Υφαντά υφάσματα από ανάμεικτες ίνες,Mixed woven fabrics
19212000-5,19210000-1,4,Υφαντά βαμβακερά υφάσματα,Woven fabrics of cotton
19212100-6,19212000-5,5,"Υφάσματα για μαξιλάρια, στρώματα κ.λπ.",Ticking
19212200-7,19212000-5,5,Χονδρό βαμβακερό ύφασμα (ντενίμ),Denim
19212300-8,19212000-5,5,Λινάτσα,Canvas
19212310-1,19212300-8,6,Είδη από λινάτσα,Canvas items
19212400-9,19212000-5,5,Ποπλίνα,Poplin
19212500-0,19212000-5,5,Ύφασμα ενισχυτικών λωρίδων,Webbing
19212510-3,19212500-0,6,Ενισχυτικές λωρίδες,Webbing straps
19220000-4,19200000-8,3,Μάλλινα υφάσματα,Woollen fabrics
19230000-7,19200000-8,3,Λινά υφάσματα,Linen fabrics
19231000-4,19230000-7,4,Λινά είδη,Linen
19240000-0,19200000-8,3,Ειδικά υφάσματα,Special fabrics
19241000-7,19240000-0,4,Χνούδι υφάσματος,Pile
19242000-4,19240000-0,4,Ύφασμα για πετσέτες,Terry towelling
19243000-1,19240000-0,4,Υφάσματα ταπετσαρίας,Upholstery fabrics
19244000-8,19240000-0,4,Υφάσματα για κουρτίνες,Curtain fabrics
19245000-5,19240000-0,4,Υφάσματα εσωτερικών επενδύσεων (για φόδρα),Lining fabrics
19250000-3,19200000-8,3,Πλεκτά υφάσματα ή υφάσματα κροσέ,Knitted or crocheted fabrics
19251000-0,19250000-3,4,Πλεκτά υφάσματα,Knitted fabrics
19251100-1,19251000-0,5,Χνουδωτά υφάσματα,Pile fabrics
19252000-7,19250000-3,4,Υφάσματα κροσέ,Crocheted fabrics
19260000-6,19200000-8,3,Ύφασμα,Cloth
19270000-9,19200000-8,3,Μη υφαντά υφάσματα,Non-woven fabrics
19280000-2,19200000-8,3,"Ζωικό μαλλί, γουνοδέρματα και δέρματα","Animal wool, hides and skins"
19281000-9,19280000-2,4,Μαλλί,Wool
19282000-6,19280000-2,4,Δέρματα ζώων,Animal skins
19283000-3,19280000-2,4,Δέρματα πουλιών και φτερά,Bird skins and feathers
19400000-0,19000000-6,2,Υφαντικά νήματα και κλωστές,Textile yarn and thread
19410000-3,19400000-0,3,Φυσικές υφαντικές ίνες,Natural textile fibres
19420000-6,19400000-0,3,Τεχνητές υφαντικές ίνες,Artificial textile fibres
19430000-9,19400000-0,3,Υφαντικά νήματα και κλωστές από φυσικές ίνες,Textile yarn and thread of natural fibres
19431000-6,19430000-9,4,Μεταξωτά νήματα,Silk yarn
19432000-3,19430000-9,4,Μάλλινα νήματα,Wool yarn
19433000-0,19430000-9,4,Βαμβακερά νήματα,Cotton yarn
19434000-7,19430000-9,4,Νήματα από λινάρι,Flax yarn
19435000-4,19430000-9,4,Κλωστές και νήματα ραψίματος από φυσικές ίνες,Sewing thread and yarn of natural fibres
19435100-5,19435000-4,5,Κλωστή ραψίματος,Sewing thread
19435200-6,19435000-4,5,Νήματα για πλέξιμο,Knitting yarn
19436000-1,19430000-9,4,Υφαντικά νήματα από φυτικές ίνες,Vegetable textile-fibre yarn
19440000-2,19400000-0,3,Συνθετικά νήματα ή κλωστές,Synthetic yarn or thread
19441000-9,19440000-2,4,Συνθετικά νήματα,Synthetic yarn
19442000-6,19440000-2,4,Συνθετικές κλωστές,Synthetic thread
19442100-7,19442000-6,5,Συνθετική κλωστή ραψίματος,Synthetic sewing thread
19442200-8,19442000-6,5,Συνθετικό νήμα πλεξίματος,Synthetic knitting yarn
19500000-1,19000000-6,2,Υλικά από καουτσούκ και πλαστικό,Rubber and plastic materials
19510000-4,19500000-1,3,Προϊόντα από καουτσούκ,Rubber products
19511000-1,19510000-4,4,"Εσωτερικοί αεροθάλαμοι, πέλματα επισώτρων και εσωτερικές λωρίδες προστασίας από καουτσούκ","Rubber inner tubes, treads and flaps"
19511100-2,19511000-1,5,Εσωτερικές προστατευτικές λωρίδες επισώτρων,Tyre flaps
19511200-3,19511000-1,5,Εσωτερικοί αεροθάλαμοι,Inner tubes
19511300-4,19511000-1,5,Πέλματα επισώτρων,Tyre treads
19512000-8,19510000-4,4,Είδη από μη βουλκανισμένο καουτσούκ,Unvulcanised rubber articles
19513000-5,19510000-4,4,Ελαστικοποιημένα υφάσματα,Rubberised textile fabrics
19513100-6,19513000-5,5,Υφάσματα για νήματα ελαστικών,Tyre-cord fabric
19513200-7,19513000-5,5,Κολλητική ταινία από ελαστικοποιημένα υφάσματα,Adhesive tape of rubberised textiles
19514000-2,19510000-4,4,Αναγεννημένο καουτσούκ,Reclaimed rubber
19520000-7,19500000-1,3,Πλαστικά προϊόντα,Plastic products
19521000-4,19520000-7,4,Προϊόντα πολυστυρολίου,Polystyrene products
19521100-5,19521000-4,5,Φύλλα πολυστυρολίου,Polystyrene sheeting
19521200-6,19521000-4,5,Πλάκες πολυστυρολίου,Polystyrene slabs
19522000-1,19520000-7,4,Ρητίνες,Resins
19522100-2,19522000-1,5,Εποξική ρητίνη,Epoxy resin
19522110-5,19522100-2,6,Σωληνώσεις από εποξική ρητίνη,Epoxy-resin tubing
19600000-2,19000000-6,2,"Υπολείμματα δέρματος, υφαντικών υλών, καουτσούκ και πλαστικού","Leather, textile, rubber and plastic waste"
19610000-5,19600000-2,3,Υπολείμματα δέρματος,Leather waste
19620000-8,19600000-2,3,Υπολείμματα υφαντικών ειδών,Textile waste
19630000-1,19600000-2,3,Υπολείμματα καουτσούκ,Rubber waste
19640000-4,19600000-2,3,Σάκοι και τσάντες αποβλήτων και απορριμμάτων από πολυαιθυλένιο,Polythene waste and refuse sacks and bags
19700000-3,19000000-6,2,Συνθετικό καουτσούκ και ίνες,Synthetic rubber and fibres
19710000-6,19700000-3,3,Συνθετικό καουτσούκ,Synthetic rubber
19720000-9,19700000-3,3,Συνθετικές ίνες,Synthetic fibres
19721000-6,19720000-9,4,Σχοινί από συνθετικές ίνες,Synthetic filament tow
19722000-3,19720000-9,4,Νήμα μεγάλης ανθεκτικότητας,High-tenacity yarn
19723000-0,19720000-9,4,Νήμα απλής πλέξης,Single textured yarn
19724000-7,19720000-9,4,Συνθετικό μονόινο νήμα,Synthetic monofilament
19730000-2,19700000-3,3,Τεχνητές ίνες,Artificial fibres
19731000-9,19730000-2,4,Νήμα από τεχνητές ίνες,Artificial staple fibres
19732000-6,19730000-2,4,Πολυπροπυλένιο,Polypropylene
19733000-3,19730000-2,4,Τεχνητό πλεγμένο νήμα,Artificial textured yarn
22000000-0,,1,Έντυπο υλικό και συναφή προϊόντα,Printed matter and related products
22100000-1,22000000-0,2,"Τυπωμένα βιβλία, διαφημιστικά φυλλάδια και ενημερωτικά έντυπα","Printed books, brochures and leaflets"
22110000-4,22100000-1,3,Τυπωμένα βιβλία,Printed books
22111000-1,22110000-4,4,Σχολικά βιβλία,School books
22112000-8,22110000-4,4,Βιβλία διδασκαλίας,Textbooks
22113000-5,22110000-4,4,Βιβλία βιβλιοθήκης,Library books
22114000-2,22110000-4,4,"Λεξικά, χάρτες, παρτιτούρες και άλλα βιβλία","Dictionaries, maps, music books and other books"
22114100-3,22114000-2,5,Λεξικά,Dictionaries
22114200-4,22114000-2,5,Γεωγραφικοί άτλαντες,Atlases
22114300-5,22114000-2,5,Χάρτες,Maps
22114310-8,22114300-5,6,Χάρτες κτηματολογίων,Cadastral maps
22114311-5,22114310-8,7,Σχεδιαγράμματα,Blueprints
22114400-6,22114000-2,5,Παρτιτούρες,Printed music
22114500-7,22114000-2,5,Εγκυκλοπαίδειες,Encyclopaedias
22120000-7,22100000-1,3,Δημοσιεύσεις,Publications
22121000-4,22120000-7,4,Δημοσιεύσεις τεχνικών θεμάτων,Technical publications
22130000-0,22100000-1,3,Ευρετήρια,Directories
22140000-3,22100000-1,3,Ενημερωτικά έντυπα,Leaflets
22150000-6,22100000-1,3,Διαφημιστικά φυλλάδια,Brochures
22160000-9,22100000-1,3,Βιβλιάρια,Booklets
22200000-2,22000000-0,2,"Εφημερίδες, περιοδικές εκδόσεις και περιοδικά","Newspapers, journals, periodicals and magazines"
22210000-5,22200000-2,3,Εφημερίδες,Newspapers
22211000-2,22210000-5,4,Περιοδικές εφημερίδες,Journals
22211100-3,22211000-2,5,Επίσημες εφημερίδες,Official journals
22212000-9,22210000-5,4,Περιοδικές εκδόσεις,Periodicals
22212100-0,22212000-9,5,Σειρές,Serials
22213000-6,22210000-5,4,Περιοδικά,Magazines
22300000-3,22000000-0,2,"Ταχυδρομικές κάρτες, ευχετήριες κάρτες και άλλο έντυπο υλικό","Postcards, greeting cards and other printed matter"
22310000-6,22300000-3,3,Ταχυδρομικές κάρτες,Postcards
22312000-0,22310000-6,4,Εικόνες,Pictures
22313000-7,22310000-6,4,Χαλκομανίες,Transfers
22314000-4,22310000-6,4,Σχέδια,Designs
22315000-1,22310000-6,4,Φωτογραφίες,Photographs
22320000-9,22300000-3,3,Ευχετήριες κάρτες,Greeting cards
22321000-6,22320000-9,4,Χριστουγεννιάτικες κάρτες,Christmas cards
22400000-4,22000000-0,2,"Γραμματόσημα, επιταγές, τραπεζογραμμάτια, πιστοποιητικά αποθήκης, εμπορικό διαφημιστικό υλικό, κατάλογοι και εγχειρίδια","Stamps, cheque forms, banknotes, stock certificates, trade advertising material, catalogues and manuals"
22410000-7,22400000-4,3,Γραμματόσημα,Stamps
22411000-4,22410000-7,4,Χριστουγεννιάτικα γραμματόσημα,Christmas stamps
22412000-1,22410000-7,4,Νέα γραμματόσημα,New stamps
22413000-8,22410000-7,4,Κουπόνια εμπορικών προσφορών,Savings stamps
22414000-5,22410000-7,4,Θήκες γραμματοσήμων,Mail stamp holders
22420000-0,22400000-4,3,Χαρτί με αποτύπωμα σφραγίδας,Stamp-impressed paper
22430000-3,22400000-4,3,Τραπεζογραμμάτια,Banknotes
22440000-6,22400000-4,3,Επιταγές,Cheque forms
22450000-9,22400000-4,3,Έντυπο υλικό ασφαλείας,Security-type printed matter
22451000-6,22450000-9,4,Διαβατήρια,Passports
22452000-3,22450000-9,4,Ταχυδρομικές εντολές,Postal orders
22453000-0,22450000-9,4,Σήματα τελών κυκλοφορίας,Car-tax discs
22454000-7,22450000-9,4,Άδειες οδήγησης,Driving licences
22455000-4,22450000-9,4,Ταυτότητες,ID cards
22455100-5,22455000-4,5,Περικάρπια αναγνώρισης ταυτότητας,Identity bracelet
22456000-1,22450000-9,4,Άδειες,Permits
22457000-8,22450000-9,4,Κάρτες εισόδου,Entrance cards
22458000-5,22450000-9,4,Δελτία παραγγελίας,Bespoke printed matter
22459000-2,22450000-9,4,Εισιτήρια,Tickets
22459100-3,22459000-2,5,Διαφημιστικά αυτοκόλλητα και ταινίες,Advertising stickers and strips
22460000-2,22400000-4,3,"Εμπορικό διαφημιστικό υλικό, εμπορικοί κατάλογοι και εγχειρίδια","Trade-advertising material, commercial catalogues and manuals"
22461000-9,22460000-2,4,Κατάλογοι,Catalogues
22461100-0,22461000-9,5,Θήκες καταλόγων,List holders
22462000-6,22460000-2,4,Διαφημιστικό υλικό,Advertising material
22470000-5,22400000-4,3,Εγχειρίδια,Manuals
22471000-2,22470000-5,4,Εγχειρίδια ηλεκτρονικών υπολογιστών,Computer manuals
22472000-9,22470000-5,4,Εγχειρίδια οδηγιών χρήσης,Instruction manuals
22473000-6,22470000-5,4,Τεχνικά εγχειρίδια,Technical manuals
22500000-5,22000000-0,2,Εκτυπωτικές πλάκες ή κύλινδροι ή άλλα μέσα που χρησιμοποιούνται στις εκτυπώσεις,Printing plates or cylinders or other media for use in printing
22510000-8,22500000-5,3,Πλάκες όφσετ,Offset plates
22520000-1,22500000-5,3,Εξοπλισμός ξηρής χάραξης,Dry-etching equipment
22521000-8,22520000-1,4,Εξοπλισμός ανάγλυφης αποτύπωσης,Embossing equipment
22600000-6,22000000-0,2,Μελάνη,Ink
22610000-9,22600000-6,3,Τυπογραφική μελάνη,Printing ink
22611000-6,22610000-9,4,Μελάνη βαθυτυπίας,Intaglio ink
22612000-3,22610000-9,4,Σινική μελάνη,India ink
22800000-8,22000000-0,2,"Μητρώα από χαρτί ή χαρτόνι, λογιστικά βιβλία, κλασέρ, έντυπα και άλλα τυπωμένα χαρτικά είδη","Paper or paperboard registers, account books, binders, forms and other articles of printed stationery"
22810000-1,22800000-8,3,Μητρώα από χαρτί ή χαρτόνι,Paper or paperboard registers
22813000-2,22810000-1,4,Λογιστικά βιβλία,Account books
22814000-9,22810000-1,4,Μπλοκ αποδείξεων,Receipt books
22815000-6,22810000-1,4,Σημειωματάρια,Notebooks
22816000-3,22810000-1,4,Μπλοκ,Pads
22816100-4,22816000-3,5,Μπλοκ σημειώσεων,Note pads
22816200-5,22816000-3,5,Τετράδια στενογραφίας,Shorthand notebook
22816300-6,22816000-3,5,Αυτοκόλλητα σημειωματάρια,Sticky-note pads
22817000-0,22810000-1,4,Ημερολόγια ή προσωπικές ατζέντες,Diaries or personal organisers
22819000-4,22810000-1,4,Βιβλία διευθύνσεων,Address books
22820000-4,22800000-8,3,Έντυπα,Forms
22821000-1,22820000-4,4,Εκλογικά έντυπα,Electoral forms
22822000-8,22820000-4,4,Επαγγελματικά έντυπα,Business forms
22822100-9,22822000-8,5,Συνεχή επαγγελματικά έντυπα,Continuous business forms
22822200-0,22822000-8,5,Μη συνεχή επαγγελματικά έντυπα,Non-continuous business forms
22830000-7,22800000-8,3,Τετράδια,Exercise books
22831000-4,22830000-7,4,Ανταλλακτικό χαρτί για σχολικά τετράδια,Refills for school notebooks
22832000-1,22830000-7,4,Φύλλα γραφής,Exercise papers
22840000-0,22800000-8,3,Λευκώματα για δείγματα,Albums for samples
22841000-7,22840000-0,4,Λευκώματα για συλλογές,Collection albums
22841100-8,22841000-7,5,Βιβλία γραμματοσήμων,Stamp books
22841200-9,22841000-7,5,Βιβλία συλλογών γραμματοσήμων,Philatelic binders
22850000-3,22800000-8,3,Κλασέρ και εξαρτήματα,Binders and related accessories
22851000-0,22850000-3,4,Κλασέρ,Binders
22852000-7,22850000-3,4,Ντοσιέ,Folders
22852100-8,22852000-7,5,Καλύμματα εγγράφων,File covers
22853000-4,22850000-3,4,Θήκες εγγράφων,File holders
22900000-9,22000000-0,2,Ποικίλα έντυπα υλικά,Miscellaneous printed matter
22990000-6,22900000-9,3,"Δημοσιογραφικός χάρτης, χειροποίητο χαρτί και άλλο μη επιχρισμένο χαρτί ή χαρτόνι για γραφική χρήση","Newsprint, handmade paper and other uncoated paper or paperboard for graphic purposes"
22991000-3,22990000-6,4,Δημοσιογραφικό χαρτί,Paper for newsprint
22992000-0,22990000-6,4,Χειροποίητο χαρτί ή χαρτόνι,Hand-made paper or paperboard
22993000-7,22990000-6,4,"Φωτοευαίσθητο, θερμοευαίσθητο ή θερμογραφικό χαρτί και χαρτόνι","Photosensitive, heat-sensitive or thermographic paper and paperboard"
22993100-8,22993000-7,5,Φωτοευαίσθητο χαρτί ή χαρτόνι,Photosensitive paper or paperboard
22993200-9,22993000-7,5,Θερμοευαίσθητο χαρτί ή χαρτόνι,Heat-sensitive paper or paperboard
22993300-0,22993000-7,5,Θερμογραφικό χαρτί ή χαρτόνι,Thermographic paper or paperboard
22993400-1,22993000-7,5,Κυματοειδές χαρτί ή χαρτόνι,Corrugated paper or paperboard
24000000-4,,1,Χημικά προϊόντα,Chemical products
24100000-5,24000000-4,2,Αέρια,Gases
24110000-8,24100000-5,3,Βιομηχανικά αέρια,Industrial gases
24111000-5,24110000-8,4,"Υδρογόνο, αργόν, ευγενή αέρια, άζωτο και οξυγόνο","Hydrogen, argon, rare gases, nitrogen and oxygen"
24111100-6,24111000-5,5,Αργόν,Argon
24111200-7,24111000-5,5,Ευγενή αέρια,Rare gases
24111300-8,24111000-5,5,Ήλιο,Helium
24111400-9,24111000-5,5,Νέον,Neon
24111500-0,24111000-5,5,Ιατρικά αέρια,Medical gases
24111600-1,24111000-5,5,Υδρογόνο,Hydrogen
24111700-2,24111000-5,5,Άζωτο,Nitrogen
24111800-3,24111000-5,5,Υγροποιημένο άζωτο,Liquid nitrogen
24111900-4,24111000-5,5,Οξυγόνο,Oxygen
24112000-2,24110000-8,4,Ανόργανες οξυγονούχες ενώσεις,Inorganic oxygen compounds
24112100-3,24112000-2,5,Διοξείδιο του άνθρακα,Carbon dioxide
24112200-4,24112000-2,5,Οξείδια του αζώτου,Nitrogen oxides
24112300-5,24112000-2,5,Αέριες ανόργανες οξυγονούχες ενώσεις,Gaseous inorganic oxygen compounds
24113000-9,24110000-8,4,Υγροποιημένος και πεπιεσμένος αέρας,Liquid and compressed air
24113100-0,24113000-9,5,Υγροποιημένος αέρας,Liquid air
24113200-1,24113000-9,5,Πεπιεσμένος αέρας,Compressed air
24200000-6,24000000-4,2,Χρώματα και χρωστικές ουσίες,Dyes and pigments
24210000-9,24200000-6,3,"Οξείδια, υπεροξείδια και υδροξείδια","Oxides, peroxides and hydroxides"
24211000-6,24210000-9,4,"Οξείδιο και υπεροξείδιο του ψευδαργύρου· οξείδιο του τιτανίου, χρώματα και χρωστικές ουσίες","Zinc oxide and peroxide, titanium oxide, dyes and pigments"
24211100-7,24211000-6,5,Οξείδιο του ψευδαργύρου,Zinc oxide
24211200-8,24211000-6,5,Υπεροξείδιο του ψευδαργύρου,Zinc peroxide
24211300-9,24211000-6,5,Οξείδιο του τιτανίου,Titanium oxide
24212000-3,24210000-9,4,"Οξείδια και υδροξείδια χρωμίου, μαγγανίου, μαγνησίου, μολύβδου και χαλκού","Chromium, manganese, magnesium, lead and copper oxides and hydroxides"
24212100-4,24212000-3,5,Οξείδιο του χρωμίου,Chromium oxide
24212200-5,24212000-3,5,Οξείδιο του μαγγανίου,Manganese oxide
24212300-6,24212000-3,5,Οξείδιο του μολύβδου,Lead oxide
24212400-7,24212000-3,5,Οξείδιο του χαλκού,Copper oxide
24212500-8,24212000-3,5,Οξείδιο του μαγνησίου,Magnesium oxide
24212600-9,24212000-3,5,Υδροξείδια για βαφές και χρωστικές ουσίες,Hydroxides for dyes and pigments
24212610-2,24212600-9,6,Υδροξείδιο του χρωμίου,Chromium hydroxide
24212620-5,24212600-9,6,Υδροξείδιο του μαγγανίου,Manganese hydroxide
24212630-8,24212600-9,6,Υδροξείδιο του μολύβδου,Lead hydroxide
24212640-1,24212600-9,6,Υδροξείδιο του χαλκού,Copper hydroxide
24212650-4,24212600-9,6,Υδροξείδιο του μαγνησίου,Magnesium hydroxide
24213000-0,24210000-9,4,Ένυδρη άσβεστος,Hydrated lime
24220000-2,24200000-6,3,"Δεψικά και βαφικά εκχυλίσματα, τανίνες και χρωστικές ύλες","Tanning extracts, dyeing extracts, tannins and colouring matter"
24221000-9,24220000-2,4,Χρωστικά εκχυλίσματα,Dyeing extracts
24222000-6,24220000-2,4,Δεψικά εκχυλίσματα,Tanning extracts
24223000-3,24220000-2,4,Τανίνες,Tannins
24224000-0,24220000-2,4,Χρωστικές ύλες,Colouring matter
24225000-7,24220000-2,4,Παρασκευάσματα τανίνης,Tanning preparations
24300000-7,24000000-4,2,Βασικές ανόργανες και οργανικές χημικές ουσίες,Basic inorganic and organic chemicals
24310000-0,24300000-7,3,Βασικές ανόργανες χημικές ουσίες,Basic inorganic chemicals
24311000-7,24310000-0,4,"Χημικά στοιχεία, ανόργανα οξέα και ενώσεις","Chemical elements, inorganic acids and compounds"
24311100-8,24311000-7,5,Μεταλλοειδή,Metalloids
24311110-1,24311100-8,6,Φωσφίδια,Phosphides
24311120-4,24311100-8,6,Καρβίδια,Carbides
24311130-7,24311100-8,6,Υδρίδια,Hydrides
24311140-0,24311100-8,6,Νιτρίδια,Nitrides
24311150-3,24311100-8,6,Αζωτίδια,Azides
24311160-6,24311100-8,6,Πυριτίδια,Silicides
24311170-9,24311100-8,6,Βορίδια,Borides
24311180-2,24311100-8,6,Εξευγενισμένο θείο,Refined sulphur
24311200-9,24311000-7,5,Αλογονούχες ή θειούχες ενώσεις,Halogen
24311300-0,24311000-7,5,Μέταλλα αλκαλίων,Alkali metals
24311310-3,24311300-0,6,Υδράργυρος,Mercury
24311400-1,24311000-7,5,"Υδροχλώριο, ανόργανα οξέα, διοξείδιο του πυριτίου και διοξείδιο του θείου","Hydrogen chloride, inorganic acids, silicon dioxide and sulphur dioxide"
24311410-4,24311400-1,6,Ανόργανα οξέα,Inorganic acids
24311411-1,24311410-4,7,Θειικό οξύ,Sulphuric acid
24311420-7,24311400-1,6,Φωσφορικό οξύ,Phosphoric acid
24311430-0,24311400-1,6,Πολυφωσφορικά οξέα,Polyphosphoric acids
24311440-3,24311400-1,6,Εξαφθοροπυριτικό οξύ,Hexafluorosilicic acid
24311450-6,24311400-1,6,Διοξείδιο του θείου,Sulphur dioxide
24311460-9,24311400-1,6,Πυρίτιο,Silicon dioxide
24311470-2,24311400-1,6,Υδροχλώριο,Hydrogen chloride
24311500-2,24311000-7,5,Υδροξείδια ως βασικές ανόργανες χημικές ουσίες,Hydroxides as basic inorganic chemicals
24311510-5,24311500-2,6,Οξείδια μετάλλων,Metal oxides
24311511-2,24311510-5,7,Σιδηροπυρίτες και οξείδια του σιδήρου,Iron pyrites and iron oxides
24311520-8,24311500-2,6,Υδροξείδιο του νατρίου,Sodium hydroxide
24311521-5,24311520-8,7,Καυστική σόδα,Caustic soda
24311522-2,24311520-8,7,Υγρή σόδα,Liquid soda
24311600-3,24311000-7,5,Ενώσεις θείου,Sulphur compounds
24311700-4,24311000-7,5,Θείο,Sulphur
24311800-5,24311000-7,5,Άνθρακας,Carbon
24311900-6,24311000-7,5,Χλώριο,Chlorine
24312000-4,24310000-0,4,"Αλογονούχα άλατα μετάλλων· υποχλωριώδη, χλωρικά και υπερχλωρικά","Metallic halogenates; hypochlorites, chlorates and perchlorates"
24312100-5,24312000-4,5,Αλογονούχα άλατα μετάλλων,Metallic halogenates
24312110-8,24312100-5,6,Εξαφθοροπυριτικό νάτριο,Sodium hexafluorosilicate
24312120-1,24312100-5,6,Χλωρίδια,Chlorides
24312121-8,24312120-1,7,Χλωριούχο αργίλιο,Aluminium chloride
24312122-5,24312120-1,7,Χλωριούχος σίδηρος,Ferric chloride
24312123-2,24312120-1,7,Πολυχλωριούχο αργίλιο,Poly aluminium chloride
24312130-4,24312100-5,6,Χλωροϋδρικό αργίλιο,Aluminium chlorohydrate
24312200-6,24312000-4,5,Υποχλωριώδη και χλωρικά άλατα,Hypochlorites and chlorates
24312210-9,24312200-6,6,Χλωριώδες νάτριο,Sodium chlorite
24312220-2,24312200-6,6,Υποχλωριώδες νάτριο,Sodium hypochlorite
24313000-1,24310000-0,4,"Θειούχα και θειικά άλατα· νιτρικά, φωσφορικά και ανθρακικά άλατα","Sulphides, sulphates; nitrates, phosphates and carbonates"
24313100-2,24313000-1,5,"Θειούχα, θειώδη και θειικά άλατα","Sulphides, sulphites and sulphates"
24313110-5,24313100-2,6,Διάφορα θειούχα άλατα,Miscellaneous sulphides
24313111-2,24313110-5,7,Υδρόθειο,Hydrogen sulphide
24313112-9,24313110-5,7,Πολυθειούχα άλατα,Polysulphides
24313120-8,24313100-2,6,Θειικά άλατα,Sulphates
24313121-5,24313120-8,7,Θειοθειικό νάτριο,Sodium thiosulphate
24313122-2,24313120-8,7,Θειικός σίδηρος,Ferric sulphate
24313123-9,24313120-8,7,Θειικό άλας αργιλίου,Sulphate of aluminium
24313124-6,24313120-8,7,Θειικά άλατα νατρίου,Sodium sulphate
24313125-3,24313120-8,7,Θειικό άλας σιδήρου,Iron sulphate
24313126-0,24313120-8,7,Θειικό άλας χαλκού,Copper sulphate
24313200-3,24313000-1,5,"Φωσφινικά, φωσφονικά, φωσφορικά και πολυφωσφορικά άλατα","Phosphinates, phosphonates, phosphates and polyphosphates"
24313210-6,24313200-3,6,Εξαμεταφωσφορικό νάτριο,Sodium hexametaphosphate
24313220-9,24313200-3,6,Φωσφορικά άλατα,Phosphates
24313300-4,24313000-1,5,Ανθρακικά άλατα,Carbonates
24313310-7,24313300-4,6,Ανθρακικό νάτριο,Sodium carbonate
24313320-0,24313300-4,6,Διττανθρακικό νάτριο,Sodium bicarbonate
24313400-5,24313000-1,5,Νιτρικά άλατα,Nitrates
24314000-8,24310000-0,4,Άλατα μετάλλων,Miscellaneous metal acid salts
24314100-9,24314000-8,5,Υπερμαγγανικό κάλιο,Potassium permanganate
24314200-0,24314000-8,5,Άλατα οξομεταλλικών οξέων,Oxometallic acid salts
24315000-5,24310000-0,4,Ανόργανες χημικές ενώσεις,Miscellaneous inorganic chemicals
24315100-6,24315000-5,5,"Βαρύ ύδωρ, άλλα ισότοπα και ενώσεις τους","Heavy water, other isotopes and their compounds"
24315200-7,24315000-5,5,"Κυανίδια, οξείδια των κυανιδίων, κροτικά, κυανικά, πυριτικά, βορικά και υπερβορικά άλατα, άλατα ανόργανων οξέων","Cyanide, cyanide oxide, fulminates, cyanates, silicates, borates, perborates, salts of inorganic acids"
24315210-0,24315200-7,6,Κυανίδια,Cyanides
24315220-3,24315200-7,6,Κυανιούχα οξείδια,Cyanide oxide
24315230-6,24315200-7,6,Κροτικά άλατα,Fulminates
24315240-9,24315200-7,6,Κυανικά άλατα,Cyanates
24315300-8,24315000-5,5,Υπεροξείδιο του υδρογόνου,Hydrogen peroxide
24315400-9,24315000-5,5,Πιεζοηλεκτρικός χαλαζίας,Piezo-electric quartz
24315500-0,24315000-5,5,Ενώσεις μετάλλων σπανίων γαιών,Compounds of rare earth metals
24315600-1,24315000-5,5,Πυριτικά άλατα,Silicates
24315610-4,24315600-1,6,Πυριτικό νάτριο,Sodium silicate
24315700-2,24315000-5,5,Βορικά και υπερβορικά άλατα,Borates and perborates
24316000-2,24310000-0,4,Απεσταγμένο νερό,Distilled water
24317000-9,24310000-0,4,Συνθετικοί λίθοι,Synthetic stones
24317100-0,24317000-9,5,Συνθετικοί πολύτιμοι λίθοι,Synthetic precious stones
24317200-1,24317000-9,5,Συνθετικοί ημιπολύτιμοι λίθοι,Synthetic semi-precious stones
24320000-3,24300000-7,3,Βασικές οργανικές χημικές ουσίες,Basic organic chemicals
24321000-0,24320000-3,4,Υδρογονάνθρακες,Hydrocarbons
24321100-1,24321000-0,5,Κεκορεσμένοι υδρογονάνθρακες,Saturated hydrocarbons
24321110-4,24321100-1,6,Κεκορεσμένοι άκυκλοι υδρογονάνθρακες,Saturated acyclic hydrocarbons
24321111-1,24321110-4,7,Μεθάνιο,Methane
24321112-8,24321110-4,7,Αιθυλένιο,Ethylene
24321113-5,24321110-4,7,Προπένιο,Propene
24321114-2,24321110-4,7,Βουτένιο,Butene
24321115-9,24321110-4,7,Ακετυλένιο,Acetylene
24321120-7,24321100-1,6,Κεκορεσμένοι κυκλικοί υδρογονάνθρακες,Saturated cyclic hydrocarbons
24321200-2,24321000-0,5,Ακόρεστοι υδρογονάνθρακες,Unsaturated hydrocarbons
24321210-5,24321200-2,6,Ακόρεστοι άκυκλοι υδρογονάνθρακες,Unsaturated acyclic hydrocarbons
24321220-8,24321200-2,6,Ακόρεστοι κυκλικοί υδρογονάνθρακες,Unsaturated cyclic hydrocarbons
24321221-5,24321220-8,7,Βενζένιο,Benzene
24321222-2,24321220-8,7,Τολουένιο,Toluene
24321223-9,24321220-8,7,Ο-ξυλένια,O-xylenes
24321224-6,24321220-8,7,M-ξυλένια,M-xylenes
24321225-3,24321220-8,7,Στυρένιο,Styrene
24321226-0,24321220-8,7,Αιθυλοβενζόλιο,Ethylbenzene
24321300-3,24321000-0,5,Χλωριωμένα παράγωγα άκυκλων υδρογονανθράκων,Other halogenated derivatives of hydrocarbons
24321310-6,24321300-3,6,Τετραχλωραιθυλένιο,Tetrachloroethylene
24321320-9,24321300-3,6,Τετραχλωράνθρακας,Carbon tetrachloride
24322000-7,24320000-3,4,"Αλκοόλες, φαινόλες, φαινολαλκοόλες και τα αλογονωμένα, θειωμένα, νιτρωμένα, ή νιτριδωμένα παράγωγά τους· βιομηχανικές λιπαρές αλκοόλες","Alcohols, phenols, phenol-alcohols and their halogenated, sulphonated, nitrated or nitrosated derivatives; industrial fatty alcohols"
24322100-8,24322000-7,5,Βιομηχανικές λιπαρές αλκοόλες,Industrial fatty alcohols
24322200-9,24322000-7,5,Μονοσθενείς αλκοόλες,Monohydric alcohols
24322210-2,24322200-9,6,Μεθανόλη,Methanol
24322220-5,24322200-9,6,Αιθανόλη,Ethanol
24322300-0,24322000-7,5,"Διόλες, πολυαλκοόλες, κυκλικές αλκοόλες και παράγωγά τους","Diols, polyalcohols and derivatives"
24322310-3,24322300-0,6,Αιθυλενογλυκόλη,Ethylene glycol
24322320-6,24322300-0,6,Παράγωγα αλκοόλης,Alcohol derivatives
24322400-1,24322000-7,5,Φαινόλες· φαινολαλκοόλες και παράγωγα φαινολών,Phenols and derivatives
24322500-2,24322000-7,5,Οινόπνευμα,Alcohol
24322510-5,24322500-2,6,Αιθυλική αλκοόλη,Ethyl alcohol
24323000-4,24320000-3,4,Βιομηχανικά μονοκαρβοξυλικά λιπαρά οξέα,Industrial monocarboxylic fatty acids
24323100-5,24323000-4,5,Βιομηχανικά όξινα έλαια προερχόμενα από διύλιση,Acid oils from refining
24323200-6,24323000-4,5,Καρβοξυλικά οξέα,Carboxylic acids
24323210-9,24323200-6,6,Οξικό οξύ,Acetic acid
24323220-2,24323200-6,6,Υπεροξικό οξύ,Peracetic acid
24323300-7,24323000-4,5,Ακόρεστα μονοκαρβοξυλικά οξέα και ενώσεις τους,Unsaturated monocarboxylic acids and compounds
24323310-0,24323300-7,6,Εστέρες του μεθακρυλικού οξέος,Esters of methacrylic acid
24323320-3,24323300-7,6,Εστέρες του ακρυλικού οξέος,Esters of acrylic acid
24323400-8,24323000-4,5,Αρωματικά πολυκαρβοξυλικά και καρβοξυλικά οξέα,Aromatic polycarboxylic and carboxylic acids
24324000-1,24320000-3,4,Οργανικές ενώσεις με αζωτούχο ρίζα,Organic compounds with nitrogen functions
24324100-2,24324000-1,5,Ενώσεις με αμινική ρίζα,Amine function compounds
24324200-3,24324000-1,5,Οξυγονούχες αμινικές ενώσεις,Oxygen-function amino-compounds
24324300-4,24324000-1,5,Ουρεΐνες,Ureines
24324400-5,24324000-1,5,Ενώσεις με αζωτούχες ρίζες,Compounds with nitrogen functions
24325000-8,24320000-3,4,Οργανικές ενώσεις του θείου,Organo-sulphur compounds
24326000-5,24320000-3,4,"Αιθέρες, οργανικά υπεροξείδια, εποξείδια, ακετάλες και ημιακετάλες και οργανικές ενώσεις","Aldehyde, ketone, organic peroxides and ethers"
24326100-6,24326000-5,5,Ενώσεις με αλδεϋδική ρίζα,Aldehyde function compounds
24326200-7,24326000-5,5,Ενώσεις με ρίζα κετόνης και κινόνης,Ketone and quinone function compounds
24326300-8,24326000-5,5,Οργανικά υπεροξείδια,Organic peroxides
24326310-1,24326300-8,6,Αιθυλενοξείδιο,Ethylene oxide
24326320-4,24326300-8,6,Αιθέρες,Ethers
24327000-2,24320000-3,4,Διάφορα χημικά προϊόντα,Miscellaneous organic chemicals
24327100-3,24327000-2,5,Παράγωγα φυτικών προϊόντων βαφής,Vegetable derivatives for dyeing
24327200-4,24327000-2,5,Ξυλάνθρακες,Wood charcoal
24327300-5,24327000-2,5,"Έλαια και άλλα προϊόντα της απόσταξης της λιθανθρακόπισσας σε υψηλή θερμοκρασία, πίσσα και πισσάσφαλτος","Oils and products of the distillation of high-temperature coal tar, pitch and pitch tar"
24327310-8,24327300-5,6,Λιθανθρακόπισσα,Coal tar
24327311-5,24327310-8,7,Κρεόζωτο,Creosote
24327320-1,24327300-5,6,Πίσσα,Pitch
24327330-4,24327300-5,6,Πισσάσφαλτος,Pitch tar
24327400-6,24327000-2,5,Προϊόντα ρητίνης,Resin products
24327500-7,24327000-2,5,Υγρά κατάλοιπα από την κατεργασία του ξυλοπολτού,Residual lyes from the manufacture of wood pulp
24400000-8,24000000-4,2,Λιπάσματα και ενώσεις του αζώτου,Fertilisers and nitrogen compounds
24410000-1,24400000-8,3,Αζωτούχα λιπάσματα,Nitrogenous fertilisers
24411000-8,24410000-1,4,Νιτρικό οξύ,Nitric acid and salts
24411100-9,24411000-8,5,Νιτρικό νάτριο,Sodium nitrate
24412000-5,24410000-1,4,Σουλφονιτρικά οξέα,Sulphonitric acids
24413000-2,24410000-1,4,Αμμωνία,Ammonia
24413100-3,24413000-2,5,Αμμωνία σε υγρή μορφή,Liquid ammonia
24413200-4,24413000-2,5,Χλωριούχο αμμώνιο,Ammonium chloride
24413300-5,24413000-2,5,Θειικό αμμώνιο,Ammonium sulphate
24420000-4,24400000-8,3,Φωσφορικά λιπάσματα,Phosphatic fertilisers
24421000-1,24420000-4,4,Ανόργανα φωσφορικά λιπάσματα,Mineral phosphatic fertilisers
24422000-8,24420000-4,4,Φωσφορικά χημικά λιπάσματα,Chemical phosphatic fertilisers
24430000-7,24400000-8,3,Ζωικά ή φυτικά λιπάσματα,Animal or vegetal fertilisers
24440000-0,24400000-8,3,Διάφορα λιπάσματα,Miscellaneous fertilisers
24450000-3,24400000-8,3,Αγροχημικά προϊόντα,Agro-chemical products
24451000-0,24450000-3,4,Παρασιτοκτόνα,Pesticides
24452000-7,24450000-3,4,Εντομοκτόνα,Insecticides
24453000-4,24450000-3,4,Ζιζανιοκτόνα,Herbicides
24454000-1,24450000-3,4,Ρυθμιστές της ανάπτυξης των φυτών,Plant-growth regulators
24455000-8,24450000-3,4,Απολυμαντικά,Disinfectants
24456000-5,24450000-3,4,Μυοκτόνα,Rodenticides
24457000-2,24450000-3,4,Μυκητοκτόνα,Fungicides
24500000-9,24000000-4,2,Πλαστικά σε πρωτογενείς μορφές,Plastics in primary forms
24510000-2,24500000-9,3,Πολυμερή του αιθυλενίου σε πρωτογενείς μορφές,Primary-form polymers of ethylene
24520000-5,24500000-9,3,Πολυμερή του προπυλενίου σε πρωτογενείς μορφές,Primary-form polymers of propylene
24530000-8,24500000-9,3,Πολυμερή του στυρολίου σε πρωτογενείς μορφές,Primary-form polymers of styrene
24540000-1,24500000-9,3,Πολυμερή του βινυλίου σε πρωτογενείς μορφές,Primary-form of vinyl polymers
24541000-8,24540000-1,4,Πολυμερή του οξικού βινύλιου σε πρωτογενείς μορφές,Primary-form polymers of vinyl acetate
24542000-5,24540000-1,4,Ακρυλικά πολυμερή σε πρωτογενείς μορφές,Primary-form acrylic polymers
24550000-4,24500000-9,3,Πολυεστέρες σε πρωτογενείς μορφές,Primary-form of polyesters
24560000-7,24500000-9,3,Πολυαμίδια σε πρωτογενείς μορφές,Primary-form polyamides
24570000-0,24500000-9,3,Ρητίνες ουρίας σε πρωτογενείς μορφές,Primary-form urea resins
24580000-3,24500000-9,3,Αμινορητίνες σε πρωτογενείς μορφές,Primary-form amino-resins
24590000-6,24500000-9,3,Σιλικόνες σε πρωτογενείς μορφές,Primary-form silicones
24600000-0,24000000-4,2,Εκρηκτικά,Explosives
24610000-3,24600000-0,3,Έτοιμα εκρηκτικά,Prepared explosives
24611000-0,24610000-3,4,Προωθητική πυρίτιδα,Propellant powders
24611100-1,24611000-0,5,Καύσιμα προπεργόλης,Propergol fuels
24612000-7,24610000-3,4,Διάφορα εκρηκτικά,Miscellaneous explosives
24612100-8,24612000-7,5,Δυναμίτιδα,Dynamite
24612200-9,24612000-7,5,ΤΝΤ,TNT
24612300-0,24612000-7,5,Νιτρογλυκερίνη,Nitro-glycerine
24613000-4,24610000-3,4,"Φωτοβολίδες σηματοδότησης, ρουκέτες βροχής, σήματα ομίχλης και είδη πυροτεχνίας","Signalling flares, rain rockets, fog signals and pyrotechnic articles"
24613100-5,24613000-4,5,Κροτίδες εκφοβισμού πτηνών,Bird-scaring cartridges
24613200-6,24613000-4,5,Πυροτεχνήματα,Fireworks
24615000-8,24610000-3,4,"Πυραγωγά φυτίλια, καψύλια, εναυστήρες και ηλεκτρικοί πυροκροτητές","Fuses, caps, igniters and electric detonators"
24900000-3,24000000-4,2,Εκλεπτυσμένα και ποικίλα χημικά προϊόντα,Fine and various chemical products
24910000-6,24900000-3,3,Κόλλες,Glues
24911000-3,24910000-6,4,Ζελατίνες,Gelatines
24911200-5,24911000-3,5,Συγκολλητικά μέσα,Adhesives
24920000-9,24900000-3,3,Αιθέρια έλαια,Essential oils
24930000-2,24900000-3,3,Φωτογραφικά χημικά υλικά,Photographic chemicals
24931000-9,24930000-2,4,Φωτογραφικές πλάκες και φιλμ,Photographic plates and films
24931200-1,24931000-9,5,Ευαισθητοποιημένα γαλακτώματα για φωτογραφική χρήση,Emulsions for photographic use
24931210-4,24931200-1,6,Προϊόντα εμφάνισης φωτογραφιών,Photographic developers
24931220-7,24931200-1,6,Υλικά στερέωσης φωτογραφιών,Photographic fixers
24931230-0,24931200-1,6,Προϊόντα εμφάνισης ακτινογραφιών,X-ray developers
24931240-3,24931200-1,6,Υλικά στερέωσης ακτινογραφιών,X-ray fixers
24931250-6,24931200-1,6,Μέσα εργαστηριακής καλλιέργειας,Culture medium
24931260-9,24931200-1,6,Ενισχυτικά έντασης της εικόνας,Image intensifiers
24950000-8,24900000-3,3,Χημικά παρασκευάσματα,Specialised chemical products
24951000-5,24950000-8,4,Γράσα και λιπαντικά,Greases and lubricants
24951100-6,24951000-5,5,Λιπαντικά,Lubricants
24951110-9,24951100-6,6,Λάσπη γεωτρήσεων,Drilling mud
24951120-2,24951100-6,6,Λίπος σιλικόνης,Silicon grease
24951130-5,24951100-6,6,Υγρά τρυπανιών,Drilling fluids
24951200-7,24951000-5,5,Πρόσθετα για ορυκτέλαια,Additives for oils
24951210-0,24951200-7,6,Σκόνη γόμωσης πυροσβεστήρων,Fire-extinguisher powder
24951220-3,24951200-7,6,Μέσα γόμωσης πυροσβεστήρων,Fire-extinguisher agents
24951230-6,24951200-7,6,Υλικά γόμωσης πυροσβεστήρων,Fire-extinguisher charges
24951300-8,24951000-5,5,Υδραυλικά υγρά,Hydraulic fluids
24951310-1,24951300-8,6,Αποπαγωτικά υγρά,De-icing agents
24951311-8,24951310-1,7,Αντιψυκτικά παρασκευάσματα,Anti-freezing preparations
24951400-9,24951000-5,5,Χημικώς τροποποιημένα λίπη και έλαια,Chemically-modified fats and oils
24952000-2,24950000-8,4,Πολτοί προπλασμάτων,Modelling pastes
24952100-3,24952000-2,5,Οδοντιατρικός κηρός,Dental wax
24953000-9,24950000-8,4,Υλικά φινιρίσματος,Finishing agents
24954000-6,24950000-8,4,Ενεργός άνθρακας,Activated carbon
24954100-7,24954000-6,5,Πρωτογενής ενεργός άνθρακας,New activated carbon
24954200-8,24954000-6,5,Αναγεννημένος ενεργός άνθρακας,Regenerated activated carbon
24955000-3,24950000-8,4,Χημικές τουαλέτες,Chemical toilets
24956000-0,24950000-8,4,Πεπτόνες και πρωτεϊνικές ουσίες,Peptones and protein substances
24957000-7,24950000-8,4,Χημικά πρόσθετα,Chemical additives
24957100-8,24957000-7,5,Παρασκευασμένες συνδετικές ύλες για μήτρες ή πυρήνες χυτηρίων,Prepared binders for foundry moulds or cores
24957200-9,24957000-7,5,"Συνθετικές πρόσθετες ύλες για τσιμεντοκονιάματα, ασβεστοκονιάματα ή σκυροδέματα","Additives for cements, mortars or concretes"
24958000-4,24950000-8,4,Χημικά προϊόντα για τη βιομηχανία πετρελαίου και φυσικού αερίου,Chemical products for the oil and gas industry
24958100-5,24958000-4,5,Χημικά ενδοδιατρητικών εργασιών,Downhole chemicals
24958200-6,24958000-4,5,Κροκιδωτικά μέσα,Flocculating agents
24958300-7,24958000-4,5,Χημικές ουσίες ιλύος,Mud chemicals
24958400-8,24958000-4,5,Φύσιγγες γέλης για την εξουδετέρωση εκρηκτικών,Gel ampoules for stemming explosives
24959000-1,24950000-8,4,Αεροζόλ και χημικά στοιχεία σε μορφή δισκίου,Aerosols and chemicals in disc form
24959100-2,24959000-1,5,Αεροζόλ,Aerosols
24959200-3,24959000-1,5,Χημικά στοιχεία σε μορφή δισκίου,Chemical elements in disc form
24960000-1,24900000-3,3,Ποικίλα χημικά προϊόντα,Various chemical products
24961000-8,24960000-1,4,Υγρά ψυγείου αυτοκινήτων,Radiator fluids
24962000-5,24960000-1,4,Χημικά επεξεργασίας νερού,Water-treatment chemicals
24963000-2,24960000-1,4,Αντιδιαβρωτικά προϊόντα,Anti-corrosion products
24964000-9,24960000-1,4,Γλυκερίνη,Glycerol
24965000-6,24960000-1,4,Ένζυμα,Enzymes
30000000-9,,1,"Μηχανήματα γραφείου και υπολογιστές, εξοπλισμός και προμήθειες εκτός από έπιπλα και πακέτα λογισμικών","Office and computing machinery, equipment and supplies except furniture and software packages"
30100000-0,30000000-9,2,"Μηχανήματα γραφείου, εξοπλισμός και προμήθειες εκτός από ηλεκτρονικούς υπολογιστές, εκτυπωτές και έπιπλα","Office machinery, equipment and supplies except computers, printers and furniture"
30110000-3,30100000-0,3,Μηχανήματα επεξεργασίας κειμένου,Word-processing machines
30111000-0,30110000-3,4,Επεξεργαστές κειμένων,Word processors
30120000-6,30100000-0,3,Φωτοαντιγραφικές συσκευές και εκτυπωτικά μηχανήματα όφσετ,Photocopying and offset printing equipment
30121000-3,30120000-6,4,Φωτοαντιγραφικές και θερμοαντιγραφικές συσκευές,Photocopying and thermocopying equipment
30121100-4,30121000-3,5,Φωτοαντιγραφικά,Photocopiers
30121200-5,30121000-3,5,Φωτοαντιγραφικές συσκευές,Photocopying equipment
30121300-6,30121000-3,5,Μηχανήματα αναπαραγωγής εγγράφων,Reproduction equipment
30121400-7,30121000-3,5,Μηχανές αναπαραγωγής εγγράφων,Duplicating machines
30121410-0,30121400-7,6,Συσκευές τηλεομοιοτυπίας,Faxswitch machines
30121420-3,30121400-7,6,Ψηφιακοί πομποί,Digital senders
30121430-6,30121400-7,6,Ψηφιακοί πολύγραφοι,Digital duplicators
30122000-0,30120000-6,4,Εκτυπωτικά μηχανήματα όφσετ γραφείου,Office-type offset printing machinery
30122100-1,30122000-0,5,Συστήματα ψηφιακής εκτύπωσης όφσετ,Digital offset systems
30122200-2,30122000-0,5,Εξοπλισμός ψηφιακής εκτύπωσης όφσετ,Digital offset equipments
30123000-7,30120000-6,4,Μηχανές γραφείου και επαγγελματικές μηχανές,Office and business machines
30123100-8,30123000-7,5,Μηχανές ακύρωσης εισιτηρίων,Ticket-validation machines
30123200-9,30123000-7,5,Μηχανήματα αυτόματης διάθεσης τραπεζογραμματίων,Automatic cash dispensers
30123300-0,30123000-7,5,Μηχανήματα αναπαραγωγής με μεμβράνη,Stencil duplicating machines
30123400-1,30123000-7,5,Μηχανές πτύχωσης,Folding machines
30123500-2,30123000-7,5,Μηχανές διάτρησης,Perforation machines
30123600-3,30123000-7,5,Μηχανές χειρισμού κερμάτων,Coin-handling machines
30123610-6,30123600-3,6,Μηχανές διαλογής κερμάτων,Coin-sorting machines
30123620-9,30123600-3,6,Μηχανές καταμέτρησης κερμάτων,Coin-counting machines
30123630-2,30123600-3,6,Μηχανές συσκευασίας κερμάτων,Coin-wrapping machines
30124000-4,30120000-6,4,Μέρη και εξαρτήματα μηχανών γραφείου,Parts and accessories of office machines
30124100-5,30124000-4,5,Μονάδες σύντηξης,Fusers
30124110-8,30124100-5,6,Έλαιο μονάδας σύντηξης,Fuser oil
30124120-1,30124100-5,6,Ψήκτρα μονάδας τήξης,Fuser wiper
30124130-4,30124100-5,6,Λυχνίες μονάδας σύντηξης,Fuser lamps
30124140-7,30124100-5,6,Πανάκια καθαρισμού μονάδων σύντηξης,Fuser cleaning pad
30124150-0,30124100-5,6,Φίλτρα μονάδων σύντηξης,Fuser filters
30124200-6,30124000-4,5,Κιτ σύντηξης,Fuser kits
30124300-7,30124000-4,5,Κύλινδροι για μηχανήματα γραφείου,Drums for office machine
30124400-8,30124000-4,5,Κασέτες συρραφής,Staple cartridges
30124500-9,30124000-4,5,Εξαρτήματα σαρωτών,Scanner accessories
30124510-2,30124500-9,6,Μηχανές οπισθογράφησης,Endorsers
30124520-5,30124500-9,6,Τροφοδότες εγγράφων για σαρωτές,Scanner document feeders
30124530-8,30124500-9,6,Προσαρμογείς διαφανειών για σαρωτές,Scanner transparency adapters
30125000-1,30120000-6,4,Μέρη και εξαρτήματα φωτοαντιγραφικών συσκευών,Parts and accessories of photocopying apparatus
30125100-2,30125000-1,5,Φυσίγγες σκόνης τόνερ,Toner cartridges
30125110-5,30125100-2,6,Τόνερ για εκτυπωτές λέιζερ/συσκευές τηλεομοιοτυπίας,Toner for laser printers/fax machines
30125120-8,30125100-2,6,Τόνερ για φωτοαντιγραφικές μηχανές,Toner for photocopiers
30125130-1,30125100-2,6,"Τόνερ για κέντρα επεξεργασίας δεδομένων, έρευνας και τεκμηρίωσης",Toner for data-processing and research and documentation centres
30130000-9,30100000-0,3,Εξοπλισμός ταχυδρομείου,Post-office equipment
30131000-6,30130000-9,4,Εξοπλισμός ταξινόμησης αλληλογραφίας,Mailroom equipment
30131100-7,30131000-6,5,Μηχανές πτύχωσης χαρτιού ή φακέλων,Paper or envelope folding machines
30131200-8,30131000-6,5,Μηχανές πλήρωσης φακέλων,Envelope-stuffing machines
30131300-9,30131000-6,5,Μηχανές αποτύπωσης διευθύνσεων,Addressing machines
30131400-0,30131000-6,5,Μηχανές αποτύπωσης ταχυδρομικών τελών,Postage machines
30131500-1,30131000-6,5,Μηχανές ανοίγματος αλληλογραφίας,Mail opening machines
30131600-2,30131000-6,5,Μηχανές σφράγισης αλληλογραφίας,Mail sealing machines
30131700-3,30131000-6,5,Μηχανές ακύρωσης γραμματοσήμων,Stamp canceling machines
30131800-4,30131000-6,5,Μηχανές γραμματοσήμανσης,Stamp affixers
30132000-3,30130000-9,4,Εξοπλισμός διαλογής,Sorting equipment
30132100-4,30132000-3,5,Εξοπλισμός διαλογής αλληλογραφίας,Mail-sorting equipment
30132200-5,30132000-3,5,Μηχανές μέτρησης τραπεζογραμματίων,Banknote counting machines
30132300-6,30132000-3,5,Μηχανές διαλογής,Sorters
30133000-0,30130000-9,4,Εξοπλισμός ταχυδρόμησης,Mailing equipment
30133100-1,30133000-0,5,Εξοπλισμός ταχυδρόμησης φακέλων χύδην,Bulk-mailing equipment
30140000-2,30100000-0,3,Αριθμομηχανές και λογιστικές μηχανές,Calculating and accounting machines
30141000-9,30140000-2,4,Υπολογιστικές μηχανές,Calculating machines
30141100-0,30141000-9,5,Αριθμομηχανές τσέπης,Pocket calculators
30141200-1,30141000-9,5,Επιτραπέζιες αριθμομηχανές,Desktop calculators
30141300-2,30141000-9,5,Αριθμομηχανές με δυνατότητα εκτύπωσης,Printing calculators
30141400-3,30141000-9,5,Μηχανές πρόσθεσης,Adding machines
30142000-6,30140000-2,4,Λογιστικές μηχανές και ταμειακές μηχανές,Accounting machines and cash registers
30142100-7,30142000-6,5,Λογιστικές μηχανές,Accounting machines
30142200-8,30142000-6,5,Ταμειακές μηχανές,Cash registers
30144000-0,30140000-2,4,Μηχανές με ενσωματωμένη υπολογιστική διάταξη,Calculation-type machines
30144100-1,30144000-0,5,Ταχυδρομικές μηχανές γραμματοσήμανσης,Postage-franking machines
30144200-2,30144000-0,5,Μηχανήματα έκδοσης εισιτηρίων,Ticket-issuing machines
30144300-3,30144000-0,5,Μηχανήματα μέτρησης οχημάτων,Vehicle-counting machines
30144400-4,30144000-0,5,Αυτόματη είσπραξη ναύλου με ρίψη κέρματος,Automatic fare collection
30145000-7,30140000-2,4,Μέρη και εξαρτήματα υπολογιστικών μηχανών,Parts and accessories calculating machines
30145100-8,30145000-7,5,Χαρτοταινίες αριθμομηχανών,Calculator rolls
30150000-5,30100000-0,3,Γραφομηχανές,Typewriters
30151000-2,30150000-5,4,Ηλεκτρονικές γραφομηχανές,Electronic typewriters
30152000-9,30150000-5,4,Μέρη και εξαρτήματα γραφομηχανών,Parts and accessories of typewriters
30160000-8,30100000-0,3,Μαγνητικές κάρτες,Magnetic cards
30161000-5,30160000-8,4,Πιστωτικές κάρτες,Credit cards
30162000-2,30160000-8,4,Έξυπνες κάρτες,Smart cards
30163000-9,30160000-8,4,Κάρτες χρέωσης,Charge cards
30163100-0,30163000-9,5,Πιστωτικές κάρτες καυσίμων,Agency fuel cards
30170000-1,30100000-0,3,Μηχανές ετικεταρίσματος,Labelling machines
30171000-8,30170000-1,4,Μηχανές χρονολόγησης ή αρίθμησης,Dating or numbering machines
30172000-5,30170000-1,4,Μηχανές εκτύπωσης αναγνωριστικού κωδικού,Identification ID press machines
30173000-2,30170000-1,4,Μηχανές επικόλλησης ετικετών,Label applying machines
30174000-9,30170000-1,4,Μηχανές ετικετοποίησης,Label making machines
30175000-6,30170000-1,4,Εξοπλισμός απόδοσης χαρακτήρων και συμβόλων,Lettering equipment
30176000-3,30170000-1,4,Μηχανές ανάγλυφης εκτύπωσης σε ταινίες,Tape embosser
30177000-0,30170000-1,4,Αυτόματα συστήματα ετικεταρίσματος,Automatic labelling systems
30178000-7,30170000-1,4,Ημιαυτόματα συστήματα ετικεταρίσματος,Semi automatic labelling systems
30179000-4,30170000-1,4,Διανομείς ετικετών,Label dispensers
30180000-4,30100000-0,3,Μηχανές οπισθογράφησης και συμπλήρωσης επιταγών,Check endorsing and writing machines
30181000-1,30180000-4,4,Μηχανές οπισθογράφησης επιταγών,Check endorsing machines
30182000-8,30180000-4,4,Μηχανές συμπλήρωσης επιταγών,Check writing machines
30190000-7,30100000-0,3,"Διάφορα μηχανήματα γραφείου, εξοπλισμός και προμήθειες",Various office equipment and supplies
30191000-4,30190000-7,4,Εξοπλισμός γραφείου εκτός από έπιπλα,Office equipment except furniture
30191100-5,30191000-4,5,Εξοπλισμός αρχειοθέτησης,Filing equipment
30191110-8,30191100-5,6,Περιστρεφόμενα συστήματα ταξινόμησης καρτών,Card carousel systems
30191120-1,30191100-5,6,Ράφια περιοδικών,Magazine racks
30191130-4,30191100-5,6,Φορητοί πίνακες σημειώσεων με συνδετήρα,Clipboards
30191140-7,30191100-5,6,Εξαρτήματα προσωπικής αναγνώρισης,Personal identification accessories
30191200-6,30191000-4,5,Επιδιασκόπια,Overhead projectors
30191400-8,30191000-4,5,Συσκευές κατατεμαχισμού εγγράφων,Shredders
30192000-1,30190000-7,4,Προμήθειες ειδών γραφείου,Office supplies
30192100-2,30192000-1,5,Γομολάστιχες,Erasers
30192110-5,30192100-2,6,Μελάνια,Ink products
30192111-2,30192110-5,7,Ταμπόν μελάνης,Ink pads
30192112-9,30192110-5,7,Μελανωτήρες για εκτυπωτικά μηχανήματα,Ink sources for printing machinery
30192113-6,30192110-5,7,Φυσίγγες μελάνης,Ink cartridges
30192121-5,30192100-2,7,Στυλογράφοι διαρκείας με μπίλια,Ballpoint pens
30192122-2,30192100-2,7,Στυλογράφοι μελάνης,Fountain pens
30192123-9,30192100-2,7,Μαρκαδοράκια,Fibre pens
30192124-6,30192100-2,7,Μαρκαδόροι,Felt-tipped pens
30192125-3,30192100-2,7,Μαρκαδόροι επισήμανσης,Markers
30192126-0,30192100-2,7,Μηχανικοί στυλογράφοι,Technical pens
30192127-7,30192100-2,7,Θήκες στυλογράφων,Pen holders
30192130-1,30192100-2,6,Μολύβια,Pencils
30192131-8,30192130-1,7,Μηχανικά στυλό,Propelling or sliding pencils
30192132-5,30192130-1,7,Ανταλλακτικές μύτες μολυβιών,Pencil lead refills
30192133-2,30192130-1,7,Ξύστρες μολυβιών,Pencil sharpeners
30192134-9,30192130-1,7,Μολυβοθήκες,Pencil holders
30192150-7,30192100-2,6,Σφραγίδες αναγραφής ημερομηνιών,Date stamps
30192151-4,30192150-7,7,Σφραγίδες σφάγισης,Sealing stamps
30192152-1,30192150-7,7,Σφραγίδες αρίθμησης,Numbering stamps
30192153-8,30192150-7,7,Σφραγίδες με φράσεις,Phrase stamps
30192154-5,30192150-7,7,Ανταλλακτικοί μελανωτήρες,Replacement stamp pads
30192155-2,30192150-7,7,Υποδοχές σφραγίδων γραφείου,Office stamp holders
30192160-0,30192100-2,6,Διορθωτικά,Correctors
30192170-3,30192100-2,6,Πίνακες ανακοινώσεων,Notice boards
30192200-3,30192000-1,5,Ταινίες μέτρησης,Measuring tapes
30192300-4,30192000-1,5,Μελανοταινίες,Ink ribbons
30192310-7,30192300-4,6,Μελανοταινίες γραφομηχανών,Typewriter ribbons
30192320-0,30192300-4,6,Μελανοταινίες εκτυπωτών,Printer ribbons
30192330-3,30192300-4,6,Μελανοταινίες και κύλινδροι αριθμομηχανών,Calculator ribbons and drums
30192340-6,30192300-4,6,Μελανοταινίες συσκευών τηλεομοιοτυπίας,Facsimile ribbons
30192350-9,30192300-4,6,Μελανοταινίες αριθμομηχανών,Cash register ribbons
30192400-5,30192000-1,5,Είδη για συσκευές αναπαραγωγής εγγράφων,Reprographic supplies
30192500-6,30192000-1,5,Διαφάνειες μηχανημάτων προβολής,Overhead transparencies
30192600-7,30192000-1,5,Πίνακες σχεδίασης,Drawing boards
30192700-8,30192000-1,5,Γραφική ύλη,Stationery
30192800-9,30192000-1,5,Αυτοκόλλητες ετικέτες,Self-adhesive labels
30192900-0,30192000-1,5,Διορθωτικά μέσα,Correction media
30192910-3,30192900-0,6,Διορθωτικές μεμβράνες ή ταινίες,Correction film or tape
30192920-6,30192900-0,6,Διορθωτικό υγρό,Correction fluid
30192930-9,30192900-0,6,Διορθωτικά στυλό,Correction pens
30192940-2,30192900-0,6,Ανταλλακτικά διορθωτικών στυλό,Correction pen refills
30192950-5,30192900-0,6,Ηλεκτρικοί διαγραφείς,Electrical erasers
30193000-8,30190000-7,4,Οργανωτές και εξαρτήματα,Organisers and accessories
30193100-9,30193000-8,5,Οργανωτές συρταριών,Desk drawer organisers
30193200-0,30193000-8,5,Επιτραπέζιοι δίσκοι ή οργανωτές,Desktop trays or organisers
30193300-1,30193000-8,5,Αναρτώμενοι οργανωτές,Hanging organisers
30193400-2,30193000-8,5,Βιβλιοστάτες,Book ends
30193500-3,30193000-8,5,Θήκες εντύπων,Literature rack
30193600-4,30193000-8,5,Βάσεις για προσωπικά ημερολόγια ή ημεροδείκτες,Support for diaries or calendars
30193700-5,30193000-8,5,Κιβώτια αποθήκευσης εγγράφων,File storage box
30193800-6,30193000-8,5,Υποδοχές σημειωμάτων,Message holders
30193900-7,30193000-8,5,Υποδοχές φωτοαντιγράφων,Copy holders
30194000-5,30190000-7,4,Προμήθειες σχεδίασης,Drafting supplies
30194100-6,30194000-5,5,Καμπύλες,Curves
30194200-7,30194000-5,5,"Κουκίδες, ταινίες και μεμβράνες σχεδίασης","Drafting dots, tapes and films"
30194210-0,30194200-7,6,Κουκίδες ή ταινίες σχεδίασης,Drafting dots or tapes
30194220-3,30194200-7,6,Μεμβράνες σχεδίασης,Drafting films
30194300-8,30194000-5,5,"Κιτ, σετ και χαρτί σχεδίασης","Drafting kits, sets and papers"
30194310-1,30194300-8,6,Κιτ ή σετ σχεδίασης,Drafting kits or sets
30194320-4,30194300-8,6,Χαρτί σχέδιασης,Drafting papers
30194400-9,30194000-5,5,Καλύμματα τραπεζών σχεδίασης,Drafting table covers
30194500-0,30194000-5,5,Βοθήματα απόδοσης συμβόλων και χαρακτήρων,Lettering aids
30194600-1,30194000-5,5,Γωνιόμετρα,Protractors
30194700-2,30194000-5,5,Πρότυπα σχεδίασης,Templates
30194800-3,30194000-5,5,"Γνώμονες σχεδίασης σε σχήμα ""ταυ"" και τρίγωνα",T-squares and triangles
30194810-6,30194800-3,6,"Γνώμονες σχεδίασης σε σχήμα ""ταυ""",T-squares
30194820-9,30194800-3,6,Τρίγωνα,Triangles
30194900-4,30194000-5,5,Προστατευτικά καλύμματα επιφανειών εργασίας,Work surface protection covers
30195000-2,30190000-7,4,Πίνακες,Boards
30195100-3,30195000-2,5,Πλανογράμματα ή εξαρτήματα,Planning boards or accessories
30195200-4,30195000-2,5,Ηλεκτρονικοί πίνακες αντιγραφής ή εξαρτήματα,Electronic copyboards or accessories
30195300-5,30195000-2,5,Πίνακες χαρακτήρων ή εξαρτήματα,Letter boards or accessories
30195400-6,30195000-2,5,Πίνακες μαρκαδόρου ή εξαρτήματα,Dry erase boards or accessories
30195500-7,30195000-2,5,Πίνακες κιμωλίας ή εξαρτήματα,Chalk boards or accessories
30195600-8,30195000-2,5,Πίνακες ανακοινώσεων ή εξαρτήματα,Bulletin boards or accessories
30195700-9,30195000-2,5,Σετ καθαρισμού πινάκων ή εξαρτήματα,Board cleaning kits or accessories
30195800-0,30195000-2,5,Αναρτώμενες ράγες ή υποδοχές,Hanging rails or holders
30195900-1,30195000-2,5,Λευκοί πίνακες και μαγνητικοί πίνακες,Whiteboards and magnetic boards
30195910-4,30195900-1,6,Λευκοί πίνακες,Whiteboards
30195911-1,30195910-4,7,Εξαρτήματα για λευκούς πίνακες,Whiteboard accessories
30195912-8,30195910-4,7,Καβαλέτα για λευκούς πίνακες,Whiteboard easels
30195913-5,30195910-4,7,Καβαλέτα για περιστρεφόμενους πίνακες,Flipchart easels
30195920-7,30195900-1,6,Μαγνητικοί πίνακες,Magnetic boards
30195921-4,30195920-7,7,Σβηστήρες για μαγνητικούς πίνακες,Erasers for magnetic boards
30196000-9,30190000-7,4,Συστήματα προγραμματισμού,Planning systems
30196100-0,30196000-9,5,Οργανωτές συναντήσεων,Meeting planners
30196200-1,30196000-9,5,Ατζέντες για συναντήσεις ή ανταλλακτικά φύλλα,Appointment books or refills
30196300-2,30196000-9,5,Θυρίδες υποβολής προτάσεων,Suggestion box
30197000-6,30190000-7,4,Μικρός εξοπλισμός γραφείου,Small office equipment
30197100-7,30197000-6,5,"Συνδετήρες συρραφής, πρόκες, πινέζες","Staples, tacks, drawing pins"
30197110-0,30197100-7,6,Συνδετήρες συρραφής,Staples
30197120-3,30197100-7,6,Πρόκες,Tacks
30197130-6,30197100-7,6,Πινέζες,Drawing pins
30197200-8,30197000-6,5,Ελαστικοί δακτύλιοι φακέλων και συνδετήρες χαρτιών,Ring binders and paper clips
30197210-1,30197200-8,6,Ελαστικοί δακτύλιοι φακέλων,Ring binders
30197220-4,30197200-8,6,Συνδετήρες χαρτιών,Paper clips
30197221-1,30197220-4,7,Θήκες συνδετήρων,Paperclip holder
30197300-9,30197000-6,5,"Χαρτοκόπτες, συρραπτικά και διατρητήρες","Letter openers, staplers and hole punches"
30197310-2,30197300-9,6,Χαρτοκόπτες,Letter openers
30197320-5,30197300-9,6,Συρραπτικά,Staplers
30197321-2,30197320-5,7,Αποσυρραπτικά,Staple removers
30197330-8,30197300-9,6,Διατρητήρες,Hole punches
30197400-0,30197000-6,5,Δαχτυλοβρεχτήρες για γραμματόσημα,Stamp sponge
30197500-1,30197000-6,5,Βουλοκέρι,Sealing wax
30197510-4,30197500-1,6,Εξαρτήματα για βουλοκέρι,Sealing wax accessories
30197600-2,30197000-6,5,Επεξεργασμένο χαρτί και χαρτόνι,Processed paper and paperboard
30197610-5,30197600-2,6,Σύνθετο χαρτί και χαρτόνι,Composite paper and paperboard
30197620-8,30197600-2,6,Χαρτί γραφής,Writing paper
30197621-5,30197620-8,7,Μπλοκ περιστρεφόμενων πινάκων,Flipchart pad
30197630-1,30197600-2,6,Εκτυπωτικό χαρτί,Printing paper
30197640-4,30197600-2,6,Αυτοαντιγραφικό χαρτί ή άλλο αντιγραφικό χαρτί,Self-copy or other copy paper
30197641-1,30197640-4,7,Θερμογραφικό χαρτί,Thermographic paper
30197642-8,30197640-4,7,Φωτοαντιγραφικό και ξηρογραφικό χαρτί,Photocopier paper and xerographic paper
30197643-5,30197640-4,7,Φωτοαντιγραφικό χαρτί,Photocopier paper
30197644-2,30197640-4,7,Ξηρογραφικό χαρτί,Xerographic paper
30197645-9,30197640-4,7,Κάρτες εκτύπωσης,Card for printing
30198000-3,30190000-7,4,Μηχανές λαχειοφόρων αγορών,Lottery machines
30198100-4,30198000-3,5,Κληρωτίδες,Pulling machines
30199000-0,30190000-7,4,Γραφική ύλη και άλλα είδη από χαρτί,Paper stationery and other items
30199100-1,30199000-0,5,"Καρμπόν, αυτοαντιγραφικό χαρτί, μεμβράνες πολυγράφων και μη αντιγραφικό χαρτί","Carbon paper, self-copy paper, paper duplicator stencils and carbonless paper"
30199110-4,30199100-1,6,Καρμπόν,Carbon paper
30199120-7,30199100-1,6,Αυτοαντιγραφικό χαρτί,Self-copy paper
30199130-0,30199100-1,6,Μη αντιγραφικό χαρτί,Carbonless paper
30199140-3,30199100-1,6,Χάρτινες μεμβράνες πολυγράφου,Paper duplicator stencils
30199200-2,30199000-0,5,"Φάκελοι, επιστολικά δελτάρια και μη εικονογραφημένες ταχυδρομικές κάρτες","Envelopes, letter cards and plain postcards"
30199210-5,30199200-2,6,Επιστολικά δελτάρια,Letter cards
30199220-8,30199200-2,6,Μη εικονογραφημένες ταχυδρομικές κάρτες,Plain postcards
30199230-1,30199200-2,6,Φάκελοι,Envelopes
30199240-4,30199200-2,6,Εξοπλισμός αλληλογραφίας,Mailing kit
30199300-3,30199000-0,5,Ανάγλυφα ή διάτρητα χαρτιά,Embossed or perforated paper
30199310-6,30199300-3,6,Ανάγλυφο ή διάτρητο εκτυπωτικό χαρτί,Embossed or perforated printing paper
30199320-9,30199300-3,6,Ανάγλυφο ή διάτρητο χαρτί γραφής,Embossed or perforated writing paper
30199330-2,30199300-3,6,Συνεχές χαρτί για εκτυπωτές ηλεκτρονικών υπολογιστών,Continuous paper for computer printers
30199340-5,30199300-3,6,Συνεχή έντυπα,Continuous forms
30199400-4,30199000-0,5,Χαρτί επιχρισμένο με γόμα ή αυτοκόλλητο χαρτί,Gummed or adhesive paper
30199410-7,30199400-4,6,Αυτοκόλλητο χαρτί,Self-adhesive paper
30199500-5,30199000-0,5,"Κουτιά ταξινόμησης εγγράφων, επιστολοθήκες, κουτιά αρχειοθέτησης και παρόμοια είδη","Box files, letter trays, storage boxes and similar articles"
30199600-6,30199000-0,5,Διαχωριστικά για χαρτικά είδη,Dividers for stationery
30199700-7,30199000-0,5,Χαρτικά είδη εκτός από έντυπα,Printed stationery except forms
30199710-0,30199700-7,6,Τυπωμένοι φάκελοι,Printed envelopes
30199711-7,30199710-0,7,Τυπωμένοι φάκελοι με διαφανή θυρίδα,Printed window envelopes
30199712-4,30199710-0,7,Τυπωμένοι φάκελοι χωρίς διαφανή θυρίδα,Printed non-window envelopes
30199713-1,30199710-0,7,Τυπωμένοι φάκελοι για ακτινογραφίες,Printed X-ray envelopes
30199720-3,30199700-7,6,Χαρτί σημειώσεων/Επιστολόχαρτο/Χαρτί αλληλογραφίας,Notepaper
30199730-6,30199700-7,6,Επαγγελματικές κάρτες,Business cards
30199731-3,30199730-6,7,Θήκες επαγγελματικών καρτών,Business card holders
30199740-9,30199700-7,6,Αυτοκόλλητο πρόχειρο σημείωμα,Compliment slips
30199750-2,30199700-7,6,Κουπόνια,Coupons
30199760-5,30199700-7,6,Ετικέτες,Labels
30199761-2,30199760-5,7,Ετικέτες με αποτυπωμένες κωδικοποιημένες ραβδώσεις,Bar-coded labels
30199762-9,30199760-5,7,Ετικέτες αποσκευών,Luggage tags
30199763-6,30199760-5,7,Αντικλεπτικές ετικέτες,Theft protection labels
30199770-8,30199700-7,6,Κουπόνια φαγητού,Luncheon vouchers
30199780-1,30199700-7,6,Στυπόχαρτα,Blotting pads
30199790-4,30199700-7,6,Εκτυπωμένα ωράρια δρομολογίων,Timetables
30199791-1,30199790-4,7,Οργανογράμματα τοίχου,Wall planners
30199792-8,30199790-4,7,Ημερολόγια,Calendars
30199793-5,30199790-4,7,Βάσεις ημερολογίων,Diary stands
30200000-1,30000000-9,2,Εξοπλισμός ηλεκτρονικών υπολογιστών και προμήθειες,Computer equipment and supplies
30210000-4,30200000-1,3,Μηχανές επεξεργασίας δεδομένων (υλισμικό),Data-processing machines (hardware)
30211000-1,30210000-4,4,Κεντρικός ηλεκτρονικός υπολογιστής,Mainframe computer
30211100-2,30211000-1,5,Υπερ-υπολογιστής,Super computer
30211200-3,30211000-1,5,Εξοπλισμός κεντρικού ηλεκτρονικού υπολογιστή,Mainframe hardware
30211300-4,30211000-1,5,Υποδομή ηλεκτρονικών υπολογιστών,Computer platforms
30211400-5,30211000-1,5,Διαμόρφωση ηλεκτρονικών υπολογιστών,Computer configurations
30211500-6,30211000-1,5,Κεντρικές μονάδες επεξεργασίας (CPU) ή επεξεργαστές,Central processing unit (CPU) or processors
30212000-8,30210000-4,4,Υλισμικό για μίνι ηλεκτρονικούς υπολογιστές,Minicomputer hardware
30212100-9,30212000-8,5,Κεντρικές μονάδες επεξεργασίας μίνι ηλεκτρονικών υπολογιστών,Central processing units for minicomputers
30213000-5,30210000-4,4,Προσωπικοί ηλεκτρονικοί υπολογιστές,Personal computers
30213100-6,30213000-5,5,Φορητοί επιτραπέζιοι μικροϋπολογιστές,Portable computers
30213200-7,30213000-5,5,Φορητοί υπολογιστές για την εισαγωγή χειρόγραφου κειμένου με τη χρήση γραφίδας,Tablet computer
30213300-8,30213000-5,5,Επιτραπέζιοι ηλεκτρονικοί υπολογιστές,Desktop computer
30213400-9,30213000-5,5,Κεντρικές μονάδες επεξεργασίας προσωπικών ηλεκτρονικών υπολογιστών,Central processing units for personal computers
30213500-0,30213000-5,5,Ηλεκτρονικοί υπολογιστές τσέπης,Pocket computers
30214000-2,30210000-4,4,Σταθμοί εργασίας,Workstations
30215000-9,30210000-4,4,Υλισμικό μικροϋπολογιστών,Microcomputer hardware
30215100-0,30215000-9,5,Κεντρικές μονάδες επεξεργασίας μικροϋπολογιστών,Central processing units for microcomputers
30216000-6,30210000-4,4,Μαγνητικοί ή οπτικοί αναγνώστες,Magnetic or optical readers
30216100-7,30216000-6,5,Οπτικοί αναγνώστες,Optical readers
30216110-0,30216100-7,6,Σαρωτές για χρήση στον τομέα της πληροφορικής,Scanners for computer use
30216120-3,30216100-7,6,Εξοπλισμός οπτικής αναγνώρισης χαρακτήρων,Optical-character-recognition equipment
30216130-6,30216100-7,6,Αναγνώστες κωδικών ραβδώσεων,Barcode readers
30216200-8,30216000-6,5,Αναγνώστες μαγνητικής κάρτας,Magnetic card readers
30216300-9,30216000-6,5,Αναγνώστες διάτρητων δελτίων,Punchcard readers
30220000-7,30200000-1,3,Εξοπλισμός ψηφιακής χαρτογράφησης,Digital cartography equipment
30221000-4,30220000-7,4,Ψηφιακοί χάρτες κτηματολογίου,Digital cadastral maps
30230000-0,30200000-1,3,Εξοπλισμός ηλεκτρονικών υπολογιστών,Computer-related equipment
30231000-7,30230000-0,4,Οθόνες και κονσόλες ηλεκτρονικών υπολογιστών,Computer screens and consoles
30231100-8,30231000-7,5,Τερματικά ηλεκτρονικών υπολογιστών,Computer terminals
30231200-9,30231000-7,5,Κονσόλες,Consoles
30231300-0,30231000-7,5,Οθόνες απεικόνισης,Display screens
30231310-3,30231300-0,6,Επίπεδες οθόνες,Flat panel displays
30231320-6,30231300-0,6,Οθόνες αφής,Touch screen monitors
30232000-4,30230000-0,4,Περιφερειακός εξοπλισμός,Peripheral equipment
30232100-5,30232000-4,5,Εκτυπωτές και σχεδιογράφοι,Printers and plotters
30232110-8,30232100-5,6,Εκτυπωτές λέιζερ,Laser printers
30232120-1,30232100-5,6,Εκτυπωτές μήτρας κουκίδων,Dot-matrix printers
30232130-4,30232100-5,6,Εκτυπωτές έγχρωμων γραφικών,Colour graphics printers
30232140-7,30232100-5,6,Σχεδιογράφοι,Plotters
30232150-0,30232100-5,6,Εκτυπωτές ψεκασμού μελάνης,Inkjet printers
30232600-0,30232000-4,5,Κωδικοποιητές,Encoders
30232700-1,30232000-4,5,Μονάδα κεντρικού ελέγχου,Central controlling unit
30233000-1,30230000-0,4,Μονάδες αποθήκευσης και ανάγνωσης,Media storage and reader devices
30233100-2,30233000-1,5,Μονάδες αποθήκευσης δεδομένων ηλεκτρονικών υπολογιστών,Computer storage units
30233110-5,30233100-2,6,Μονάδες αποθήκευσης μαγνητικής κάρτας,Magnetic card storage units
30233120-8,30233100-2,6,Μονάδες αποθήκευσης μαγνητικής ταινίας,Magnetic tape storage units
30233130-1,30233100-2,6,Μονάδες αποθήκευσης μαγνητικού δίσκου,Magnetic disk storage units
30233131-8,30233130-1,7,Μηχανισμοί ανάγνωσης δισκέτας,Floppy-disk drives
30233132-5,30233130-1,7,Μηχανισμοί ανάγνωσης σκληρού δίσκου,Hard-disk drives
30233140-4,30233100-2,6,Συσκευές αποθήκευσης άμεσης προσπέλασης (DASD),Direct-access storage devices (DASD)
30233141-1,30233140-4,7,Πλεονάζουσα παράταξη ανεξάρτητων δίσκων (RAID),Redundant Array of Independent Disk (RAID)
30233150-7,30233100-2,6,Μηχανισμοί ανάγνωσης οπτικού δίσκου,Optical-disk drives
30233151-4,30233150-7,7,Συσκευές ανάγνωσης ή/και αντιγραφής σύμπυκνων δίσκων (CD),Compact disk (CD) reader and/or burner
30233152-1,30233150-7,7,Συσκευές ανάγνωσης ή/και αντιγραφής ψηφιακών βιντεοδίσκων (DVD),Digital versatile disc (DVD) reader and/or burner
30233153-8,30233150-7,7,Συσκευές ανάγνωσης ή/και αντιγραφής σύμπυκνων δίσκων (CD) και ψηφιακών βιντεοδίσκων (DVD),Compact disk (CD) and digital versatile disk (DVD) reader and/or burner
30233160-0,30233100-2,6,Μηχανισμοί για ταινίες συνεχούς ροής,Tape streamers
30233161-7,30233160-0,7,Εξοπλισμός χειρισμού κασετών,Cassette-handling equipment
30233170-3,30233100-2,6,Περιστρεφόμενες μονάδες αρχειοθέτησης,Carousel units
30233180-6,30233100-2,6,Μονάδες αποθήκευσης μνήμης φλας,Flash memory storage devices
30233190-9,30233100-2,6,Συσκευή ελέγχου δίσκου,Disk controller
30233300-4,30233000-1,5,Συσκευές ανάγνωσης έξυπνων καρτών,Smart card readers
30233310-7,30233300-4,6,Συσκευές ανάγνωσης δακτυλικών αποτυπωμάτων,Fingerprint readers
30233320-0,30233300-4,6,Συσκευές ανάγνωσης έξυπνων καρτών και δακτυλικών αποτυπωμάτων,Combined smart card and fingerprint readers
30234000-8,30230000-0,4,Μέσα αποθήκευσης,Storage media
30234100-9,30234000-8,5,Μαγνητικοί δίσκοι,Magnetic disk
30234200-0,30234000-8,5,Οπτικοί δίσκοι,Optical disks
30234300-1,30234000-8,5,Σύμπυκνοι δίσκοι (CD),Compact disks (CDs)
30234400-2,30234000-8,5,Ψηφιακοί βιντεοδίσκοι (DVD),Digital versatile disks (DVDs)
30234500-3,30234000-8,5,Μέσα αποθήκευσης μνήμης,Memory storage media
30234600-4,30234000-8,5,Μνήμες φλας,Flash memory
30234700-5,30234000-8,5,Μαγνητικές ταινίες,Magnetic tapes
30236000-2,30230000-0,4,Ποικίλος εξοπλισμός ηλεκτρονικών υπολογιστών,Miscellaneous computer equipment
30236100-3,30236000-2,5,Εξοπλισμός επέκτασης μνήμης,Memory-expansion equipment
30236110-6,30236100-3,6,Μνήμη τυχαίας προσπέλασης (RAM),Random access memory (RAM)
30236111-3,30236110-6,7,Δυναμική μνήμη τυχαίας προσπέλασης (DRAM),Dynamic random access memory (DRAM)
30236112-0,30236110-6,7,Στατική μνήμη τυχαίας προσπέλασης (SRAM),Static random access memory (SRAM)
30236113-7,30236110-6,7,Σύγχρονη δυναμική μνήμη τυχαίας προσπέλασης (SDRAM),Synchronous dynamic random access memory (SDRAM)
30236114-4,30236110-6,7,Δυναμική μνήμη τυχαίας προσπέλασης Rambus (RDRAM) ή ισοδύναμη,Rambus dynamic random access memory (RDRAM)
30236115-1,30236110-6,7,Σύγχρονη μνήμη γραφικών τυχαίας προσπέλασης (SGRAM),Synchronous graphic random access memory (SGRAM)
30236120-9,30236100-3,6,Μνήμη απλής ανάγνωσης (ROM),Read only memory (ROM)
30236121-6,30236120-9,7,Προγραμματίσιμη μνήμη απλής ανάγνωσης (PROM),Programmable read only memory (PROM)
30236122-3,30236120-9,7,Απαλείψιμη προγραμματίσιμη μνήμη μόνο για ανάγνωση (EPROM),Erasable programmable read only memory (EPROM)
30236123-0,30236120-9,7,Ηλεκτρονικά απαλείψιμη προγραμματίσιμη μνήμη μόνο για ανάγνωση (EEPROM),Electronically erasable programmable read only memory (EEPROM)
30236200-4,30236000-2,5,Εξοπλισμός επεξεργασίας δεδομένων,Data-processing equipment
30237000-9,30230000-0,4,"Μέρη, εξαρτήματα και προμήθειες υπολογιστών","Parts, accessories and supplies for computers"
30237100-0,30237000-9,5,Μέρη υπολογιστών,Parts of computers
30237110-3,30237100-0,6,Διασυνδέσεις δικτύου,Network interfaces
30237120-6,30237100-0,6,Θύρες επικοινωνίας ηλεκτρονικών υπολογιστών,Computer ports
30237121-3,30237120-6,7,Σειριακές θύρες υπέρυθρων,Serial infrared ports
30237130-9,30237100-0,6,Κάρτες ηλεκτρονικών υπολογιστών,Computer cards
30237131-6,30237130-9,7,Ηλεκτρονικές κάρτες,Electronic cards
30237132-3,30237130-9,7,Διεπαφές καθολικού σειριακού αγωγού (USB),Universal Serial Bus (USB) Interfaces
30237133-0,30237130-9,7,Προσαρμογείς και διεπαφές διεθνούς ένωσης καρτών μνήμης προσωπικών υπολογιστών (PCMCIA),Personal Computer Memory Card International Association (PCMCIA) adaptors and interfaces
30237134-7,30237130-9,7,Κάρτες επιτάχυνσης γραφικών,Graphic accelerator cards
30237135-4,30237130-9,7,Κάρτες διεπαφής δικτύων,Network interfaces cards
30237136-1,30237130-9,7,Κάρτες ήχου,Audio cards
30237140-2,30237100-0,6,Μητρικές πλακέτες,Motherboards
30237200-1,30237000-9,5,Εξαρτήματα ηλεκτρονικών υπολογιστών,Computer accessories
30237210-4,30237200-1,6,Αντιθαμπωτικά φίλτρα,Anti-glare screens
30237220-7,30237200-1,6,Βάσεις χειρισμού ποντικιού,Mousepads
30237230-0,30237200-1,6,Χώρος κρυφής μνήμης,Caches
30237240-3,30237200-1,6,Κάμερες Ιστού,Web camera
30237250-6,30237200-1,6,Εξαρτήματα καθαρισμού ηλεκτρονικών υπολογιστών,Computer cleaning accessories
30237251-3,30237250-6,7,Σετ καθαρισμού ηλεκτρονικών υπολογιστών,Computer cleaning kits
30237252-0,30237250-6,7,Καθαριστικός πεπιεσμένος αέρας,Pressurised air dusters
30237253-7,30237250-6,7,Καλύμματα ηλεκτρονικών υπολογιστών για προστασία από τη σκόνη,Dust covers for computer equipment
30237260-9,30237200-1,6,Βραχίονες επιτοίχιας στερέωσης οθόνης,Monitor wall mount arms
30237270-2,30237200-1,6,Θήκες μεταφοράς φορητών ηλεκτρονικών υπολογιστών,Portable computer carrying cases
30237280-5,30237200-1,6,Εξαρτήματα τροφοδοσίας ισχύος,Power supply accessories
30237290-8,30237200-1,6,Στηρίγματα καρπού για πληκτρολόγια,Keyboard wrist rests
30237295-3,30237290-8,7,Πλέγματα απομόνωσης πλήκτρων για πληκτρολόγια,Keyguards
30237300-2,30237000-9,5,Προμήθειες ηλεκτρονικών υπολογιστών,Computer supplies
30237310-5,30237300-2,6,Φύσιγγες τύπου χαρακτήρων για εκτυπωτές,Font cartridges for printers
30237320-8,30237300-2,6,Δισκέτες,Diskettes
30237330-1,30237300-2,6,Φύσιγγες ψηφιακών ταινιών ήχου (DAT),Digital Audio Tape (DAT) cartridges
30237340-4,30237300-2,6,Φύσιγγες ψηφιακών γραμμικών ταινιών (DLT),Digital Linear Tape (DLT) cartridges
30237350-7,30237300-2,6,Φύσιγγες δεδομένων,Data cartridges
30237360-0,30237300-2,6,Φύσιγγες γραμμικών ταινίων ανοιχτής τεχνολογίας (LTO),Linear Tape-Open (LTO) cartridges
30237370-3,30237300-2,6,Φύσιγγες εγργαφής,Recording cartridges
30237380-6,30237300-2,6,Δίσκοι CD-ROM,CD-ROM
30237400-3,30237000-9,5,Εξαρτήματα εισαγωγής δεδομένων,Data entry accessories
30237410-6,30237400-3,6,Ποντίκια ηλεκτρονικών υπολογιστών,Computer mouse
30237420-9,30237400-3,6,Χειριστήρια,Joysticks
30237430-2,30237400-3,6,Φωτοπένες,Light pens
30237440-5,30237400-3,6,Ιχνοσφαίρες,Trackballs
30237450-8,30237400-3,6,Πινακίδες γραφικών,Graphics tablets
30237460-1,30237400-3,6,Πληκτρολόγια υπολογιστών,Computer keyboards
30237461-8,30237460-1,7,Προγραμματιζόμενα πληκτρολόγια,Programmable keyboards
30237470-4,30237400-3,6,Πληκτρολόγια τυφλών,Braille pads
30237475-9,30237470-4,7,Ηλεκτρικοί αισθητήρες,Electric sensors
30237480-7,30237400-3,6,Μονάδες εισόδου,Input units
30238000-6,30230000-0,4,Εξοπλισμός ηλεκτρονικής βιβλιοθήκης,Library automation equipment
31000000-6,,1,"Ηλεκτρικές μηχανές, συσκευές, εξοπλισμός και αναλώσιμα· φωτισμός","Electrical machinery, apparatus, equipment and consumables; lighting"
31100000-7,31000000-6,2,"Ηλεκτροκινητήρες, ηλεκτρογεννήτριες και ηλεκτρικοί μετασχηματιστές","Electric motors, generators and transformers"
31110000-0,31100000-7,3,Ηλεκτρικοί κινητήρες,Electric motors
31111000-7,31110000-0,4,Προσαρμογείς,Adapters
31120000-3,31100000-7,3,Γεννήτριες,Generators
31121000-0,31120000-3,4,Συγκροτήματα ηλεκτροπαραγωγών ζευγών,Generating sets
31121100-1,31121000-0,5,Ηλεκτροπαραγωγά ζεύγη με κινητήρες ανάφλεξης μέσω συμπίεσης,Generating sets with compression-ignition engines
31121110-4,31121100-1,6,Μεταλλάκτες ηλεκτρικής ενέργειας,Power converters
31121111-1,31121110-4,7,Ηλεκτρικοί περιστροφικοί μεταλλάκτες,Electric rotary converters
31121200-2,31121000-0,5,Ηλεκτροπαραγωγά ζεύγη με κινητήρα του οποίου η ανάφλεξη γίνεται με σπινθήρα,Generating sets with spark-ignition engines
31121300-3,31121000-0,5,Ανεμογεννήτριες,Wind-energy generators
31121310-6,31121300-3,6,Ανεμόμυλοι,Windmills
31121320-9,31121300-3,6,Στρόβιλοι αιολικής ενέργειας,Wind turbines
31121330-2,31121300-3,6,Στροβιλογεννήτριες αιολικής ενέργειας,Wind turbine generators
31121331-9,31121330-2,7,Στροφεία στροβίλου,Turbine rotors
31121340-5,31121300-3,6,Αιολικό πάρκο,Wind farm
31122000-7,31120000-3,4,Μονάδες γεννητριών,Generator units
31122100-8,31122000-7,5,Στήλες καυσίμων,Fuel cells
31124000-1,31120000-3,4,Ηλεκτρογεννήτριες με ατμοστρόβιλο και συναφείς συσκευές,Steam-turbine generator and related apparatus
31124100-2,31124000-1,5,Ζεύγη στροβίλου — γεννήτριας,Turbine generator sets
31124200-3,31124000-1,5,Συσκευές ελέγχου στροβιλογεννητριών,Turbine generator control apparatus
31126000-5,31120000-3,4,Δυναμό,Dynamos
31127000-2,31120000-3,4,Γεννήτρια εκτάκτου ανάγκης,Emergency generator
31128000-9,31120000-3,4,Στροβιλογεννήτρια,Turbogenerator
31130000-6,31100000-7,3,Εναλλάκτες,Alternators
31131000-3,31130000-6,4,Μονοφασικοί κινητήρες,Single-phase motors
31131100-4,31131000-3,5,Ενεργοποιητές,Actuators
31131200-5,31131000-3,5,Άνοδοι,Anodes
31132000-0,31130000-6,4,Πολυφασικοί κινητήρες,Multi-phase motors
31140000-9,31100000-7,3,Πύργοι ψύξης,Cooling towers
31141000-6,31140000-9,4,Ψύκτες νερού,Water coolers
31150000-2,31100000-7,3,Αδρανές αέριο για λαμπτήρες ή σωλήνες εκκένωσης,Ballasts for discharge lamps or tubes
31151000-9,31150000-2,4,Στατικοί μεταλλάκτες,Static converters
31153000-3,31150000-2,4,Ανορθωτές,Rectifiers
31154000-0,31150000-2,4,Αδιάλειπτα τροφοδοτικά ρεύματος,Uninterruptible power supplies
31155000-7,31150000-2,4,Αναστροφείς συχνότητας,Inverters
31156000-4,31150000-2,4,Διακοπτόμενα τροφοδοτικά ρεύματος,Interruptible power supplies
31157000-1,31150000-2,4,Επαγωγείς,Inductors
31158000-8,31150000-2,4,Φορτιστές,Chargers
31158100-9,31158000-8,5,Φορτιστές μπαταριών,Battery chargers
31158200-0,31158000-8,5,Υπερσυμπιεστές,Supercharger
31158300-1,31158000-8,5,Στροβιλοϋπερπληρωτής,Turbocharger
31160000-5,31100000-7,3,"Μέρη ηλεκτροκινητήρων, ηλεκτρογεννητριών και ηλεκτρικών μετασχηματιστών","Parts of electric motors, generators and transformers"
31161000-2,31160000-5,4,Μέρη ηλεκτρικών κινητήρων και γεννητριών,Parts for electrical motors and generators
31161100-3,31161000-2,5,Συστήματα διέγερσης,Excitation systems
31161200-4,31161000-2,5,Συστήματα ψύξης αερίου,Gas cooling systems
31161300-5,31161000-2,5,Περιστρεφόμενο τύμπανο γεννητριών,Generator rotors
31161400-6,31161000-2,5,Πρωτεύοντα συστήματα νερού,Primary water systems
31161500-7,31161000-2,5,Συστήματα στεγάνωσης με λάδι,Seal oil systems
31161600-8,31161000-2,5,Συστήματα ύδατος ψύξης για στάτορες,Stator cooling water systems
31161700-9,31161000-2,5,Μέρη ατμογεννητριών,Parts of steam generators
31161800-0,31161000-2,5,Μέρη αεριογεννητριών,Parts of gas generators
31161900-1,31161000-2,5,Συστήματα ελέγχου ηλεκτρικής τάσης,Voltage-control systems
31162000-9,31160000-5,4,"Μέρη ηλεκτρικών μετασχηματιστών, επαγωγικών πηνίων και στατικών μετατροπέων","Parts of transformers, inductors and static converters"
31162100-0,31162000-9,5,Μέρη συμπυκνωτών,Parts of condensers
31170000-8,31100000-7,3,Μετασχηματιστές,Transformers
31171000-5,31170000-8,4,Μετασχηματιστές με υγρό μονωτικό υλικό,Liquid dielectric transformers
31172000-2,31170000-8,4,Μετασχηματιστές τάσης,Voltage transformers
31173000-9,31170000-8,4,Μετατροπέας μετρήσεων,Instrument transformer
31174000-6,31170000-8,4,Μετασχηματιστές ισχύος,Power supply transformers
31200000-8,31000000-6,2,Συσκευές διανομής και ελέγχου ηλεκτρικού ρεύματος,Electricity distribution and control apparatus
31210000-1,31200000-8,3,Ηλεκτρικές συσκευές για τη διακοπή ή την προστασία ηλεκτρικών κυκλωμάτων,Electrical apparatus for switching or protecting electrical circuits
31211000-8,31210000-1,4,Ηλεκτρικοί πίνακες και κυβώτια ασφαλειών,Boards and fuse boxes
31211100-9,31211000-8,5,Ηλεκτρικοί πίνακες,Boards for electrical apparatus
31211110-2,31211100-9,6,Πίνακες ελέγχου,Control panels
31211200-0,31211000-8,5,Κυτία ασφαλειών,Fuse boxes
31211300-1,31211000-8,5,Ασφάλειες,Fuses
31211310-4,31211300-1,6,Γενικός διακόπτης ρεύματος,Cut-outs
31211320-7,31211300-1,6,Πλακέτες ασφαλειών,Fuse blocks
31211330-0,31211300-1,6,Σύρματα ασφαλειών,Fuse wires
31211340-3,31211300-1,6,Συνδετήρες ασφαλειών,Fuse clips
31212000-5,31210000-1,4,Αποζεύκτες ισχύος,Circuit breakers
31212100-6,31212000-5,5,Αποζεύκτες ισχύος εναέριων γραμμών,Overhead circuit breakers
31212200-7,31212000-5,5,Συσκευές ελέγχου κυκλωμάτων,Circuit testers
31212300-8,31212000-5,5,Μαγνητικοί διακόπτες κυκλώματος,Magnetic circuit breakers
31212400-9,31212000-5,5,Μικροδιακόπτες κυκλώματος,Miniature circuit breakers
31213000-2,31210000-1,4,Εξοπλισμός διανομής ηλεκτρικού ρεύματος,Distribution equipment
31213100-3,31213000-2,5,Κυτία διανομής ηλεκτρικού ρεύματος,Distribution boxes
31213200-4,31213000-2,5,Μετασχηματιστές διανομής ηλεκτρικού ρεύματος,Distribution transformers
31213300-5,31213000-2,5,Θάλαμος κατανομής καλωδίων,Cable distribution cabinet
31213400-6,31213000-2,5,Σύστημα διανομής,Distribution system
31214000-9,31210000-1,4,Μηχανισμός διακοπής,Switchgear
31214100-0,31214000-9,5,Διακόπτες,Switches
31214110-3,31214100-0,6,Μονωτικοί διακόπτες,Isolating switches
31214120-6,31214100-0,6,Διακόπτης γείωσης,Earthing switch
31214130-9,31214100-0,6,Διακόπτες ασφαλείας,Safety switches
31214140-2,31214100-0,6,Ρεοστατικοί διακόπτες,Dimmer switches
31214150-5,31214100-0,6,Κυλινδρικοί διακόπτες,Drum switches
31214160-8,31214100-0,6,Διακόπτες πίεσης,Pressure switches
31214170-1,31214100-0,6,Διακόπτες μοχλού,Toggle switches
31214180-4,31214100-0,6,Ολισθαίνοντες διακόπτες,Slide switches
31214190-7,31214100-0,6,Οριακοί διακόπτες,Limit switches
31214200-1,31214000-9,5,Συσκευή αποσύνδεσης διακοπτών,Switch disconnector
31214300-2,31214000-9,5,Ηλεκτρικοί πίνακες υπαίθρου,Outdoor switching installations
31214400-3,31214000-9,5,Συσκευή αποσύνδεσης ασφαλειών,Fuse switch disconnector
31214500-4,31214000-9,5,Ηλεκτρικοί πίνακες διακοπτών,Electric switchboards
31214510-7,31214500-4,6,Πίνακες διανομής,Distribution switchboards
31214520-0,31214500-4,6,Πίνακες διανομής ρεύματος μέσης τάσης,Medium-voltage switchboards
31215000-6,31210000-1,4,Περιοριστές τάσης,Voltage limiters
31216000-3,31210000-1,4,Αλεξικέραυνα,Lightning arrestors
31216100-4,31216000-3,5,Εξοπλισμός αντικεραυνικής προστασίας,Lightning-protection equipment
31216200-5,31216000-3,5,Κεραυναγωγοί,Lightning conductors
31217000-0,31210000-1,4,Καταστολείς υπέρτασης ρεύματος,Surge suppressors
31218000-7,31210000-1,4,Ζυγός ηλεκτρικού πίνακα διανομής,Busbars
31219000-4,31210000-1,4,Προστατευτικά ερμάρια,Protection boxes
31220000-4,31200000-8,3,Στοιχεία ηλεκτρικού κυκλώματος,Electrical circuit components
31221000-1,31220000-4,4,Ηλεκτρονόμοι,Electrical relays
31221100-2,31221000-1,5,Ηλεκτρονόμοι ισχύος,Power relays
31221200-3,31221000-1,5,Ηλεκτρονόμοι γενικής χρήσης,General purpose relays
31221300-4,31221000-1,5,Ηλεκτρονόμοι ρευματοδοτών,Socket relays
31221400-5,31221000-1,5,Ηλεκτρονόμοι εναλλασσόμενης τάσης,Alternating voltage relays
31221500-6,31221000-1,5,Ηλεκτρονόμοι υδραργύρου,Mercury relays
31221600-7,31221000-1,5,Ηλεκτρονόμοι με χρονοδιακόπτη,Time relays
31221700-8,31221000-1,5,Ηλεκτρονόμοι υπερφόρτωσης,Overload relays
31223000-5,31220000-4,4,Υποδοχές λαμπτήρων,Lamp-holders
31224000-2,31220000-4,4,Συνδέσεις και στοιχεία επαφών,Connections and contact elements
31224100-3,31224000-2,5,Ρευματολήπτες και ρευματοδότες,Plugs and sockets
31224200-4,31224000-2,5,Ομοαξονικοί συζευκτήρες,Coaxial connectors
31224300-5,31224000-2,5,Κυτία συνδέσεων,Connection boxes
31224400-6,31224000-2,5,Καλώδια συνδέσεων,Connection cables
31224500-7,31224000-2,5,Τερματικά,Terminals
31224600-8,31224000-2,5,Ρεοστάτες,Dimmers
31224700-9,31224000-2,5,Κιβώτια σύνδεσης,Junction boxes
31224800-0,31224000-2,5,Σετ υλικών για τη σύνδεση καλωδίων,Cable joining kits
31224810-3,31224800-0,6,Καλώδια επέκτασης,Extension cables
31230000-7,31200000-8,3,Μέρη συσκευών ελέγχου ή διανομής ηλεκτρικού ρεύματος,Parts of electricity distribution or control apparatus
31300000-9,31000000-6,2,Μονωμένα σύρματα και καλώδια,Insulated wire and cable
31310000-2,31300000-9,3,Αγωγοί τροφοδοσίας δικτύου,Mains
31311000-9,31310000-2,4,Συνδέσεις κύριων αγωγών,Mains connections
31320000-5,31300000-9,3,Καλώδια διανομής ηλεκτρικού ρεύματος,Power distribution cables
31321000-2,31320000-5,4,Γραμμές ηλεκτρικού ρεύματος,Electricity power lines
31321100-3,31321000-2,5,Εναέριες ηλεκτρικές γραμμές,Overhead power lines
31321200-4,31321000-2,5,Καλώδια χαμηλής και μέσης τάσης,Low- and medium-voltage cable
31321210-7,31321200-4,6,Καλώδια χαμηλής τάσης,Low-voltage cable
31321220-0,31321200-4,6,Καλώδια μέσης τάσης,Medium-voltage cable
31321300-5,31321000-2,5,Καλώδια υψηλής τάσης,High-voltage cable
31321400-6,31321000-2,5,Υποβρύχια καλώδια,Underwater cable
31321500-7,31321000-2,5,Υποθαλάσσια καλώδια,Submarine cable
31321600-8,31321000-2,5,Καλώδια με θωράκιση,Shielded cable
31321700-9,31321000-2,5,Καλώδια σηματοδότησης,Signalling cable
31330000-8,31300000-9,3,Ομοαξονικά καλώδια,Coaxial cable
31340000-1,31300000-9,3,"Εξαρτήματα καλωδίων, μονωμένα",Insulated cable accessories
31341000-8,31340000-1,4,"Εξέλικτρα καλωδίων, μονωμένα",Insulated cable reels
31342000-5,31340000-1,4,"Ζεύξεις καλωδίων, μονωμένες",Insulated cable junctions
31343000-2,31340000-1,4,"Συνδέσεις καλωδίων, μονωμένες",Insulated cable joints
31344000-9,31340000-1,4,"Στυπιοθλίπτες καλωδίων, μονωμένες",Insulated cable glands
31350000-4,31300000-9,3,Ηλεκτρικοί αγωγοί για χρήση σε δίκτυα δεδομένων και ελέγχου,Electric conductors for data and control purposes
31351000-1,31350000-4,4,Ηλεκτρικοί αγωγοί για συστήματα ελέγχου πρόσβασης,Electric conductors for access control systems
31400000-0,31000000-6,2,"Συσσωρευτές, πρωτογενή στοιχεία και πρωτογενείς συστοιχίες","Accumulators, primary cells and primary batteries"
31410000-3,31400000-0,3,Πρωτογενή στοιχεία,Primary cells
31411000-0,31410000-3,4,Αλκαλικές μπαταρίες,Alkaline batteries
31420000-6,31400000-0,3,Πρωτογενείς συστοιχίες,Primary batteries
31421000-3,31420000-6,4,Στοιχεία συσσωρευτών από μόλυβδο,Lead batteries
31422000-0,31420000-6,4,Συγκροτήματα συσσωρευτών,Battery packs
31430000-9,31400000-0,3,Ηλεκτρικοί συσσωρευτές,Electric accumulators
31431000-6,31430000-9,4,Συσσωρευτές μολύβδου-οξέος,Lead-acid accumulators
31432000-3,31430000-9,4,Συσσωρευτές νικελίου-καδμίου,Nickel-cadmium accumulators
31433000-0,31430000-9,4,Συσσωρευτές νικελίου-σιδήρου,Nickel-iron accumulators
31434000-7,31430000-9,4,Συσσωρευτές λιθίου,Lithium accumulators
31440000-2,31400000-0,3,Μπαταρίες,Batteries
31500000-1,31000000-6,2,Φωτιστικός εξοπλισμός και ηλεκτρικοί λαμπτήρες,Lighting equipment and electric lamps
31510000-4,31500000-1,3,Ηλεκτρικοί λαμπτήρες πυράκτωσης,Electric filament lamps
31511000-1,31510000-4,4,Μονάδες σφραγισμένων λαμπτήρων εκπομπής δέσμης φωτός,Sealed-beam lamp units
31512000-8,31510000-4,4,Λαμπτήρες πυράκτωσης βολφραμίου-αλογόνου,Tungsten halogen filament lamps
31512100-9,31512000-8,5,"Λαμπτήρες αλογόνου, γραμμικοί","Halogen bulbs, linear"
31512200-0,31512000-8,5,"Λαμπτήρες αλογόνου, δύο ακίδων","Halogen bulbs, bi-pin"
31512300-1,31512000-8,5,"Λαμπτήρες αλογόνου, διχρωικοί","Halogen bulbs, dichroic"
31514000-2,31510000-4,4,Λαμπτήρες εκκένωσης,Discharge lamps
31515000-9,31510000-4,4,Λαμπτήρες υπεριώδων ακτίνων,Ultraviolet lamps
31516000-6,31510000-4,4,Λαμπτήρες υπέρυθρων ακτίνων,Infrared lamps
31517000-3,31510000-4,4,Λυχνίες βολταϊκού τόξου,Arc lamps
31518000-0,31510000-4,4,Φωτιστικά σηματοδότησης,Signalling lights
31518100-1,31518000-0,5,Προβολείς,Floodlights
31518200-2,31518000-0,5,Εξοπλισμός φωτισμού εκτάκτου ανάγκης,Emergency lighting equipment
31518210-5,31518200-2,6,Λάμπες θυέλλης,Stormlights
31518220-8,31518200-2,6,Ράβδοι φωτισμού,Light stick
31518300-3,31518000-0,5,Φωτιστικά στέγης,Rooflights
31518500-5,31518000-0,5,Λαμπτήρες ατμών υδραργύρου,Mercury-vapour lamps
31518600-6,31518000-0,5,Προβολείς φωτισμού,Searchlights
31519000-7,31510000-4,4,Λαμπτήρες πυρακτώσεως και νέον,Incandescent and neon lamps
31519100-8,31519000-7,5,Λαμπτήρες πυρακτώσεως,Incandescent lamps
31519200-9,31519000-7,5,Λαμπτήρες νέον,Neon lamps
31520000-7,31500000-1,3,Λαμπτήρες και φωτιστικά εξαρτήματα,Lamps and light fittings
31521000-4,31520000-7,4,Ηλεκτρικές λάμπες,Lamps
31521100-5,31521000-4,5,Επιτραπέζια πορτατίφ,Desk lamps
31521200-6,31521000-4,5,Φωτιστικά δαπέδου,Floor-standing lamps
31521300-7,31521000-4,5,Φορητοί ηλεκτρικοί λαμπτήρες,Portable electric lamps
31521310-0,31521300-7,6,Προειδοποιητικά φώτα,Warning lights
31521320-3,31521300-7,6,Ηλεκτρικοί φορητοί φανοί,Torches
31521330-6,31521300-7,6,Επαναφορτιζόμενοι φορητοί ηλεκτρικοί λαμπτήρες,Rechargeable portable electric lamps
31522000-1,31520000-7,4,Φωτιστικά για χριστουγεννιάτικα δένδρα,Christmas tree lights
31523000-8,31520000-7,4,Φωτεινές επιγραφές και πινακίδες,Illuminated signs and nameplates
31523100-9,31523000-8,5,Διαφημιστικοί λαμπτήρες νέον,Advertising neon lights
31523200-0,31523000-8,5,Πινακίδες μονίμων μηνυμάτων,Permanent message signs
31523300-1,31523000-8,5,Φωτεινές επιγραφές,Illuminated nameplates
31524000-5,31520000-7,4,Εξαρτήματα φωτιστικών οροφής ή τοίχου,Ceiling or wall light fittings
31524100-6,31524000-5,5,Εξαρτήματα φωτιστικών οροφής,Ceiling light fittings
31524110-9,31524100-6,6,Φωτιστικά σώματα χειρουργείου,Operating-theatre lamps
31524120-2,31524100-6,6,Φωτιστικά οροφής,Ceiling lights
31524200-7,31524000-5,5,Εξαρτήματα φωτιστικών τοίχου,Wall light fittings
31524210-0,31524200-7,6,Φωτιστικά τοίχου,Wall lights
31527000-6,31520000-7,4,Φωτιστικά σώματα δέσμης φωτός,Spotlights
31527200-8,31527000-6,5,Φωτιστικά εξωτερικών χώρων,Exterior lights
31527210-1,31527200-8,6,Λυχνοστάτες,Lanterns
31527260-6,31527200-8,6,Φωτιστικά συστήματα,Lighting systems
31527270-9,31527200-8,6,Φωτιστικά για εξέδρες,Platforms lighting
31527300-9,31527000-6,5,Φωτιστικά κατοικιών,Domestic lights
31527400-0,31527000-6,5,Υποβρύχιοι λαμπτήρες,Underwater lights
31530000-0,31500000-1,3,Μέρη λαμπών και φωτιστικού εξοπλισμού,Parts of lamps and lighting equipment
31531000-7,31530000-0,4,Λαμπτήρες,Light bulbs
31531100-8,31531000-7,5,Σωλήνες φωτισμού,Electric tubes
31532000-4,31530000-0,4,Μέρη λαμπών και φωτιστικών εξαρτημάτων,Parts of lamps and light fittings
31532100-5,31532000-4,5,Λυχνίες,Tube lamps
31532110-8,31532100-5,6,Λυχνίες φθορισμού,Fluorescent tube lamps
31532120-1,31532100-5,6,Λυχνίες φθορισμού μικρών διαστάσεων,Compact fluorescent tube lamps
31532200-6,31532000-4,5,Δακτυλιοειδείς προβολείς,Ring lamps
31532210-9,31532200-6,6,Προβολείς φθορισμού,Fluorescent ring lamps
31532300-7,31532000-4,5,Σφαιρικοί λαμπτήρες,Globe lamps
31532310-0,31532300-7,6,Σφαιρικοί λαμπτήρες φθορισμού μικρών διαστάσεων,Compact fluorescent globe lamps
31532400-8,31532000-4,5,Ακροδέκτες λυχνίας,Lamps sockets
31532500-9,31532000-4,5,Εκκινητές λυχνίας,Lamp starters
31532510-2,31532500-9,6,Εκκινητές λαμπτήρων φθορισμού,Starters for fluorescent lamps
31532600-0,31532000-4,5,Πηνία λαμπτήρων,Lamp reactors
31532610-3,31532600-0,6,Πηνία λαμπήρων φθορισμού,Reactors for fluorescent lamps
31532700-1,31532000-4,5,Καλύμματα λαμπτήρων,Lamp covers
31532800-2,31532000-4,5,Βραχίονες φωτιστικών,Lamp arms
31532900-3,31532000-4,5,Φώτα φθορισμού,Fluorescent lights
31532910-6,31532900-3,6,Λαμπτήρες φθορισμού,Fluorescent tubes
31532920-9,31532900-3,6,Λυχνίες και λαμπτήρες φθορισμού,Bulbs and fluorescent lamps
31600000-2,31000000-6,2,Ηλεκτρολογικός εξοπλισμός,Electrical equipment and apparatus
31610000-5,31600000-2,3,Ηλεκτρολογικός εξοπλισμός για κινητήρες και οχήματα,Electrical equipment for engines and vehicles
31611000-2,31610000-5,4,Σετ καλωδίων,Wiring sets
31612000-9,31610000-5,4,Κλώνοι ηλεκτρικών καλωδίων για κινητήρες,Electrical wiring looms for engines
31612200-1,31612000-9,5,Εκκινητήρες,Starter motors
31612300-2,31612000-9,5,Ηλεκτρικός εξοπλισμός σηματοδότησης για κινητήρες,Electrical signalling equipment for engines
31612310-5,31612300-2,6,Προειδοποιητικοί σηματοδότες,Blinkers
31620000-8,31600000-2,3,Ηλεκτρικές συσκευές ηχητικής ή οπτικής σηματοδότησης,Sound or visual signalling apparatus
31625000-3,31620000-8,4,Συστήματα συναγερμού κλοπής και πυρκαγιάς,Burglar and fire alarms
31625100-4,31625000-3,5,Συστήματα πυρανίχνευσης,Fire-detection systems
31625200-5,31625000-3,5,Συστήματα συναγερμού πυρκαγιάς,Fire-alarm systems
31625300-6,31625000-3,5,Συστήματα αντιδιαρρηκτικού συναγερμού,Burglar-alarm systems
31630000-1,31600000-2,3,Μαγνήτες,Magnets
31640000-4,31600000-2,3,Ηλεκτρικές μηχανές και συσκευές που έχουν ειδικές λειτουργίες,Machines and apparatus with individual functions
31642000-8,31640000-4,4,Ηλεκτρονικές συσκευές ανίχνευσης,Electronic detection apparatus
31642100-9,31642000-8,5,Συσκευές ανίχνευσης για μεταλλικούς σωλήνες,Detection apparatus for metal pipes
31642200-0,31642000-8,5,Συσκευές ανίχνευσης ναρκών,Detection apparatus for mines
31642300-1,31642000-8,5,Συσκευές ανίχνευσης πλαστικών υλών,Detection apparatus for plastics
31642400-2,31642000-8,5,Συσκευές ανίχνευσης μη μεταλλικών αντικειμένων,Detection apparatus for non-metallic objects
31642500-3,31642000-8,5,Συσκευές ανίχνευσης ξυλείας,Detection apparatus for timber
31643000-5,31640000-4,4,Επιταχυντές σωματιδίων,Particle accelerators
31643100-6,31643000-5,5,Γραμμικοί επιταχυντές,Linear accelerators
31644000-2,31640000-4,4,Διάφορες συσκευές καταγραφής δεδομένων,Miscellaneous data recorders
31645000-9,31640000-4,4,Μηχανές φλίπερ,Pinball machines
31650000-7,31600000-2,3,Μονωτικά εξαρτήματα,Insulating fittings
31651000-4,31650000-7,4,Ηλεκτρικές ταινίες,Electrical tape
31660000-0,31600000-2,3,Ηλεκτρόδια άνθρακα,Carbon electrodes
31670000-3,31600000-2,3,Ηλεκτρικά μέρη μηχανημάτων ή συσκευών,Electrical parts of machinery or apparatus
31671000-0,31670000-3,4,Γυάλινα περιβλήματα και καθοδικές λυχνίες,Glass envelopes and cathode-ray tubes
31671100-1,31671000-0,5,Γυάλινα περιβλήματα,Glass envelopes
31671200-2,31671000-0,5,Καθοδικές λυχνίες,Cathode-ray tubes
31680000-6,31600000-2,3,Προμήθειες ηλεκτρικών ειδών και εξαρτήματα,Electrical supplies and accessories
31681000-3,31680000-6,4,Ηλεκτρολογικά εξαρτήματα,Electrical accessories
31681100-4,31681000-3,5,Ηλεκτρικές επαφές,Electrical contacts
31681200-5,31681000-3,5,Ηλεκτρικές αντλίες,Electric pumps
31681300-6,31681000-3,5,Ηλεκτρικά κυκλώματα,Electrical circuits
31681400-7,31681000-3,5,Μέρη ηλεκτρικών συσκευών,Electrical components
31681410-0,31681400-7,6,Ηλεκτρολογικό υλικό,Electrical materials
31681500-8,31681000-3,5,Συσκευές φόρτισης,Rechargers
31682000-0,31680000-6,4,Υλικά παροχής ηλεκτρικού ρεύματος,Electricity supplies
31682100-1,31682000-0,5,Κυτία ηλεκτρικού ρεύματος,Electricity boxes
31682110-4,31682100-1,6,Καλύμματα για κυτία ηλεκτρικού ρεύματος,Electricity box covers
31682200-2,31682000-0,5,Πίνακες οργάνων,Instrument panels
31682210-5,31682200-2,6,Όργανα και εξοπλισμός ελέγχου,Instrumentation and control equipment
31682220-8,31682200-2,6,Πίνακες μείξης,Mixing panels
31682230-1,31682200-2,6,Πίνακες απεικόνισης γραφικών,Graphic display panels
31682300-3,31682000-0,5,Εξοπλισμός ρεύματος μέσης τάσης,Medium-voltage equipment
31682310-6,31682300-3,6,Πίνακες ρεύματος μέσης τάσης,Medium-voltage panels
31682400-4,31682000-0,5,Υπέργειος ηλεκτρολογικός εξοπλισμός,Overhead electrical equipment
31682410-7,31682400-4,6,Φορείς υπέργειων καλωδίων,Overhead cable carriers
31682500-5,31682000-0,5,Εφεδρικός ηλεκτρικός εξοπλισμός,Emergency electricity equipment
31682510-8,31682500-5,6,Εφεδρικά συστήματα παραγωγής ενέργειας,Emergency power systems
31682520-1,31682500-5,6,Συστήματα διακοπής ρεύματος σε περίπτωση έκτακτης ανάγκης,Emergency shutdown systems
31682530-4,31682500-5,6,Εφεδρικά συστήματα παροχής ενέργειας,Emergency power supplies
31682540-7,31682500-5,6,Εξοπλισμός υποσταθμού,Substation equipment
31700000-3,31000000-6,2,"Ηλεκτρονικό, ηλεκτρομηχανολογικό και ηλεκτροτεχνικό υλικό","Electronic, electromechanical and electrotechnical supplies"
31710000-6,31700000-3,3,Ηλεκτρονικός εξοπλισμός,Electronic equipment
31711000-3,31710000-6,4,Ηλεκτρονικό υλικό,Electronic supplies
31711100-4,31711000-3,5,Εξαρτήματα ηλεκτρονικών ειδών,Electronic components
31711110-7,31711100-4,6,Πομποδέκτες,Transceivers
31711120-0,31711100-4,6,Μετατροπέας μορφών ενέργειας,Transducers
31711130-3,31711100-4,6,Αντιστάσεις,Resistors
31711131-0,31711130-3,7,Ηλεκτρικές αντιστάσεις,Electrical resistors
31711140-6,31711100-4,6,Ηλεκτρόδια,Electrodes
31711150-9,31711100-4,6,Ηλεκτρικοί πυκνωτές,Electrical capacitors
31711151-6,31711150-9,7,Σταθεροί πυκνωτές,Fixed capacitors
31711152-3,31711150-9,7,Μεταβλητοί ή ρυθμιζόμενοι πυκνωτές,Variable or adjustable capacitors
31711154-0,31711150-9,7,Συστοιχίες πυκνωτών,Capacitor banks
31711155-7,31711150-9,7,Δίκτυα πυκνωτών,Capacitor networks
31711200-5,31711000-3,5,Ηλεκτρονικοί πίνακες γηπέδων,Electronic scoreboards
31711300-6,31711000-3,5,Ηλεκτρονικά συστήματα χρονομέτρησης,Electronic timekeeping systems
31711310-9,31711300-6,6,Σύστημα καταγραφής χρόνου παρουσίας,System for recording attendance
31711400-7,31711000-3,5,Ηλεκτρονικές λυχνίες και λυχνίες ραδιοφώνου,Valves and tubes
31711410-0,31711400-7,6,Λυχνίες τηλεόρασης καθοδικών ακτίνων,Cathode-ray television picture tubes
31711411-7,31711410-0,7,Λυχνίες μηχανημάτων τηλεοπτικής λήψης,Television camera tubes
31711420-3,31711400-7,6,Λυχνίες μικροκυμάτων και εξοπλισμός,Microwave tubes and equipment
31711421-0,31711420-3,7,Λυχνίες μάγνετρον,Magnetrons
31711422-7,31711420-3,7,Εξοπλισμός μικροκυμάτων,Microwave equipment
31711423-4,31711420-3,7,Εξοπλισμός ασύρματης επικοινωνίας με μικροκύματα,Microwave radio equipment
31711424-1,31711420-3,7,Λυχνίες κλύστρον,Klystrons
31711430-6,31711400-7,6,Ηλεκτρονικές λυχνίες,Valve tubes
31711440-9,31711400-7,6,Λυχνίες δεκτών ή ενισχυτών,Receiver or amplifier valves and tubes
31711500-8,31711000-3,5,Μέρη ηλεκτρονικών συνόλων,Parts of electronic assemblies
31711510-1,31711500-8,6,Μέρη ηλεκτρικών πυκνωτών,Parts of electrical capacitors
31711520-4,31711500-8,6,"Μέρη ηλεκτρικών αντιστάσεων, ροοστατών και ποτενσιομέτρων","Parts of electrical resistors, rheostats and potentiometers"
31711530-7,31711500-8,6,Μέρη ηλεκτρονικών λυχνιών και λυχνιών ραδιοφώνου,Parts of electronic valves and tubes
31712000-0,31710000-6,4,"Μικροηλεκτρονικά μηχανήματα και συσκευές, καθώς και μικροσυστήματα",Microelectronic machinery and apparatus and microsystems
31712100-1,31712000-0,5,Μικροηλεκτρονικές συσκευές και μηχανήμτα,Microelectronic machinery and apparatus
31712110-4,31712100-1,6,Ηλεκτρονικά ολοκληρωμένα κυκλώματα και μικροσύνολα,Electronic integrated circuits and microassemblies
31712111-1,31712110-4,7,Κάρτες τηλεφώνου,Phone cards
31712112-8,31712110-4,7,Κάρτες SIM,SIM cards
31712113-5,31712110-4,7,Κάρτες με ολοκληρωμένα κυκλώματα,Cards containing integrated circuits
31712114-2,31712110-4,7,Ολοκληρωμένα ηλεκτρονικά κυκλώματα,Integrated electronic circuits
31712115-9,31712110-4,7,Μικροσύνολα,Microassemblies
31712116-6,31712110-4,7,Μικροεπεξεργαστές,Microprocessors
31712117-3,31712110-4,7,Πακέτα ολοκληρωμένων κυκλωμάτων,Integrated circuit packages
31712118-0,31712110-4,7,Υποδοχές ή διατάξεις στερέωσης ολοκληρωμένων κυκλωμάτων,Integrated circuit sockets or mounts
31712119-7,31712110-4,7,Καλύμματα ολοκληρωμένων κυκλωμάτων,Integrated circuit lids
31712200-2,31712000-0,5,Μικροσυστήματα,Microsystems
31712300-3,31712000-0,5,Τυπωμένα κυκλώματα,Printed circuits
31712310-6,31712300-3,6,Κατειλημμένοι πίνακες τυπωμένων κυκλωμάτων,Populated printed circuit boards
31712320-9,31712300-3,6,Μη κατειλημμένοι πίνακες τυπωμένων κυκλωμάτων,Unpopulated printed circuit boards
31712330-2,31712300-3,6,Ημιαγωγοί,Semiconductors
31712331-9,31712330-2,7,Φωτοβολταϊκά στοιχεία,Photovoltaic cells
31712332-6,31712330-2,7,Θυρίστορ,Thyristors
31712333-3,31712330-2,7,Θυρίστορ αμφίπλευρης διόδου,Diacs
31712334-0,31712330-2,7,Θυρίστορ αμφίπλευρης τριόδου,Triacs
31712335-7,31712330-2,7,Οπτικά συζευγμένοι μονωτές,Optical coupled isolators
31712336-4,31712330-2,7,Ταλαντωτές κρυστάλλου,Crystal oscillators
31712340-5,31712300-3,6,Δίοδοι,Diodes
31712341-2,31712340-5,7,Δίοδοι εκπομπής φωτός,Light-emitting diodes
31712342-9,31712340-5,7,Δίοδοι μικροκυμάτων ή ασθενών σημάτων,Microwave or small signal diodes
31712343-6,31712340-5,7,Δίοδοι ζένερ,Zener diodes
31712344-3,31712340-5,7,Δίοδοι Schottky,Schottky diodes
31712345-0,31712340-5,7,Δίοδοι σήραγγος,Tunnel diodes
31712346-7,31712340-5,7,Φωτοευαίσθητες δίοδοι,Photosensitive diodes
31712347-4,31712340-5,7,Δίοδοι ισχύος ή ηλιακές δίοδοι,Power or solar diodes
31712348-1,31712340-5,7,Δίοδοι λέιζερ,Laser diodes
31712349-8,31712340-5,7,Δίοδοι ραδιοσυχνοτήτων,Radio frequency (RF) diodes
31712350-8,31712300-3,6,Τρανζίστορ,Transistors
31712351-5,31712350-8,7,Φωτοευαίσθητα τρανζίστορ,Photo sensitive transistors
31712352-2,31712350-8,7,Τρανζίστορ επιδράσεως πεδίου (FET),Field effect transistors (FET)
31712353-9,31712350-8,7,Τρανζίστορ επιδράσεως πεδίου ημιαγωγού μεταλλικού οξειδίου (MOSFET),Metal oxide field effect transistors (MOSFET)
31712354-6,31712350-8,7,Πλινθία τρανζίστορ,Transistor chips
31712355-3,31712350-8,7,Διπολικά τρανζίστορ Darlington ή ραδιοσυχνοτήτων (RF),Bipolar darlington or radio frequency (RF) transistors
31712356-0,31712350-8,7,Τρανζίσορ μονοεπαφής,Unijunction transistors
31712357-7,31712350-8,7,Διπολικά τρανζίστορ μονωμένης πύλης (IGBT),Insulated gate bipolar transistors (IGBT)
31712358-4,31712350-8,7,Τρανζίστορ πεδίου επαφής (JFET),Junction field effect transistors (JFET)
31712359-1,31712350-8,7,Τρανζίστορ διπολικής ένωσης (BJT),Bipolar junction transistors (BJT)
31712360-1,31712300-3,6,Προσαρμοσμένοι πιεζοηλεκτρικοί κρύσταλλοι,Mounted piezo-electric crystals
31720000-9,31700000-3,3,Ηλεκτρομηχανολογικός εξοπλισμός,Electromechanical equipment
31730000-2,31700000-3,3,Ηλεκτροτεχνικός εξοπλισμός,Electrotechnical equipment
31731000-9,31730000-2,4,Ηλεκτροτεχνικό υλικό,Electrotechnical supplies
31731100-0,31731000-9,5,Στοιχεία κατασκευής,Modules
32000000-3,,1,"Εξοπλισμός ραδιοφωνίας, τηλεόρασης, επικοινωνιών, τηλεπικοινωνιών και συναφής εξοπλισμός","Radio, television, communication, telecommunication and related equipment"
32200000-5,32000000-3,2,"Συσκευές εκπομπής για ραδιοτηλεφωνία, ραδιοτηλεγραφία, ραδιοφωνική μετάδοση και τηλεόραση","Transmission apparatus for radiotelephony, radiotelegraphy, radio broadcasting and television"
32210000-8,32200000-5,3,Εξοπλισμός ραδιοφωνικών και τηλεοπτικών μεταδόσεων,Broadcasting equipment
32211000-5,32210000-8,4,Εξοπλισμός παραγωγής μεταδόσεων,Broadcast production equipment
32220000-1,32200000-5,3,Συσκευές εκπομπής τηλεόρασης χωρίς συσκευές λήψης,Television transmission apparatus without reception apparatus
32221000-8,32220000-1,4,Ραδιοφάροι,Radio beacons
32222000-5,32220000-1,4,Μηχανές κωδικοποίησης σήματος εικόνας,Video-signal coding machines
32223000-2,32220000-1,4,Συσκευές μετάδοσης εικόνας,Video transmission apparatus
32224000-9,32220000-1,4,Συσκευές μετάδοσης τηλεοπτικών εκπομπών,Television transmission apparatus
32230000-4,32200000-5,3,Συσκευές ραδιοφωνικής εκπομπής με συσκευές λήψης,Radio transmission apparatus with reception apparatus
32231000-1,32230000-4,4,Συσκευές τηλεόρασης κλειστού κυκλώματος,Closed-circuit television apparatus
32232000-8,32230000-4,4,Εξοπλισμός τηλεδιασκέψεων,Video-conferencing equipment
32233000-5,32230000-4,4,Σταθμοί ενίσχυσης ραδιοσυχνοτήτων,Radio-frequency booster stations
32234000-2,32230000-4,4,Κάμερες κλειστού κυκλώματος τηλεόρασης,Closed-circuit television cameras
32235000-9,32230000-4,4,Σύστημα παρακολούθησης κλειστού κυκλώματος,Closed-circuit surveillance system
32236000-6,32230000-4,4,Ραδιοτηλέφωνα,Radio telephones
32237000-3,32230000-4,4,Φορητά ραδιοτηλέφωνα,Walkie-talkies
32240000-7,32200000-5,3,Τηλεοπτικές μηχανές λήψης,Television cameras
32250000-0,32200000-5,3,Κινητά τηλέφωνα,Mobile telephones
32251000-7,32250000-0,4,Τηλέφωνα αυτοκινήτου,Car telephones
32251100-8,32251000-7,5,Σετ ανοιχτής ακρόασης,Hands-free set
32252000-4,32250000-0,4,Τηλέφωνα GSM,GSM telephones
32252100-5,32252000-4,5,Κινητά τηλέφωνα ανοιχτής ακρόασης,Hands-free mobile telephones
32252110-8,32252100-5,6,Κινητά τηλέφωνα ανοιχτής ακρόασης (ασύρματα),Hands-free mobile telephones (wireless)
32260000-3,32200000-5,3,Εξοπλισμός μετάδοσης δεδομένων,Data-transmission equipment
32270000-6,32200000-5,3,Συσκευές ψηφιακής μετάδοσης,Digital transmission apparatus
32300000-6,32000000-3,2,"Τηλεοράσεις και ραδιόφωνα, συσκευές εγγραφής και αναπαραγωγής ήχου ή εικόνας","Television and radio receivers, and sound or video recording or reproducing apparatus"
32310000-9,32300000-6,3,Δέκτες ραδιοφωνικής μετάδοσης,Radio broadcast receivers
32320000-2,32300000-6,3,Τηλεοπτικός και οπτικοακουστικός εξοπλισμός,Television and audio-visual equipment
32321000-9,32320000-2,4,Συσκευές τηλεοπτικής προβολής,Television projection equipment
32321100-0,32321000-9,5,Εξοπλισμός κινηματογραφικών ταινιών και βίντεο,Film equipment
32321200-1,32321000-9,5,Οπτικοακουστικός εξοπλισμός,Audio-visual equipment
32321300-2,32321000-9,5,Οπτικοακουστικό υλικό,Audio-visual materials
32322000-6,32320000-2,4,Εξοπλισμός πολυμέσων,Multimedia equipment
32323000-3,32320000-2,4,Οθόνες οπτικής απεικόνισης,Video monitors
32323100-4,32323000-3,5,Έγχρωμες οθόνες παρακολούθησης,Colour video monitors
32323200-5,32323000-3,5,Ασπρόμαυρες οθόνες,Monochrome video monitors
32323300-6,32323000-3,5,Εξοπλισμός βίντεο,Video equipment
32323400-7,32323000-3,5,Εξοπλισμός αναπαραγωγής ταινιών βίντεο,Video-playback equipment
32323500-8,32323000-3,5,Σύστημα βιντεοπαρακολούθησης,Video-surveillance system
32324000-0,32320000-2,4,Τηλεοπτικοί δέκτες,Televisions
32324100-1,32324000-0,5,Έγχρωμοι τηλεοπτικοί δέκτες,Colour televisions
32324200-2,32324000-0,5,Ασπρόμαυροι τηλεοπτικοί δέκτες,Monochrome televisions
32324300-3,32324000-0,5,Εξοπλισμός τηλεόρασης,Television equipment
32324310-6,32324300-3,6,Δορυφορικές κεραίες,Satellite antennas
32324400-4,32324000-0,5,Κεραίες τηλεόρασης,Television aerials
32324500-5,32324000-0,5,Συντονιστές τηλεοπτικής εικόνας,Video tuners
32324600-6,32324000-0,5,Τηλεοπτικοί δέκτες ψηφιακής τηλεόρασης,Digital-TV boxes
32330000-5,32300000-6,3,Συσκευές για την εγγραφή και αναπαραγωγή ήχου και εικόνας,"Apparatus for sound, video-recording and reproduction"
32331000-2,32330000-5,4,Συστήματα περιστροφής δίσκων,Turntables
32331100-3,32331000-2,5,Πικάπ,Record players
32331200-4,32331000-2,5,Κασετόφωνα,Cassette players
32331300-5,32331000-2,5,Συσκευές αναπαραγωγής ήχου,Sound-reproduction apparatus
32331500-7,32331000-2,5,Συσκευές εγγραφής,Recorders
32331600-8,32331000-2,5,Συσκευές αναπαραγωγής αρχείων MP3,MP3 player
32332000-9,32330000-5,4,Μαγνητόφωνα,Magnetic tape recorders
32332100-0,32332000-9,5,Μηχανές υπαγόρευσης,Dictating machines
32332200-1,32332000-9,5,Αυτόματοι τηλεφωνητές,Telephone-answering machines
32332300-2,32332000-9,5,Συσκευές ηχογράφησης,Sound recorders
32333000-6,32330000-5,4,Συσκευές εγγραφής ή αναπαραγωγής εικόνας,Video recording or reproducing apparatus
32333100-7,32333000-6,5,Συσκευές εγγραφής εικόνας,Video recorders
32333200-8,32333000-6,5,Βιντεοκάμερες,Video camcorders
32333300-9,32333000-6,5,Συσκευές αναπαραγωγής εικόνας,Video-reproducing apparatus
32333400-0,32333000-6,5,Συσκευές απλής αναπαραγωγής εικόνας,Video players
32340000-8,32300000-6,3,Μικρόφωνα και μεγάφωνα,Microphones and loudspeakers
32341000-5,32340000-8,4,Μικρόφωνα,Microphones
32342000-2,32340000-8,4,Μεγάφωνα,Loudspeakers
32342100-3,32342000-2,5,Ακουστικά κεφαλής,Headphones
32342200-4,32342000-2,5,Ακουστικά αυτιών,Earphones
32342300-5,32342000-2,5,Μικρόφωνα και συγκροτήματα μεγαφώνων,Microphones and speaker sets
32342400-6,32342000-2,5,Συσκευές ακουστικής,Acoustic devices
32342410-9,32342400-6,6,Εξοπλισμός ήχου,Sound equipment
32342411-6,32342410-9,7,Ηχεία πολύ μικρών διαστάσεων,Mini speakers
32342412-3,32342410-9,7,Ηχεία,Speakers
32342420-2,32342400-6,6,Κονσόλα μείξης ήχου για στούντιο,Studio mixing console
32342430-5,32342400-6,6,Σύστημα συμπύκνωσης ηχητικών εγγραφών,Speech-compression system
32342440-8,32342400-6,6,Σύστημα φωνητικών ανακοινώσεων,Voice-mail system
32342450-1,32342400-6,6,Συσκευές εγγραφής φωνητικών μηνυμάτων,Voice recorders
32343000-9,32340000-8,4,Ενισχυτές,Amplifiers
32343100-0,32343000-9,5,Ενισχυτές ακουστικών συχνοτήτων,Audio-frequency amplifiers
32343200-1,32343000-9,5,Φορητά μεγάφωνα,Megaphones
32344000-6,32340000-8,4,Συσκευές λήψης ραδιοτηλεφωνίας ή ραδιοτηλεγραφίας,Reception apparatus for radiotelephony or radiotelegraphy
32344100-7,32344000-6,5,Φορητοί δέκτες κλήσης και τηλεειδοποίησης,Portable receivers for calling and paging
32344110-0,32344100-7,6,Σύστημα καταγραφής φωνητικών δεδομένων,Voice-logging system
32344200-8,32344000-6,5,Ραδιοφωνικοί δέκτες,Radio receivers
32344210-1,32344200-8,6,Εξοπλισμός ασύρματης επικοινωνίας,Radio equipment
32344220-4,32344200-8,6,Συσκευές ασύρματης τηλεειδοποίησης,Radio pagers
32344230-7,32344200-8,6,Ραδιοφωνικοί σταθμοί,Radio stations
32344240-0,32344200-8,6,Πύργος ραδιοφωνίας,Radio tower
32344250-3,32344200-8,6,Ραδιοφωνικές εγκαταστάσεις,Radio installations
32344260-6,32344200-8,6,Εξοπλισμός ραδιοφωνίας και πολυπλεκτών,Radio and multiplex equipment
32344270-9,32344200-8,6,Σύστημα ελέγχου ασύρματης επικοινωνίας και τηλεφωνίας,Radio and telephone control system
32344280-2,32344200-8,6,Φορητές ασύρματες συσκευές,Portable radios
32350000-1,32300000-6,3,Μέρη εξοπλισμού ήχου και εικόνας,Parts of sound and video equipment
32351000-8,32350000-1,4,Εξαρτήματα εξοπλισμού ήχου και εικόνας,Accessories for sound and video equipment
32351100-9,32351000-8,5,Εξοπλισμός επιμέλειας ταινιών βίντεο,Video-editing equipment
32351200-0,32351000-8,5,Αντιανεμικά φύλλα,Screens
32351300-1,32351000-8,5,Εξαρτήματα εξοπλισμού ήχου,Audio equipment accessories
32351310-4,32351300-1,6,Κασέτες ήχου,Audio cassettes
32352000-5,32350000-1,4,Κεραίες και ανακλαστήρες,Aerials and reflectors
32352100-6,32352000-5,5,Μέρη εξοπλισμού ραδιοεπικοινωνίας και ραντάρ,Parts of radio and radar equipment
32352200-7,32352000-5,5,Ανταλλακτικά και εξαρτήματα ραντάρ,Radar spare parts and accessories
32353000-2,32350000-1,4,Εγγραφή ήχου,Sound recordings
32353100-3,32353000-2,5,Μουσικοί δίσκοι,Records
32353200-4,32353000-2,5,Κασέτες εγγραφής ήχου,Music cassettes
32354000-9,32350000-1,4,Προϊόντα για φιλμ,Film products
32354100-0,32354000-9,5,Ακτινολογικό φιλμ,Radiology film
32354110-3,32354100-0,6,Φιλμ ακτίνων Χ,X-ray film
32354120-6,32354100-0,6,Φιλμ τύπου blue diazo,Blue diazo film
32354200-1,32354000-9,5,Κινηματογραφικό φιλμ,Cinematographic film
32354300-2,32354000-9,5,Φωτογραφικό φιλμ,Photographic film
32354400-3,32354000-9,5,Φιλμ άμεσης εκτύπωσης,Instant-print film
32354500-4,32354000-9,5,Φιλμ βίντεο,Video films
32354600-5,32354000-9,5,Βιντεοκασέτες,Video cassettes
32354700-6,32354000-9,5,Βιντεοταινίες,Video tapes
32354800-7,32354000-9,5,Κολλητικές ταινίες,Cling film
32360000-4,32300000-6,3,Εξοπλισμός ενδοεπικοινωνίας,Intercom equipment
32400000-7,32000000-3,2,Δίκτυα,Networks
32410000-0,32400000-7,3,Τοπικό δίκτυο,Local area network
32411000-7,32410000-0,4,Δακτυλιοειδές δίκτυο αδειοδοτικού,Token-ring network
32412000-4,32410000-0,4,Δίκτυο επικοινωνιών,Communications network
32412100-5,32412000-4,5,Δίκτυο τηλεπικοινωνιών,Telecommunications network
32412110-8,32412100-5,6,Δίκτυο Ιντερνέτ,Internet network
32412120-1,32412100-5,6,Δίκτυο Ιντρανέτ,Intranet network
32413000-1,32410000-0,4,Ολοκληρωμένο δίκτυο,Integrated network
32413100-2,32413000-1,5,Δρομείς δικτύου,Network routers
32415000-5,32410000-0,4,Δίκτυο Ethernet,Ethernet network
32416000-2,32410000-0,4,Ψηφιακό δίκτυο ολοκληρωμένων υπηρεσιών (ISDN),ISDN network
32416100-3,32416000-2,5,Δίκτυο ISDX,ISDX network
32417000-9,32410000-0,4,Δίκτυα πολυμέσων,Multimedia networks
32418000-6,32410000-0,4,Ραδιοδίκτυο,Radio network
32420000-3,32400000-7,3,Εξοπλισμός δικτύου,Network equipment
32421000-0,32420000-3,4,Καλωδίωση δικτύου,Network cabling
32422000-7,32420000-3,4,Μέρη δικτύου,Network components
32423000-4,32420000-3,4,Κόμβοι δικτύου,Network hubs
32424000-1,32420000-3,4,Υποδομή δικτύου,Network infrastructure
32425000-8,32420000-3,4,Λειτουργικό σύστημα δικτύου,Network operating system
32426000-5,32420000-3,4,Εκδοτικά συστήματα μέσω δικτύου,Network publishing system
32427000-2,32420000-3,4,Σύστημα δικτύου,Network system
32428000-9,32420000-3,4,Αναβάθμιση δικτύου,Network upgrade
32429000-6,32420000-3,4,Εξοπλισμός δικτύου τηλεφωνίας,Telephone network equipment
32430000-6,32400000-7,3,Δίκτυο ευρείας ζώνης,Wide area network
32440000-9,32400000-7,3,Τερματικά και εξοπλισμός τηλεμετρίας,Telemetry and terminal equipment
32441000-6,32440000-9,4,Εξοπλισμός τηλεμετρίας,Telemetry equipment
32441100-7,32441000-6,5,Τηλεμετρικό σύστημα παρακολούθησης,Telemetry surveillance system
32441200-8,32441000-6,5,Εξοπλισμός τηλεμετρίας και ελέγχου,Telemetry and control equipment
32441300-9,32441000-6,5,Σύστημα τηλεματικής,Telematics system
32442000-3,32440000-9,4,Εξοπλισμός τερματικών,Terminal equipment
32442100-4,32442000-3,5,Πίνακες τερματικών,Terminal boards
32442200-5,32442000-3,5,Κυτία τερματικών,Terminal boxes
32442300-6,32442000-3,5,Εξομοιωτές τερματικών,Terminal emulators
32442400-7,32442000-3,5,Τερματικές μονάδες εισόδου-εξόδου καλωδίων,Termination blocks
32500000-8,32000000-3,2,Τηλεπικοινωνιακό υλικό,Telecommunications equipment and supplies
32510000-1,32500000-8,3,Σύστημα ασύρματης τηλεπικοινωνίας,Wireless telecommunications system
32520000-4,32500000-8,3,Καλώδια και εξοπλισμός τηλεπικοινωνιών,Telecommunications cable and equipment
32521000-1,32520000-4,4,Καλώδια τηλεπικοινωνιών,Telecommunications cable
32522000-8,32520000-4,4,Εξοπλισμός τηλεπικοινωνιών,Telecommunications equipment
32523000-5,32520000-4,4,Εγκαταστάσεις τηλεπικοινωνιών,Telecommunications facilities
32524000-2,32520000-4,4,Σύστημα τηλεπικοινωνιών,Telecommunications system
32530000-7,32500000-8,3,Εξοπλισμός σχετιζόμενος με τις επικοινωνίες μέσω δορυφόρου,Satellite-related communications equipment
32531000-4,32530000-7,4,Εξοπλισμός επικοινωνιών μέσω δορυφόρου,Satellite communications equipment
32532000-1,32530000-7,4,Πιάτα κεραιών δορυφορικής λήψης,Satellite dishes
32533000-8,32530000-7,4,Επίγειοι δορυφορικοί σταθμοί,Satellite earth stations
32534000-5,32530000-7,4,Δορυφορικές πλατφόρμες,Satellite platforms
32540000-0,32500000-8,3,Πίνακες διακοπτών,Switchboards
32541000-7,32540000-0,4,Εξοπλισμός τηλεφωνικών κέντρων,Switchboard equipment
32542000-4,32540000-0,4,Πίνακες τηλεφωνικών κέντρων,Switchboard panels
32543000-1,32540000-0,4,Τηλεφωνικά κέντρα,Telephone switchboards
32544000-8,32540000-0,4,Εξοπλισμός αυτόματων τηλεφωνικών κέντρων,PABX equipment
32545000-5,32540000-0,4,Συστήματα αυτόματων τηλεφωνικών κέντρων,PABX systems
32546000-2,32540000-0,4,Εξοπλισμός ψηφιακών τηλεφωνικών κέντρων,Digital switching equipment
32546100-3,32546000-2,5,Ψηφιακοί πίνακες διακοπτών,Digital switchboards
32547000-9,32540000-0,4,Τηλεφωνικοί πίνακες εν κενώ,Vacuum switchboards
32550000-3,32500000-8,3,Τηλεφωνικός εξοπλισμός,Telephone equipment
32551000-0,32550000-3,4,Καλώδια και εξοπλισμός τηλεφωνίας,Telephone cables and associated equipment
32551100-1,32551000-0,5,Τηλεφωνικές συνδέσεις,Telephone connections
32551200-2,32551000-0,5,Συστήματα τηλεφωνικών διακλαδώσεων,Telephone exchanges
32551300-3,32551000-0,5,Ακουστικά για τηλεφωνητές,Telephone headsets
32551400-4,32551000-0,5,Δίκτυο τηλεφωνίας,Telephone network
32551500-5,32551000-0,5,Τηλεφωνικά καλώδια,Telephone cables
32552000-7,32550000-3,4,Ηλεκτρικές συσκευές για την ενσύρματη τηλεφωνία ή την ενσύρματη τηλεγραφία,Electrical apparatus for line telephony or line telegraphy
32552100-8,32552000-7,5,Τηλεφωνικές συσκευές,Telephone sets
32552110-1,32552100-8,6,Ασύρματα τηλέφωνα,Cordless telephones
32552120-4,32552100-8,6,Τηλέφωνα έκτακτης ανάγκης,Emergency telephones
32552130-7,32552100-8,6,Δημόσια τηλέφωνα,Public telephones
32552140-0,32552100-8,6,Εξοπλισμός για τηλεφωνικούς κερματοδέκτες,Payphone equipment
32552150-3,32552100-8,6,Τηλέφωνα για άτομα με μειωμένη όραση,Telephones for visually-impaired
32552160-6,32552100-8,6,Τηλέφωνα για άτομα με μειωμένη ακοή,Telephones for hearing-impaired
32552200-9,32552000-7,5,Μονάδες οπτικής απεικόνισης,Teleprinters
32552300-0,32552000-7,5,Τηλεφωνικές ή τηλεγραφικές συσκευές μεταγωγής,Telephonic or telegraphic switching apparatus
32552310-3,32552300-0,6,Ψηφιακά τηλεφωνικά κέντρα,Digital telephone exchanges
32552320-6,32552300-0,6,Πολυπλέκτες,Multiplexers
32552330-9,32552300-0,6,Τηλεφωνικές συσκευές μεταγωγής,Telephone switching apparatus
32552400-1,32552000-7,5,Συσκευές μετατροπής σήματος ακουστικής συχνότητας,Audio-frequency signal conversion apparatus
32552410-4,32552400-1,6,Μόντεμ,Modems
32552420-7,32552400-1,6,Μετατροπείς συχνοτήτων,Frequency converter
32552430-0,32552400-1,6,Συσκευές κωδικοποίησης,Coding equipment
32552500-2,32552000-7,5,Συσκευές τηλεκειμενογραφίας,Teletext apparatus
32552510-5,32552500-2,6,Τερματικά τηλεεικονογραφίας,Videotext terminals
32552520-8,32552500-2,6,Εξοπλισμός τέλεξ,Telex equipment
32552600-3,32552000-7,5,Θυροτηλέφωνα,Entrance telephones
32553000-4,32550000-3,4,Μέρη ηλεκτρικών τηλεφωνικών ή τηλεγραφικών συσκευών,Parts of electrical telephonic or telegraphic apparatus
32560000-6,32500000-8,3,Υλικό οπτικών ινών,Fibre-optic materials
32561000-3,32560000-6,4,Συνδέσεις οπτικών ινών,Fibre-optic connections
32562000-0,32560000-6,4,Καλώδια οπτικών ινών,Optical-fibre cables
32562100-1,32562000-0,5,Καλώδια οπτικών ινών για μετάδοση πληροφοριών,Optical-fibre cables for information transmission
32562200-2,32562000-0,5,Καλώδια οπτικών ινών για τηλεπικοινωνίες,Optical telecommunication cables
32562300-3,32562000-0,5,Καλώδια οπτικών ινών για μετάδοση δεδομένων,Optical-fibre cables for data transmission
32570000-9,32500000-8,3,Εξοπλισμός επικοινωνιών,Communications equipment
32571000-6,32570000-9,4,Υποδομή επικοινωνιών,Communications infrastructure
32572000-3,32570000-9,4,Καλώδια επικοινωνιών,Communications cable
32572100-4,32572000-3,5,Καλώδια επικοινωνιών με πολλαπλούς ηλεκτρικούς αγωγούς,Communications cable with multiple electrical conductors
32572200-5,32572000-3,5,Καλώδια επικοινωνιών με ομοαξονικούς αγωγούς,Communications cable with coaxial conductors
32572300-6,32572000-3,5,Καλώδια επικοινωνιών για ειδικές εφαρμογές,Communications cable for special applications
32573000-0,32570000-9,4,Σύστημα ελέγχου επικοινωνιών,Communications control system
32580000-2,32500000-8,3,Εξοπλισμός δικτύου δεδομένων,Data equipment
32581000-9,32580000-2,4,Εξοπλισμός επικοινωνίας δεδομένων,Data-communications equipment
32581100-0,32581000-9,5,Καλώδια διαβίβασης δεδομένων,Data-transmission cable
32581110-3,32581100-0,6,Καλώδια διαβίβασης δεδομένων με πολλαπλούς ηλεκτρικούς αγωγούς,Data-transmission cable with multiple electrical conductors
32581120-6,32581100-0,6,Καλώδια διαβίβασης δεδομένων με ομαξονικούς αγωγούς,Data-transmission cable with coaxial conductors
32581130-9,32581100-0,6,Καλώδια διαβίβασης δεδομένων για ειδικές εφαρμογές,Data-transmission cable for special applications
32581200-1,32581000-9,5,Εξοπλισμός τηλεομοιοτυπίας,Fax equipment
32581210-4,32581200-1,6,Εξαρτήματα και δομικά μέρη εξοπλισμού τηλεομοιοτυπίας,Accessories and components for fax equipment
32582000-6,32580000-2,4,Φορείς δεδομένων,Data carriers
32583000-3,32580000-2,4,Φορείς δεδομένων και φωνής,Data and voice media
32584000-0,32580000-2,4,Μέσα καταγραφής δεδομένων,Data-bearing media
33000000-0,,1,"Ιατρικές συσκευές, φαρμακευτικά προϊόντα και προϊόντα ατομικής περιποίησης","Medical equipments, pharmaceuticals and personal care products"
33100000-1,33000000-0,2,Ιατρικές συσκευές,Medical equipments
33110000-4,33100000-1,3,"Εξοπλισμός απεικόνισης ιατρικής, οδοντιατρικής και κτηνιατρικής χρήσης","Imaging equipment for medical, dental and veterinary use"
33111000-1,33110000-4,4,Ακτινολογικά μηχανήματα,X-ray devices
33111100-2,33111000-1,5,Τράπεζα ακτινογραφίας,X-ray table
33111200-3,33111000-1,5,Ακτινολογικά εργαστήρια,X-ray workstations
33111300-4,33111000-1,5,Συσκευές εμφάνισης ακτινογραφιών,X-ray processing devices
33111400-5,33111000-1,5,Συσκευές ακτινοσκόπησης,X-ray fluoroscopy devices
33111500-6,33111000-1,5,Ακτινογραφία δοντιών,Dental X-ray
33111600-7,33111000-1,5,Συσκευές ακτινογραφίας,Radiography devices
33111610-0,33111600-7,6,Μονάδα μαγνητικού συντονισμού,Magnetic resonance unit
33111620-3,33111600-7,6,Κάμερες ακτίνων γάμμα,Gamma cameras
33111640-9,33111600-7,6,Θερμογράφημα,Thermographs
33111650-2,33111600-7,6,Συσκευές μαστογραφίας,Mammography devices
33111660-5,33111600-7,6,Συσκευές μέτρησης οστικής πυκνότητας,Bone densitometers
33111700-8,33111000-1,5,Θάλαμος αγγειογραφίας,Angiography room
33111710-1,33111700-8,6,Υλικά αγγειογραφίας,Angiography supplies
33111720-4,33111700-8,6,Συσκευές αγγειογραφίας,Angiography devices
33111721-1,33111720-4,7,Συσκευές ψηφιακής αγγειογραφίας,Digital angiography devices
33111730-7,33111700-8,6,Υλικά αγγειοπλαστικής,Angioplasty supplies
33111740-0,33111700-8,6,Συσκευές αγγειοπλαστικής,Angioplasty devices
33111800-9,33111000-1,5,Διαγνωστικό σύστημα ακτίνων Χ,Diagnostic X-ray system
33112000-8,33110000-4,4,"Εξοπλισμός ηχογραφίας, υπερηχογραφίας και doppler","Echo, ultrasound and doppler imaging equipment"
33112100-9,33112000-8,5,Υπερηχοκαρδιογράφος,Ultrasonic heart detector
33112200-0,33112000-8,5,Μονάδα υπερήχων,Ultrasonic unit
33112300-1,33112000-8,5,Σπινθηρογράφοι υπερήχων,Ultrasound scanners
33112310-4,33112300-1,6,Έγχρωμο ντόπλερ,Colour-flow doppler
33112320-7,33112300-1,6,Εξοπλισμός ντόπλερ,Doppler equipment
33112330-0,33112300-1,6,Ηχοεγκεφαλογράφος,Echoencephalographs
33112340-3,33112300-1,6,Ηχοκαρδιογράφοι,Echocardiographs
33113000-5,33110000-4,4,Εξοπλισμός απεικόνισης μαγνητικού συντονισμού,Magnetic resonance imaging equipment
33113100-6,33113000-5,5,Σπιρογράφοι μαγνητικού συντονισμού,Magnetic resonance scanners
33113110-9,33113100-6,6,Σπινθηρογράφοι πυρηνικού μαγνητικού συντονισμού,Nuclear magnetic resonance scanners
33114000-2,33110000-4,4,Συσκευές φασματοσκοπίας,Spectroscopy devices
33115000-9,33110000-4,4,Συσκευές τομογραφίας,Tomography devices
33115100-0,33115000-9,5,Υπολογιστικοί τομογράφοι,CT scanners
33115200-1,33115000-9,5,Υπολογιστικοί αξονικοί τομογράφοι (CAT),CAT scanners
33120000-7,33100000-1,3,Συστήματα καταγραφής και ερευνητικές συσκευές,Recording systems and exploration devices
33121000-4,33120000-7,4,Σύστημα μακροχρόνιας περιπατητικής καταγραφής,Long term ambulatory recording system
33121100-5,33121000-4,5,Ηλεκτροεγκεφαλογράφημα,Electro-encephalographs
33121200-6,33121000-4,5,Συσκευές σπινθηρογραφήματος,Scintigraphy devices
33121300-7,33121000-4,5,Ηλεκτρομυογράφημα,Electromyographs
33121400-8,33121000-4,5,Ακουόμετρα,Audiometers
33121500-9,33121000-4,5,Ηλεκτροκαρδιογράφημα,Electrocardiogram
33122000-1,33120000-7,4,Οφθαλμολογικός εξοπλισμός,Ophthalmology equipment
33123000-8,33120000-7,4,Καρδιοαγγειακές διατάξεις,Cardiovascular devices
33123100-9,33123000-8,5,Πιεσόμετρο αρτηριακής πίεσης,Tensiometer
33123200-0,33123000-8,5,Διατάξεις ηλεκτροκαρδιογραφήματος,Electrocardiography devices
33123210-3,33123200-0,6,Σύστημα παρακολούθησης της καρδιάς,Cardiac-monitoring devices
33123220-6,33123200-0,6,Καρδιοαγγειογραφικές συσκευές,Cardio-angiography devices
33123230-9,33123200-0,6,Καρδιογράφοι,Cardiographs
33124000-5,33120000-7,4,Συσκευές και προμήθειες διαγνωστικής και ακτινοδιαγνωστικής,Diagnostics and radiodiagnostic devices and supplies
33124100-6,33124000-5,5,Συσκευές διαγνωστικής,Diagnostic devices
33124110-9,33124100-6,6,Συστήματα διαγνωστικής,Diagnostic systems
33124120-2,33124100-6,6,Συσκευές διαγνωστικής με υπερήχους,Diagnostic ultrasound devices
33124130-5,33124100-6,6,Προμήθειες συσκευών διαγνωστικής,Diagnostic supplies
33124131-2,33124130-5,7,Αντιδραστήρια σε ταινίες,Reagent strips
33124200-7,33124000-5,5,Συσκευές ακτινοδιαγνωστικής,Radiodiagnostic devices
33124210-0,33124200-7,6,Υλικά ακτινοδιαγνωστικής,Radiodiagnostic supplies
33125000-2,33120000-7,4,Εξοπλισμός ουρολογικών ερευνών,"Urology, exploration devices"
33126000-9,33120000-7,4,Συσκευές στοματολογίας,Stomatology devices
33127000-6,33120000-7,4,Συσκευές ανοσολογικών αναλύσεων,Immuno-analysis devices
33128000-3,33120000-7,4,Ιατρικά λέιζερ εκτός αυτών που προορίζονται για χρήση στη χειρουργική,Medical laser other than for surgery
33130000-0,33100000-1,3,Οδοντιατρικά και παραοδοντιατρικά όργανα και συσκευές,Dental and subspecialty instruments and devices
33131000-7,33130000-0,4,Οδοντιατρικά εργαλεία χειρός,Dental hand instrument
33131100-8,33131000-7,5,Οδοντιατρικά χειρουργικά εργαλεία,Dental surgical instrument
33131110-1,33131100-8,6,"Οδοντιατρικές τσιμπίδες, βούρτσες, διευρυντήρες και φρέζες λείανσης","Dental nippers, brushes, retractors and burnishers"
33131111-8,33131110-1,7,Οδοντιατρικές τσιμπίδες,Dental nippers
33131112-5,33131110-1,7,Βούρτσες οδοντιατρικών επεμβάσεων,Dental operative brushes
33131113-2,33131110-1,7,Οδοντιατρικοί διευρυντήρες,Dental retractors
33131114-9,33131110-1,7,Οδοντιατρικές φρέζες λείανσης,Dental burnishers
33131120-4,33131100-8,6,"Οδιαντρικές διατάξεις κρυοχειρουργικής, μέτρησης, ανελκτήρες και εκσκαφείς","Dental cryosurgical, gauges, elevators and excavators"
33131121-1,33131120-4,7,Οδοντιατρικές μονάδες κρυοχειρουργικής,Dental cryosurgical units
33131122-8,33131120-4,7,Οδοντιατρικοί μετρητές βάθους,Dental depth gauges
33131123-5,33131120-4,7,Οδοντιατρικοί ανελκτήρες,Dental elevators
33131124-2,33131120-4,7,Οδοντιατρικοί εκσκαφείς,Dental excavators
33131130-7,33131100-8,6,Οδοντιατρικά προστατευτικά δαχτύλων και λαβίδες,Dental fingers protectors and forceps
33131131-4,33131130-7,7,Οδοντιατρικά προστατευτικά δαχτύλων,Dental fingers protectors
33131132-1,33131130-7,7,Οδοντιατρικές λαβίδες,Dental forceps
33131140-0,33131100-8,6,Οδοντιατρικοί καθρέφτες και εγγλυφίδες,Dental mirrors and reamers
33131141-7,33131140-0,7,Οδοντιατρικοί καθρέφτες,Dental mirrors
33131142-4,33131140-0,7,Οδοντιατρικές εγγλυφίδες,Dental reamers
33131150-3,33131100-8,6,"Οδοντιατρικές ριζοβελόνες, ξέστρα οδοντικής πλάκας και ζυγοί","Dental root tip picks, scalers and scale"
33131151-0,33131150-3,7,Οδοντιατρικές ριζοβελόνες,Dental root tip picks
33131152-7,33131150-3,7,Οδοντιατρικά ξέστρα οδοντικής πλάκας,Dental scalers
33131153-4,33131150-3,7,Οδοντιατρικοί ζυγοί,Dental scale
33131160-6,33131100-8,6,Οδοντιατρικά ψαλίδια και λεπίδες,Dental scissors and knives
33131161-3,33131160-6,7,Οδοντιατρικά ψαλίδια,Dental scissors
33131162-0,33131160-6,7,Οδοντατρικές λεπίδες,Dental knives
33131170-9,33131100-8,6,"Οδοντιατρικές σπάτουλες, τανάλιες και μαχαίρια για κερί","Dental spatulas, tweezers and wax carvers"
33131171-6,33131170-9,7,Οδοντιατρικές σπάτουλες,Dental spatulas
33131172-3,33131170-9,7,Οδοντιατρικές τανάλιες,Dental tweezers
33131173-0,33131170-9,7,Οδοντιατρικά μαχαίρια για κερί,Dental wax carvers
33131200-9,33131000-7,5,Οδοντιατρική βελόνα ραφής,Dental suture needle
33131300-0,33131000-7,5,Οδοντιατρικά εργαλεία μιας χρήσης,Dental disposable instrument
33131400-1,33131000-7,5,Οδοντιατρικός καθετήρας,Dental probe
33131500-2,33131000-7,5,Οδοντιατρικό όργανο εξαγωγής,Dental extraction instrument
33131510-5,33131500-2,6,Διατρυτική συσκευή δοντιών,Dental drills
33131600-3,33131000-7,5,Όργανο σφραγίσματος δοντιών,Dental filling instrument
33132000-4,33130000-0,4,Οδοντιατρικό εμφύτευμα,Dental implant
33133000-1,33130000-0,4,Εξαρτήματα εντυπώματος δοντιών,Dental impression accessories
33134000-8,33130000-0,4,Εξαρτήματα ενδοδοντικής,Endodontics accessories
33135000-5,33130000-0,4,Συσκευές ορθοδοντικής,Orthodontic devices
33136000-2,33130000-0,4,Περιστροφικό και λειαντικό όργανο,Rotary and abrasive instrument
33137000-9,33130000-0,4,Εξαρτήματα οδοντικής προφύλαξης,Dental prophylaxis accessories
33138000-6,33130000-0,4,Προϊόντα προσθετικής και επένδυσης δοντιών,Prosthodontic and relining products
33138100-7,33138000-6,5,Οδοντοστοιχίες,Dentures
33140000-3,33100000-1,3,Ιατρικά αναλώσιμα,Medical consumables
33141000-0,33140000-3,4,Μη χημικά ιατρικά αναλώσιμα υλικά μιας χρήσεως και αιματολογικά αναλώσιμα υλικά,Disposable non-chemical medical consumables and haematological consumables
33141100-1,33141000-0,5,"Επίδεσμοι· αγκτήρες, ράμματα, υλικά απολίνωσης","Dressings; clip, suture, ligature supplies"
33141110-4,33141100-1,6,Επίδεσμοι,Dressings
33141111-1,33141110-4,7,Αυτοκόλλητοι επίδεσμοι,Adhesive dressings
33141112-8,33141110-4,7,Λευκοπλάστης με γάζα,Plasters
33141113-4,33141110-4,7,Ταινία επιδέσμου,Bandages
33141114-2,33141110-4,7,Ιατρική γάζα,Medical gauze
33141115-9,33141110-4,7,Ιατρικό βαμβάκι,Medical wadding
33141116-6,33141110-4,7,Επίδεσμοι ατομικά συσκευασμένοι,Dressing packs
33141117-3,33141110-4,7,Υδρόφιλο βαμβάκι,Cotton wool
33141118-0,33141110-4,7,Αποστειρωμένες κομπρέσσες,Wipes
33141119-7,33141110-4,7,Χειρουργικές γάζες,Compresses
33141120-7,33141100-1,6,"Αγκτήρες, ράμματα και υλικά ραμμάτων","Clip, suture, ligature supplies"
33141121-4,33141120-7,7,Χειρουργικά ράμματα τραύματος,Surgical sutures
33141122-1,33141120-7,7,Χειρουργικά τσιμπιδάκια,Surgical staples
33141123-8,33141120-7,7,Δοχείο απορριμμάτων οξέων αντικειμένων,Sharps containers
33141124-5,33141120-7,7,Υποθέματα αιχμηρών αντικειμένων,Sharps pads
33141125-2,33141120-7,7,Υλικά για χειρουργικά ράμματα τραυμάτων,Material for surgical sutures
33141126-9,33141120-7,7,Ράμματα,Ligatures
33141127-6,33141120-7,7,Απορροφούμενα αιμοστατικά,Absorbable haemostatics
33141128-3,33141120-7,7,Βελόνες για ραφές,Needles for sutures
33141200-2,33141000-0,5,Καθετήρες,Catheters
33141210-5,33141200-2,6,Καθετήρες με μπαλονάκι,Balloon catheters
33141220-8,33141200-2,6,Σωληνίσκοι,Cannulae
33141230-1,33141200-2,6,Διαστολέας,Dilator
33141240-4,33141200-2,6,Εξαρτήματα καθετήρων,Catheter accessories
33141300-3,33141000-0,5,Διατάξεις παρακέντησης της φλέβας και εξαρτήματα δειγματοληψίας αίματος,"Venepuncture, blood sampling devices"
33141310-6,33141300-3,6,Σύριγγες,Syringes
33141320-9,33141300-3,6,Ιατρικές βελόνες,Medical needles
33141321-6,33141320-9,7,Βελόνες αναισθησίας,Anesthesia needles
33141322-3,33141320-9,7,Αρτηριακές βελόνες,Arterial needles
33141323-0,33141320-9,7,Βελόνες βιοψίας,Biopsy needles
33141324-7,33141320-9,7,Βελόνες αιμοδιάλυσης,Dialysis needles
33141325-4,33141320-9,7,Βελόνες παροχέτευσης συριγγίου,Fistula needles
33141326-1,33141320-9,7,Βελόνες ακτινολογικών διαδικασιών,Radiology procedural needles
33141327-8,33141320-9,7,Σύριγγες με οπή εξαερισμού,Vented needles
33141328-5,33141320-9,7,Βελόνες επισκληριδίου αναισθησίας,Epidural needles
33141329-2,33141320-9,7,Βελόνες αμνιοπαρακέντησης,Amniocentesia needles
33141400-4,33141000-0,5,Κόφτες συρμάτων και νυστέρια· χειρουργικά γάντια,Wire-cutter and bistoury; surgical gloves
33141410-7,33141400-4,6,Κόφτες συρμάτων και νυστέρια,Wire-cutter and bistoury
33141411-4,33141410-7,7,Ξέστρα και λάμες,Scalpels and blades
33141420-0,33141400-4,6,Χειρουργικά γάντια,Surgical gloves
33141500-5,33141000-0,5,Αναλώσιμα αιματολογικά προϊόντα,Haematological consumables
33141510-8,33141500-5,6,Προϊόντα αίματος,Blood products
33141520-1,33141500-5,6,Εκχυλίσματα πλάσματος,Plasma extracts
33141530-4,33141500-5,6,Πηκτικοί παράγοντες αίματος,Blood coagulants
33141540-7,33141500-5,6,Αλβουμίνη,Albumin
33141550-0,33141500-5,6,Ηπαρίνη,Heparin
33141560-3,33141500-5,6,Ανθρώπινα όργανα,Human organs
33141570-6,33141500-5,6,Ανθρώπινο αίμα,Human blood
33141580-9,33141500-5,6,Ζωικό αίμα,Animal blood
33141600-6,33141000-0,5,"Συλλέκτες και σάκοι συλλογής, παροχέτευσης και εξοπλισμοί τους","Collector and collection bags, drainage and kits"
33141610-9,33141600-6,6,Σάκοι συλλογής υγρών,Collection bag
33141613-0,33141610-9,7,Σάκοι αίματος,Blood bags
33141614-7,33141610-9,7,Σάκοι πλάσματος,Plasma bags
33141615-4,33141610-9,7,Σάκοι για ούρα,Bags for urine
33141620-2,33141600-6,6,Ιατρικοί εξοπλισμοί,Medical kits
33141621-9,33141620-2,7,Εξοπλισμοί ακράτειας,Incontinence kit
33141622-6,33141620-2,7,Εξοπλισμοί πρόληψης του AIDS,AIDS-prevention kits
33141623-3,33141620-2,7,Κυτία πρώτων βοηθειών,First-aid boxes
33141624-0,33141620-2,7,Εξοπλισμοί χορήγησης φαρμάκων με ορρό,Administration sets
33141625-7,33141620-2,7,Εξοπλισμοί διάγνωσης,Diagnostic kits
33141626-4,33141620-2,7,Εξοπλισμοί χορήγησης των δόσεων του φαρμάκου,Dosage kits
33141630-5,33141600-6,6,Ηθμοί διήθησης του πλάσματος του αίματος,Blood plasma filters
33141640-8,33141600-6,6,Παροχέτευση,Drain
33141641-5,33141640-8,7,Καθετήρες παροχέτευσης,Probes
33141642-2,33141640-8,7,Εξαρτήματα παροχέτευσης,Drain accessories
33141700-7,33141000-0,5,Ορθοπεδικά υλικά,Orthopaedic supplies
33141710-0,33141700-7,6,Δεκανίκια,Crutches
33141720-3,33141700-7,6,Βοηθητικά βαδίσματος,Walking aids
33141730-6,33141700-7,6,Χειρουργικά περιλαίμια,Surgical collars
33141740-9,33141700-7,6,Ορθοπεδικά υποδήματα,Orthopaedic footwear
33141750-2,33141700-7,6,Τεχνητές αρθρώσεις,Artificial joints
33141760-5,33141700-7,6,Νάρθηκες,Splints
33141770-8,33141700-7,6,"Συσκευές καταγμάτων, καρφιά και πλάκες","Fracture appliances, pins and plates"
33141800-8,33141000-0,5,Αναλώσιμα οδοντιατρικά υλικά,Dental consumables
33141810-1,33141800-8,6,Υλικά σφραγίσματος δοντιών,Dental filling materials
33141820-4,33141800-8,6,Δόντια,Teeth
33141821-1,33141820-4,7,Τεχνητά δόντια πορσελάνης,Porcelain teeth
33141822-8,33141820-4,7,Ακρυλικά δόντια,Acrylic teeth
33141830-7,33141800-8,6,Βασικό τσιμεντοκονίαμα δοντιών,Cement base
33141840-0,33141800-8,6,Αιμοστατικό για οδοντιατρική χρήση,Dental haemostatic
33141850-3,33141800-8,6,Προϊόντα υγιεινής δοντιών,Dental hygiene products
33141900-9,33141000-0,5,Νυστέρια αιμοληψίας,Blood lancets
33150000-6,33100000-1,3,"Συσκευές ακτινοθεραπείας, μηχανοθεραπείας, ηλεκτροθεραπείας και κινησιοθεραπείας","Radiotherapy, mechanotherapy, electrotherapy and physical therapy devices"
33151000-3,33150000-6,4,Συσκευές και εξαρτήματα για ακτινοθεραπεία,Radiotherapy devices and supplies
33151100-4,33151000-3,5,Συσκευές για θεραπεία με ακτίνες γάμμα,Gamma therapy devices
33151200-5,33151000-3,5,Συσκευές για θεραπεία με ακτίνες Χ,X-ray therapy devices
33151300-6,33151000-3,5,Φασματογράφοι,Spectrographs
33151400-7,33151000-3,5,Υλικά ακτινοθεραπείας,Radiotherapy supplies
33152000-0,33150000-6,4,Κλίβανος,Incubators
33153000-7,33150000-6,4,Λιθοτρίπτης,Lithotripter
33154000-4,33150000-6,4,Συσκευές μηχανοθεραπείας,Mechanotherapy devices
33155000-1,33150000-6,4,Συσκευές κινησιοθεραπείας,Physical therapy devices
33156000-8,33150000-6,4,Συσκευές για ψυχολογικές δοκιμές,Psychology testing devices
33157000-5,33150000-6,4,Συσκευές οξυγονοθεραπείας και υποβοήθησης της αναπνοής,Gas-therapy and respiratory devices
33157100-6,33157000-5,5,Μάσκες ιατρικών αερίων,Medical gas masks
33157110-9,33157100-6,6,Προσωπίδα οξυγόνου,Oxygen mask
33157200-7,33157000-5,5,Αναπνευστικές συσκευές οξυγόνου,Oxygen kits
33157300-8,33157000-5,5,Σκηνή οξυγόνου,Oxygen tents
33157400-9,33157000-5,5,Ιατρικές αναπνευστικές συσκευές,Medical breathing devices
33157500-0,33157000-5,5,Θάλαμος συμπιέσεως,Hyperbaric chambers
33157700-2,33157000-5,5,Φιάλη εμφύσησης για την οξυγονοθεραπεία,Blow bottle
33157800-3,33157000-5,5,Μονάδα χορήγησης οξυγόνου,Oxygen administration unit
33157810-6,33157800-3,6,Μονάδα οξυγονοθεραπείας,Oxygen therapy unit
33158000-2,33150000-6,4,"Ηλεκτρικές, ηλεκτρομαγνητικές και μηχανικές θεραπείες","Electrical, electromagnetic and mechanical treatment"
33158100-3,33158000-2,5,Ηλεκτρομαγνητική μονάδα,Electromagnetic unit
33158200-4,33158000-2,5,Συσκευές ηλεκτροθεραπείας,Electrotherapy devices
33158210-7,33158200-4,6,Συσκευές τόνωσης,Stimulator
33158300-5,33158000-2,5,Υπεριώδης εξοπλισμός ιατρικής χρήσεως,Ultraviolet medical devices
33158400-6,33158000-2,5,Μονάδα μηχανικής θεραπείας,Mechanical therapy unit
33158500-7,33158000-2,5,Υπερέρυθρος εξοπλισμός ιατρικής χρήσεως,Infrared medical devices
33159000-9,33150000-6,4,Σύστημα κλινικής χημείας,Clinical chemistry system
33160000-9,33100000-1,3,Εγχειριτική τεχνική,Operating techniques
33161000-6,33160000-9,4,Ηλεκτροχειρουργική μονάδα,Electrosurgical unit
33162000-3,33160000-9,4,Συσκευές και όργανα χειρουργείου,Operating theatre devices and instruments
33162100-4,33162000-3,5,Εξοπλισμός χειρουργείου,Operating-theatre devices
33162200-5,33162000-3,5,Εργαλεία χειρουργείου,Operating-theatre instruments
33163000-0,33160000-9,4,Σκηνή ιατρικής χρήσεως,Tent for medical use
33164000-7,33160000-9,4,Κοιλιοσκοπική διάταξη,Coelioscopy devices
33164100-8,33164000-7,5,Κολποσκόπιο,Colposcope
33165000-4,33160000-9,4,Διατάξεις κρυοχειρουργικής και κρυοθεραπείας,Cryosurgical and cryotherapy devices
33166000-1,33160000-9,4,Δερματολογικές διατάξεις,Dermatological devices
33167000-8,33160000-9,4,Φωτισμός χειρουργείου,Surgical lights
33168000-5,33160000-9,4,Διατάξεις ενδοσκοπίας και ενδοχειρουργικής,"Endoscopy, endosurgery devices"
33168100-6,33168000-5,5,Ενδοσκόπια,Endoscopes
33169000-2,33160000-9,4,Χειρουργικά όργανα,Surgical instruments
33169100-3,33169000-2,5,Χειρουργικό λέιζερ,Surgical laser
33169200-4,33169000-2,5,Χειρουργικά καλάθια,Surgical baskets
33169300-5,33169000-2,5,Χειρουργικοί δίσκοι,Surgical trays
33169400-6,33169000-2,5,Χειρουργικά δοχεία,Surgical containers
33169500-7,33169000-2,5,Χειρουργικά συστήματα ανίχνευσης και ιχνηλάτησης,Surgical tracking and tracing systems
33170000-2,33100000-1,3,Αναισθησία και ανάνηψη,Anaesthesia and resuscitation
33171000-9,33170000-2,4,Διατάξεις αναισθησίας και ανάνηψης,Instruments for anaesthesia and resuscitation
33171100-0,33171000-9,5,Όργανα αναισθησίας,Instruments for anaesthesia
33171110-3,33171100-0,6,Προσωπίδα αναισθησίας,Anaesthesia mask
33171200-1,33171000-9,5,Διατάξεις ανάνηψης,Instruments for resuscitation
33171210-4,33171200-1,6,Προσωπίδα ανάνηψης,Resuscitation mask
33171300-2,33171000-9,5,Σετ ή συσκευασίες επισκληριδίου αναισθησίας,Epidural kits or packs
33172000-6,33170000-2,4,Συσκευές αναισθησίας και ανάνηψης,Anaesthesia and resuscitation devices
33172100-7,33172000-6,5,Συσκευές αναισθησίας,Anaesthesia devices
33172200-8,33172000-6,5,Συσκευές ανάνηψης,Resuscitation devices
33180000-5,33100000-1,3,Λειτουργικιή υποστήριξη,Functional support
33181000-2,33180000-5,4,Διατάξεις νεφρικής υποστήριξης,Renal support devices
33181100-3,33181000-2,5,Αιμοδιάλυση,Haemodialysis devices
33181200-4,33181000-2,5,Ηθμός διάλυσης,Dialysis filters
33181300-5,33181000-2,5,Συσκευές ατομικής παρακολούθησης της αιμοδιάλυσης,Haemodialysis individual monitor
33181400-6,33181000-2,5,Συσκευή αιμοδιάλυσης για πολλούς ασθενείς,Haemodialysis multiposition
33181500-7,33181000-2,5,Αναλώσιμα υλικά θεραπείας νεφρών,Renal consumables
33181510-0,33181500-7,6,Νεφρικό υγρό,Renal fluid
33181520-3,33181500-7,6,Αναλώσιμα υλικά διάλυσης νεφρών,Renal dialysis consumables
33182000-9,33180000-5,4,Διατάξεις καρδιακής υποστήριξης,Cardiac support devices
33182100-0,33182000-9,5,Απινιδωτής,Defibrillator
33182200-1,33182000-9,5,Διατάξεις καρδιακής τόνωσης,Cardiac stimulation devices
33182210-4,33182200-1,6,Βηματοδότες,Pacemaker
33182220-7,33182200-1,6,Καρδιακές βαλβίδες,Cardiac valve
33182230-0,33182200-1,6,Καρδιακή κοιλία,Ventricle
33182240-3,33182200-1,6,Μέρη και εξαρτήματα για βηματοδότες,Parts and accessories for pacemakers
33182241-0,33182240-3,7,Στήλες για βηματοδότες,Batteries for pacemakers
33182300-2,33182000-9,5,Διατάξεις καρδιοχειρουργικής,Cardiac surgery devices
33182400-3,33182000-9,5,Σύστημα καρδιακής ακτινογραφίας,Cardiac X-ray system
33183000-6,33180000-5,4,Συσκευές ορθοπεδικής υποβοήθησης,Orthopaedic support devices
33183100-7,33183000-6,5,Ορθοπεδικά μοσχεύματα,Orthopaedic implants
33183200-8,33183000-6,5,Τεχνητά μέλη ορθοπεδικής,Orthopaedic prostheses
33183300-9,33183000-6,5,Συσκευές οστεοσύνθεσης,Osteosynthesis devices
33184000-3,33180000-5,4,Τεχνητά μέλη του σώματος,Artificial parts of the body
33184100-4,33184000-3,5,Χειρουργικά μοσχεύματα,Surgical implants
33184200-5,33184000-3,5,Αγγειακές προθέσεις,Vascular prostheses
33184300-6,33184000-3,5,Τεχνητά μέρη της καρδιάς,Artificial parts of the heart
33184400-7,33184000-3,5,Προθέσεις στήθους,Breast prostheses
33184410-0,33184400-7,6,Εσωτερικές προθέσεις μαστού,Internal breast prostheses
33184420-3,33184400-7,6,Εξωτερικές προθέσεις μαστού,External breast prostheses
33184500-8,33184000-3,5,Στεφανιαίες ενδοπροθέσεις,Coronary endoprostheses
33184600-9,33184000-3,5,Τεχνητό μάτι,False eyes
33185000-0,33180000-5,4,Ακουστικές προθέσεις,Hearing aids
33185100-1,33185000-0,5,Μέρη και εξαρτήματα βοηθημάτων ακοής,Parts and accessories for hearing aids
33185200-2,33185000-0,5,Κοχλιακά μοσχεύματα,Cochlear implant
33185300-3,33185000-0,5,Ωτολαρυγγολογικά μοσχεύματα,Otolaryngology implant
33185400-4,33185000-0,5,Τεχνητός λάρυγγας,Larynx artificial
33186000-7,33180000-5,4,Μονάδα εξωσωματικής κυκλοφορίας,Extracorporeal circulatory unit
33186100-8,33186000-7,5,Οξυγονωτής,Oxygenator
33186200-9,33186000-7,5,Συσκευές θέρμανσης αίματος και υγρών,Blood and fluid warming
33190000-8,33100000-1,3,Διάφορες ιατρικές συσκευές και προϊόντα,Miscellaneous medical devices and products
33191000-5,33190000-8,4,"Συσκευές αποστείρωσης, απολύμανσης και υγιεινής δοντιών","Sterilisation, disinfection and hygiene devices"
33191100-6,33191000-5,5,Αποστειρωτές,Steriliser
33191110-9,33191100-6,6,Αυτόκλειστα,Autoclaves
33192000-2,33190000-8,4,Ιατρικές προμήθειες,Medical furniture
33192100-3,33192000-2,5,Ιατρικές κλίνες,Beds for medical use
33192110-6,33192100-3,6,Ορθοπεδικές κλίνες,Orthopaedic beds
33192120-9,33192100-3,6,Νοσοκομειακές κλίνες,Hospital beds
33192130-2,33192100-3,6,Ηλεκτρικώς κινούμενα κρεβάτια νοσοκομείων,Motorised beds
33192140-5,33192100-3,6,Ανάκλιντρο ψυχιατρικών εξετάσεων,Psychiatric couches
33192150-8,33192100-3,6,Κρεβάτια νοσοκομείων για θεραπευτική αγωγή,Therapy beds
33192160-1,33192100-3,6,Φορεία,Stretchers
33192200-4,33192000-2,5,Ιατρικές τράπεζες,Medical tables
33192210-7,33192200-4,6,Τράπεζες ιατρικών εξετάσεων,Examination tables
33192230-3,33192200-4,6,Τράπεζες χειρουργείου,Operating tables
33192300-5,33192000-2,5,"Ιατρική επίπλωση, εκτός από κλίνες και τράπεζες",Medical furniture except beds and tables
33192310-8,33192300-5,6,Διατάξεις έλξης ή αιώρησης ιατρικών κλινών,Traction or suspension devices for medical beds
33192320-1,33192300-5,6,Υποδοχή φιάλης ούρων,Urine-bottle holders
33192330-4,33192300-5,6,Εξοπλισμός μετάγγισης,Transfusion pods
33192340-7,33192300-5,6,Εξοπλισμός αίθουσας χειρουργείου εκτός από τράπεζες,Operating theatre furniture except tables
33192350-0,33192300-5,6,Κλίβανοι ιατρικών καλλιεργειών,Medical cultivation cabinet
33192400-6,33192000-2,5,Ιατρεία οδοντιάτρων,Dental workstations
33192410-9,33192400-6,6,Πολυθρόνα οδοντιάτρων,Dental chairs
33192500-7,33192000-2,5,Δοκιμαστικοί σωλήνες,Test tubes
33192600-8,33192000-2,5,Ανυψωτικός εξοπλισμός για τον τομέα της υγείας,Lifting equipment for health care sector
33193000-9,33190000-8,4,"Αναπηρικά καρότσια, πολυθρόνες με τροχούς και συναφή είδη","Invalid carriages, wheelchairs and associated devices"
33193100-0,33193000-9,5,Αναπηρικά καρότσια και πολυθρόνες με τροχούς,Invalid carriages and wheelchairs
33193110-3,33193100-0,6,Αναπηρικά καρότσια,Invalid carriages
33193120-6,33193100-0,6,Πολυθρόνες με τροχούς,Wheelchairs
33193121-3,33193120-6,7,Πολυθρόνες με ηλεκτρική κίνηση των τροχών,Motorised wheelchairs
33193200-1,33193000-9,5,Μέρη και εξαρτήματα για αναπηρικά καρότσια και πολυθρόνες με τροχούς,Parts and accessories for invalid carriages and wheelchairs
33193210-4,33193200-1,6,Μέρη και εξαρτήματα για αναπηρικά καρότσια,Parts and accessories for invalid carriages
33193211-1,33193210-4,7,Κινητήρες για αναπηρικά καρότσια,Motors for invalid carriages
33193212-8,33193210-4,7,Σύστημα διακυβέρνησης για αναπηρικά καρότσια,Steering devices for invalid carriages
33193213-5,33193210-4,7,Σύστημα ελέγχου για αναπηρικά καρότσια,Control devices for invalid carriages
33193214-2,33193210-4,7,Μεταλλικός σκελετός για αναπηρικά καρότσια,Chassis for invalid carriages
33193220-7,33193200-1,6,Μέρη και εξαρτήματα για πολυθρόνες με τροχούς,Parts and accessories for wheelchairs
33193221-4,33193220-7,7,Μαξιλάρια για πολυθρόνες με τροχούς,Wheelchair cushions
33193222-1,33193220-7,7,Μεταλλικά πλαίσια για πολυθρόνες με τροχούς,Wheelchair frames
33193223-8,33193220-7,7,Καθίσματα για πολυθρόνες με τροχούς,Wheelchair seats
33193224-5,33193220-7,7,Τροχοί για πολυθρόνες με τροχούς,Wheelchair wheels
33193225-2,33193220-7,7,Επίσωτρα αναπηρικών καρεκλών,Wheelchair tyres
33194000-6,33190000-8,4,Συσκευές και όργανα μετάγγισης και έγχυσης,Devices and instruments for transfusion and infusion
33194100-7,33194000-6,5,Συσκευές και όργανα έγχυσης,Devices and instruments for infusion
33194110-0,33194100-7,6,Αντλίες ενδοφλέβιας έγχυσης,Infusion pumps
33194120-3,33194100-7,6,Αναλώσιμα έγχυσης,Infusion supplies
33194200-8,33194000-6,5,Συσκευές και όργανα μετάγγισης,Devices and instruments for transfusion
33194210-1,33194200-8,6,Διατάξεις μετάγγισης αίματος,Blood-transfusion devices
33194220-4,33194200-8,6,Προμήθειες μετάγγισης αίματος,Blood-transfusion supplies
33195000-3,33190000-8,4,Σύστημα παρακολούθησης των ασθενών,Patient-monitoring system
33195100-4,33195000-3,5,Συστήματα παρακολούθησης,Monitors
33195110-7,33195100-4,6,Σύστημα παρακολούθησης της αναπνοής,Respiratory monitors
33195200-5,33195000-3,5,Κεντρικός σταθμός παρακολούθησης,Central monitoring station
33196000-0,33190000-8,4,Ιατρικά βοηθήματα,Medical aids
33196100-1,33196000-0,5,Εξοπλισμός για ηλικιωμένα άτομα,Devices for the elderly
33196200-2,33196000-0,5,Εξοπλισμός για άτομα με ειδικές ανάγκες,Devices for the disabled
33197000-7,33190000-8,4,Εξοπλισμός ηλεκτρονικών υπολογιστών ιατρικής χρήσης,Medical computer equipment
33198000-4,33190000-8,4,Νοσοκομειακά είδη από χαρτί,Hospital paper articles
33198100-5,33198000-4,5,Κομπρέσες από χαρτί,Paper compresses
33198200-6,33198000-4,5,Χάρτινες σακούλες ή περιτυλίγματα αποστείρωσης,Paper sterilisation pouches or wraps
33199000-1,33190000-8,4,Ιατρικός ρουχισμός,Medical clothing
33600000-6,33000000-0,2,Φαρμακευτικά προϊόντα,Pharmaceutical products
33610000-9,33600000-6,3,Φάρμακα για το πεπτικό σύστημα και το μεταβολισμό,Medicinal products for the alimentary tract and metabolism
33611000-6,33610000-9,4,Φάρμακα για διαταραχές της γαστρικής έκκρισης,Medicinal products for acid related disorders
33612000-3,33610000-9,4,Φάρμακα για λειτουργικές γαστρεντερικές διαταραχές,Medicinal products for functional gastrointestinal disorders
33613000-0,33610000-9,4,Καθαρκτικά,Laxatives
33614000-7,33610000-9,4,"Αντιδιαρροϊκά, φάρμακα κατά των φλεγμονωδών νόσων/λοιμώξεων του εντέρου","Antidiarrhoeals, intestinal anti-inflammatory/anti-infective agents"
33615000-4,33610000-9,4,Φάρμακα θεραπείας του διαβήτη,Medicinal products used in diabetes
33615100-5,33615000-4,5,Ινσουλίνη,Insulin
33616000-1,33610000-9,4,Βιταμίνες,Vitamins
33616100-2,33616000-1,5,Προβιταμίνες,Provitamins
33617000-8,33610000-9,4,Συμπληρώματα ιχνοστοιχείων,Mineral supplements
33620000-2,33600000-6,3,"Φάρμακα για το αίμα, τα αιμοποιητικά όργανα και το καρδιαγγειακό σύστημα","Medicinal products for the blood, blood-forming organs and the cardiovascular system"
33621000-9,33620000-2,4,"Φάρμακα για το αίμα, τα αιμοποιητικά όργανα",Medicinal products for the blood and blood-forming organs
33621100-0,33621000-9,5,Αντιθρομβωτικά,Antithrombotic agents
33621200-1,33621000-9,5,Αντιαιμορραγικά,Antihaemorrhagics
33621300-2,33621000-9,5,Φάρμακα αναιμιών,Antianaemic preparations
33621400-3,33621000-9,5,Υποκατάστατα πλάσματος και παρεντερικά διαλύματα,Blood substitutes and perfusion solutions
33622000-6,33620000-2,4,Φάρμακα για το καρδιαγγειακό σύστημα,Medicinal products for the cardiovascular system
33622100-7,33622000-6,5,Φάρμακα θεραπείας των καρδιακών παθήσεων,Cardiac therapy medicinal products
33622200-8,33622000-6,5,Αντιυπερτασικά,Antihypertensives
33622300-9,33622000-6,5,Διουρητικά,Diuretics
33622400-0,33622000-6,5,Αγγειοπροστατευτικά,Vasoprotectives
33622500-1,33622000-6,5,Αντιαιμορροϊδικά τοπικής χρήσης,Antihaemorrhoidals for topical use
33622600-2,33622000-6,5,Β-αδρενεργικοί αποκλειστές,Beta-blocking agents
33622700-3,33622000-6,5,Ανταγωνιστές του ασβεστίου,Calcium channel blockers
33622800-4,33622000-6,5,Φάρμακα που επηρεάζουν το σύστημα ρενίνης-αγγειοτασίνης,Agents acting on the renin-angiotensin system
33630000-5,33600000-6,3,Φάρμακα παθήσεων δέρματος και μυοσκελετικών παθήσεων,Medicinal products for dermatology and the musculo-skeletal system
33631000-2,33630000-5,4,Φάρμακα παθήσεων δέρματος,Medicinal products for dermatology
33631100-3,33631000-2,5,Αντιμυκητιασικά τοπικής χρήσης,Antifungals for dermatological use
33631110-6,33631100-3,6,Σαλικυλικά οξέα,Salicylic acids
33631200-4,33631000-2,5,Μαλακτικά και προστατευτικά,Emollients and protectives
33631300-5,33631000-2,5,Φάρμακα κατά της ψωρίασης,Antipsoriatics
33631400-6,33631000-2,5,Αντιβιοτικά και χημειοθεραπευτικά τοπικής χρήσης,Antibiotics and chemotherapeutics for dermatological use
33631500-7,33631000-2,5,Κορτικοστεροειδή τοπικής χρήσης και σκευάσματα τοπικής χρήσης,Corticosteroids for dermatological use and dermatological preparations
33631600-8,33631000-2,5,Αντισηπτικά και απολυμαντικά,Antiseptics and disinfectants
33631700-9,33631000-2,5,Φάρμακα κατά της ακμής,Anti-acne preparations
33632000-9,33630000-5,4,Φάρμακα μυοσκελετικών παθήσεων,Medicinal products for the musculo-skeletal system
33632100-0,33632000-9,5,Αντιφλεγμονώδη και φάρμακα ρευματικών νόσων,Anti-inflammatory and anti-rheumatic products
33632200-1,33632000-9,5,Μυοχαλαρωτικά,Muscle relaxants
33632300-2,33632000-9,5,Φάρμακα κατά της ουρικής αρθρίτιδας,Antigout preparations
33640000-8,33600000-6,3,Φάρμακα για το γεννητικό και ουροποιητικό σύστημα και ορμόνες,Medicinal products for the genitourinary system and hormones
33641000-5,33640000-8,4,Φάρμακα για το γεννητικό και ουροποιητικό σύστημα και γεννητικές ορμόνες,Medicinal products for the genitourinary system and sex hormones
33641100-6,33641000-5,5,Φάρμακα κατά των λοιμώξεων και αντισηπτικά το γεννητικού συστήματος,Gynaecological anti-infectives and antiseptics
33641200-7,33641000-5,5,Άλλα φάρμακα χρησιμοποιούμενα στη γυναικολογία,Other gynaecologicals
33641300-8,33641000-5,5,Γεννητικές ορμόνες και ρυθμιστές του γεννητικού συστήματος,Sex hormones and modulators of the genital system
33641400-9,33641000-5,5,Αντισυλληπτικά,Contraceptives
33641410-2,33641400-9,6,Αντισυλληπτικά χάπια,Oral contraceptives
33641420-5,33641400-9,6,Χημικές αντισυλληπτικές ουσίες,Chemical contraceptives
33642000-2,33640000-8,4,"Φάρμακα συστηματικών ορμονών, εξαιρουμένων των γεννητικών ορμονών","Systemic hormonal preparations, excl. sex hormones"
33642100-3,33642000-2,5,"Φάρμακα υποφύσεως, υποθαλάμου και συναφείς ουσίες","Pituitary, hypothalamic hormones and analogues"
33642200-4,33642000-2,5,Κορτικοστεροειδή συστηματικής χρήσης,Corticosteroids for systemic use
33642300-5,33642000-2,5,Φάρμακα παθήσεων του θυροειδούς,Thyroid therapy medicinal products
33650000-1,33600000-6,3,"Φάρμακα κατά των λοιμώξεων συστηματικής χρήσης, εμβόλια, αντινεοπλασματικά και ανοσορρυθμιστικά φάρμακα","General anti-infectives for systemic use, vaccines, antineoplastic and immunodulating agents"
33651000-8,33650000-1,4,Φάρμακα κατά των λοιξώξεων συστηματικής χρήσης,General anti-infectives for systemic use and vaccines
33651100-9,33651000-8,5,Αντιμικροβιακά συστηματικής χρήσης,Antibacterials for systemic use
33651200-0,33651000-8,5,Αντιμυκητιασικά συστηματικής χρήσης,Antimycotics for systemic use
33651300-1,33651000-8,5,Φάρμακα κατά των μυκοβακτηρίων,Antimycobacterials
33651400-2,33651000-8,5,Ιοστατικά συστηματικής χρήσης,Antivirals for systemic use
33651500-3,33651000-8,5,Οροί κατά των δηλητηριάσεων και ανοσοσφαιρίνες,Immune sera and immunoglobulins
33651510-6,33651500-3,6,Αντιοροί,Antisera
33651520-9,33651500-3,6,Ανοσοσφαιρίνες,Immunoglobulins
33651600-4,33651000-8,5,Εμβόλια,Vaccines
33651610-7,33651600-4,6,Εμβόλια διφθερίτιδας-τετάνου-κοκκύτη,Diphtheria-pertussis-tetanus vaccines
33651620-0,33651600-4,6,Εμβόλια διφθερίτιδας-τετάνου,Diphtheria-tetanus vaccines
33651630-3,33651600-4,6,Εμβόλια BCG (σε σκόνη),BCG vaccines (dried)
33651640-6,33651600-4,6,Εμβόλια ιλαράς-παρωτίτιδας-ερυθράς,Measles-mumps-rubella vaccines
33651650-9,33651600-4,6,Εμβόλια τύφου,Typhus vaccines
33651660-2,33651600-4,6,Αντιγριππικά εμβόλια,Influenza vaccines
33651670-5,33651600-4,6,Εμβόλια πολυομελίτιδας,Polio vaccines
33651680-8,33651600-4,6,Εμβόλια ηπατίτιδας Β,Hepatitis B vaccines
33651690-1,33651600-4,6,Εμβόλια κτηνιατρικής,Vaccines for veterinary medicine
33652000-5,33650000-1,4,Αντινεοπλασματικά και ανοσορρυθμιστικά φάρμακα,Antineoplastic and immunomodulating agents
33652100-6,33652000-5,5,Αντινεοπλασματικά φάρμακα,Antineoplastic agents
33652200-7,33652000-5,5,Φάρμακα παθήσεων των ενδοκρινών αδένων,Endocrine therapy medicinal products
33652300-8,33652000-5,5,Ανοσοκατασταλτικά φάρμακα,Immunosuppressive agents
33660000-4,33600000-6,3,Φάρμακα παθήσεων του νευρικού συστήματος και των αισθητηρίων οργάνων,Medicinal products for the nervous system and sensory organs
33661000-1,33660000-4,4,Φάρμακα παθήσεων του νευρικού συστήματος,Medicinal products for the nervous system
33661100-2,33661000-1,5,Αναισθητικά,Anaesthetics
33661200-3,33661000-1,5,Αναλγητικά,Analgesics
33661300-4,33661000-1,5,Αντιεπιληπτικά,Antiepileptics
33661400-5,33661000-1,5,Αντιπαρκινσονικά,Anti-Parkinson medicinal products
33661500-6,33661000-1,5,Ψυχοληπτικά,Psycholeptics
33661600-7,33661000-1,5,Ψυχοαναληπτικά,Psychoanaleptics
33661700-8,33661000-1,5,Άλλα φάρμακα παθήσεων του νευρικού συστήματος,Other nervous system medicinal products
33662000-8,33660000-4,4,Φάρμακα παθήσεων αισθητηρίων οργάνων,Medicinal products for sensory organs
33662100-9,33662000-8,5,Φάρμακα οφθαλμικών παθήσεων,Ophthalmologicals
33670000-7,33600000-6,3,Φάρμακα παθήσεων αναπνευστικού συστήματος,Medicinal products for the respiratory system
33673000-8,33670000-7,4,Φάρμακα αποφρακτικών παθήσεων των αναπνευστικών οδών,Medicinal products for obstructive airway diseases
33674000-5,33670000-7,4,Αντιβηχικά και φάρμακα κατά του κρυολογήματος,Cough and cold preparations
33675000-2,33670000-7,4,Αντιισταμινικά συστηματικής χρήσης,Antihistamines for systemic use
33680000-0,33600000-6,3,Φαρμακευτικά είδη,Pharmaceutical articles
33681000-7,33680000-0,4,"Θηλές θηλάστρων, προστατευτικά καλύμματα θηλών και άλλα είδη για βρέφη","Teats, nipple shields and similar articles for babies"
33682000-4,33680000-0,4,Πλακίδια από ελαστικό,Rubber tiles
33683000-1,33680000-0,4,Προστατευτικές επενδύσεις από ελαστικό,Rubber cushioning
33690000-3,33600000-6,3,Διάφορα φάρμακα,Various medicinal products
33691000-0,33690000-3,4,"Αντιπαρασιτικά, εντομοκτόνα και εντομοαπωθητικά","Antiparasitic products, insecticides and repellents"
33691100-1,33691000-0,5,Αντιπρωτοζωικά,Antiprotozoals
33691200-2,33691000-0,5,Ανθελμινθικά,Anthelmintics
33691300-3,33691000-0,5,"Παρασιτοκτόνα τοπικής χρήσης, συμπεριλαμβανομένων των φαρμάκων κατά της ψώρας και των φθειριάσεων, των εντομοκτόνων και των εντομοαποθητικών","Ectoparasiticides, incl. scabicides, insecticides and repellents"
33692000-7,33690000-3,4,Ιατρικά διαλύματα,Medical solutions
33692100-8,33692000-7,5,Διαλύματα έγχυσης,Infusion solutions
33692200-9,33692000-7,5,Προϊόντα παρεντερικής διατροφής,Parenteral nutrition products
33692210-2,33692200-9,6,Διαλύματα παρεντερικής διατροφής,Parenteral feeding solutions
33692300-0,33692000-7,5,Εντερικές τροφές,Enteral feeds
33692400-1,33692000-7,5,Διαλύματα εγχύσεων,Perfusion solutions
33692500-2,33692000-7,5,Ενέσιμα διαλύματα,Injectable solutions
33692510-5,33692500-2,6,Υγρά ενδοφλέβιας έγχυσης,Intravenous fluids
33692600-3,33692000-7,5,Γαληνικά διαλύματα,Galenical solutions
33692700-4,33692000-7,5,Διαλύματα γλυκόζης,Glucose solutions
33692800-5,33692000-7,5,Διαλύματα αιμοδιύλισης,Dialysis solutions
33693000-4,33690000-3,4,Άλλα θεραπευτικά προϊόντα,Other therapeutic products
33693100-5,33693000-4,5,Τοξίνες,Toxins
33693200-6,33693000-4,5,Υποκατάστατα νικοτίνης,Nicotine substitutes
33693300-7,33693000-4,5,Θεραπεία εθισμών,Addiction treatment
33694000-1,33690000-3,4,Διαγνωστικές ουσίες,Diagnostic agents
33695000-8,33690000-3,4,Άλλα μη θεραπευτικά προϊόντα,All other non-therapeutic products
33696000-5,33690000-3,4,Αντιδραστήρια και σκιαγραφικές ουσίες,Reagents and contrast media
33696100-6,33696000-5,5,Αντιδραστήρια για την εξακρίβωση της ομάδας αίματος,Blood-grouping reagents
33696200-7,33696000-5,5,Αντιδραστήρια αιματολογικών τεστ,Blood-testing reagents
33696300-8,33696000-5,5,Χημικά αντιδραστήρια,Chemical reagents
33696400-9,33696000-5,5,Ισοτοπικά αντιδραστήρια,Isotopic reagents
33696500-0,33696000-5,5,Αντιδραστήρια εργαστηρίων,Laboratory reagents
33696600-1,33696000-5,5,Αντιδραστήρια ηλεκτροφόρησης,Reagents for electrophoresis
33696700-2,33696000-5,5,Αντιδραστήρια ουρολογίας,Urological reagents
33696800-3,33696000-5,5,Μέσα αντίθεσης ακτινολογίας,X-ray contrast media
33697000-2,33690000-3,4,Ιατρικά παρασκευάσματα εκτός από αναλώσιμα οδοντιατρικά υλικά,Medical preparations excluding dental consumables
33697100-3,33697000-2,5,Παρασκευάσματα υποκλυσμού,Enema preparations
33697110-6,33697100-3,6,Τσιμεντοκονιάματα ανακατασκευής οστών,Bone reconstruction cements
33698000-9,33690000-3,4,Κλινικά προϊόντα,Clinical products
33698100-0,33698000-9,5,Καλλιέργειες μικροβιολογίας,Microbiological cultures
33698200-1,33698000-9,5,Αδένες και εκχυλίσματά τους,Glands and their extracts
33698300-2,33698000-9,5,Πεπτικές ουσίες,Peptic substances
33700000-7,33000000-0,2,Προϊόντα ατομικής περιποίησης,Personal care products
33710000-0,33700000-7,3,"Αρώματα, παρασκευάσματα ατομικής περιποίησης και προφυλακτικά","Perfumes, toiletries and condoms"
33711000-7,33710000-0,4,Αρώματα και παρασκευάσματα ατομικής περιποίησης,Perfumes and toiletries
33711100-8,33711000-7,5,Κολόνιες,Toilet waters
33711110-1,33711100-8,6,Αποσμητικά,Deodorants
33711120-4,33711100-8,6,Αποσμητικά κατά της εφίδρωσης,Antiperspirants
33711130-7,33711100-8,6,Κολώνιες,Colognes
33711140-0,33711100-8,6,Αρωματικά,Fragrances
33711150-3,33711100-8,6,Ροδόνερο,Rose water
33711200-9,33711000-7,5,Παρασκευάσματα για μακιγιάζ,Make-up preparations
33711300-0,33711000-7,5,Παρασκευάσματα για την περιποίηση των νυχιών χεριών και ποδιών,Manicure or pedicure preparations
33711400-1,33711000-7,5,Προϊόντα καλλωπισμού,Beauty products
33711410-4,33711400-1,6,Ωτογλυφίδες (μπατονέτες),Cotton buds
33711420-7,33711400-1,6,Σετ μακιγιάζ,Makeup kits
33711430-0,33711400-1,6,Ατομικά μαντιλάκια μίας χρήσης,Disposable personal wipes
33711440-3,33711400-1,6,Μαλακτικά προϊόντα για τα χείλη,Lip balm
33711450-6,33711400-1,6,Τατουάζ,Tattoos
33711500-2,33711000-7,5,Παρασκευάσματα για τη φροντίδα του δέρματος,Skin-care products
33711510-5,33711500-2,6,Προϊόντα αντιηλιακής προστασίας,Sun protection products
33711520-8,33711500-2,6,Αφρόλουτρα σε μορφή ζελέ για το μπάνιο,Bath gels
33711530-1,33711500-2,6,Σκουφάκια για το ντους,Shower caps
33711540-4,33711500-2,6,Παραφαρμακευτικές κρέμες ή λοσιόν,Para-pharmaceutical creams or lotions
33711600-3,33711000-7,5,Παρασκευάσματα και είδη για τα μαλλιά,Hair preparations and articles
33711610-6,33711600-3,6,Σαμπουάν,Shampoos
33711620-9,33711600-3,6,Χτένες,Combs
33711630-2,33711600-3,6,Περούκες,Wigs
33711640-5,33711600-3,6,Σετ καλλυντικών,Vanity kits
33711700-4,33711000-7,5,Είδη και παρασκευάσματα για την υγιεινή του στόματος ή των δοντιών,Articles and preparations for oral or dental hygiene
33711710-7,33711700-4,6,Οδοντόβουρτσες,Toothbrushes
33711720-0,33711700-4,6,Οδοντόπαστα,Toothpaste
33711730-3,33711700-4,6,Οδοντογλυφίδες,Toothpicks
33711740-6,33711700-4,6,Στοματικά διαλύματα,Mouthwash
33711750-9,33711700-4,6,Αποσμητικά στόματος,Mouth fresheners
33711760-2,33711700-4,6,Οδοντικό νήμα,Dental floss
33711770-5,33711700-4,6,"Πιπίλες, τεχνητές θηλές και θηλές μπιμπερό για βρέφη","Infant soother, pacifier and dummy"
33711780-8,33711700-4,6,Δισκία καθαρισμού τεχνητών οδοντοστοιχιών,Denture cleaning tablets
33711790-1,33711700-4,6,Οδοντιατρικά σετ,Dental kits
33711800-5,33711000-7,5,Παρασκευάσματα ξυρίσματος,Shaving preparations
33711810-8,33711800-5,6,Κρέμες ξυρίσματος,Shaving creams
33711900-6,33711000-7,5,Σαπούνι,Soap
33712000-4,33710000-0,4,Προφυλακτικά,Condoms
33713000-1,33710000-0,4,Προϊόντα για την περιποίηση των ποδιών,Foot care products
33720000-3,33700000-7,3,Ξυράφια και σύνολα για την περιποίηση των χεριών ή των ποδιών,Razors and manicure or pedicure sets
33721000-0,33720000-3,4,Ξυράφια,Razors
33721100-1,33721000-0,5,Λεπίδες ξυραφιών,Razor blades
33721200-2,33721000-0,5,Ηλεκτρικές ξυριστικές μηχανές,Shavers
33722000-7,33720000-3,4,Σύνολα για την περιποίηση των χεριών ή των ποδιών,Manicure or pedicure sets
33722100-8,33722000-7,5,Σύνολα για την περιποίηση των χεριών,Manicure sets
33722110-1,33722100-8,6,Εργαλεία για την περιποίηση των χεριών,Manicure implements
33722200-9,33722000-7,5,Σύνολα για την περιποίηση των ποδιών,Pedicure sets
33722210-2,33722200-9,6,Εργαλεία για την περιποίηση των ποδιών,Pedicure implements
33722300-0,33722000-7,5,Μπαρέτες,Barrettes
33730000-6,33700000-7,3,Προϊόντα για την περιποίηση των ματιών και διορθωτικοί φακοί,Eye care products and corrective lenses
33731000-3,33730000-6,4,Φακοί επαφής,Contact lenses
33731100-4,33731000-3,5,Διορθωτικοί φακοί,Corrective lenses
33731110-7,33731100-4,6,Ενδοφθάλμιοι φακοί,Intraocular lenses
33731120-0,33731100-4,6,Φακοί ματογυαλιών,Spectacle lenses
33732000-0,33730000-6,4,Λοσιόν για φακούς επαφής,Contact lenses lotions
33733000-7,33730000-6,4,Γυαλιά ηλίου,Sunglasses
33734000-4,33730000-6,4,Ματογυάλια,Spectacles
33734100-5,33734000-4,5,Σκελετοί και υποστηρίγματα γυαλιών,Frames and mountings for spectacles
33734200-6,33734000-4,5,Γυαλί για ματογυάλια,Glass for spectacles
33735000-1,33730000-6,4,Δίοπτρα-προσωπίδες,Goggles
33735100-2,33735000-1,5,Προφυλακτικά δίοπτρα,Protective goggles
33735200-3,33735000-1,5,Σκελετοί και υποστηρίγματα προστατευτικών διόπτρων,Frames and mountings for goggles
33740000-9,33700000-7,3,Προϊόντα για την περιποίηση των χεριών και των νυχιών,Hand and nails care products
33741000-6,33740000-9,4,Προϊόντα για την περιποίηση των χεριών,Hand care products
33741100-7,33741000-6,5,Προϊόντα καθαρισμού των χεριών,Hand cleaner
33741200-8,33741000-6,5,Λοσιόν για το σώμα ή τα χέρια,Hand or body lotions
33741300-9,33741000-6,5,Απολυμαντικά χεριών,Hand sanitizer
33742000-3,33740000-9,4,Προϊόντα περιποίησης των νυχιών,Nail care products
33742100-4,33742000-3,5,Νυχοκόπτες,Nail clippers
33742200-5,33742000-3,5,Βερνίκι νυχιών,Nail polish
33750000-2,33700000-7,3,Προϊόντα βρεφικής περιποίησης,Baby care products
33751000-9,33750000-2,4,Χάρτινα τραπεζομάντιλα μιας χρήσης,Disposable nappies
33752000-6,33750000-2,4,Επιθέματα θηλασμού,Nursing pad
33760000-5,33700000-7,3,"Χαρτί υγείας, χαρτομάντιλα, πετσέτες χειρός και χαρτοπετσέτες","Toilet paper, handkerchiefs, hand towels and serviettes"
33761000-2,33760000-5,4,Χαρτί υγείας,Toilet paper
33762000-9,33760000-5,4,Χαρτομάντιλα,Paper handkerchiefs
33763000-6,33760000-5,4,Χάρτινες χειροπετσέτες,Paper hand towels
33764000-3,33760000-5,4,Χαρτοπετσέτες,Paper serviettes
33770000-8,33700000-7,3,Χαρτί υγιεινής,Paper sanitary
33771000-5,33770000-8,4,Προϊόντα υγιεινής από χαρτί,Sanitary paper products
33771100-6,33771000-5,5,Σερβιέτες υγείας ή ταμπόν,Sanitary towels or tampons
33771200-7,33771000-5,5,Βρεφικές πάνες,Paper napkin liners
33772000-2,33770000-8,4,Χάρτινα είδη μιας χρήσης,Disposable paper products
33790000-4,33700000-7,3,"Εργαστηριακά είδη, είδη υγιεινής ή φαρμακευτικά είδη από γυαλί","Laboratory, hygienic or pharmaceutical glassware"
33791000-1,33790000-4,4,Είδη υγιεινής από γυαλί,Hygienic glassware
33792000-8,33790000-4,4,Φαρμακευτικά είδη από γυαλί,Pharmaceutical glassware
33793000-5,33790000-4,4,Γυάλινα είδη εργαστηρίου,Laboratory glassware
33900000-9,33000000-0,2,Εξοπλισμός και προμήθειες νεκροψίας και νεκροτομείου,Post-mortem and mortuary equipment and supplies
33910000-2,33900000-9,3,Όργανα και προμήθειες παθολογοανατομίας,Pathology dissection instruments and supplies
33911000-9,33910000-2,4,Ψαλίδια αυτοψίας,Autopsy scissors
33912000-6,33910000-2,4,Σετ ανατομής για αυτοψίες,Autopsy dissection kits
33912100-7,33912000-6,5,Ψαλίδια ανατομής για αυτοψίες,Autopsy dissection forceps
33913000-3,33910000-2,4,Αισθητήρες σφαιρών για αυτοψίες,Autopsy bullet probes
33914000-0,33910000-2,4,"Νήματα, βελόνες ή συνδετήρες τομής για νεκροψίες","Post-mortem thread, needles or incision clips"
33914100-1,33914000-0,5,Νήματα νεκροψίας,Post-mortem thread
33914200-2,33914000-0,5,Βελόνες νεκροψίας,Post-mortem needles
33914300-3,33914000-0,5,Συνδετήρες τομής για νεκροψίες,Post-mortem incision clips
33915000-7,33910000-2,4,Φλεβικά οδηγά σύρματα για αυτοψίες,Autopsy vein directors
33916000-4,33910000-2,4,Λεπίδες ή εξαρτήματα πριονιών για αυτοψίες,Autopsy saw blades or accessories
33916100-5,33916000-4,5,Πριόνια αυτοψίας,Autopsy saws
33917000-1,33910000-2,4,Τετράγωνα τεμάχια και υποθέματα ανατομής,Dissection boards or pads
33918000-8,33910000-2,4,Θήκες για χειρουργικά εργαλεία ή εξαρτήματα νεκροψίας,Cases for post-mortem surgical instruments or accessories
33919000-5,33910000-2,4,Υποδοχές εργαλείων για χειρουργικά εργαλεία ή εξαρτήματα νεκροψίας,Instrument rolls for post-mortem surgical instruments or accessories
33920000-5,33900000-9,3,Εξοπλισμός και προμήθειες αυτοψίας,Autopsy equipment and supplies
33921000-2,33920000-5,4,Συλλέκτες σκόνης οστών,Bone dust collectors
33922000-9,33920000-5,4,Σάκοι μεταφοράς πτωμάτων,Cadaver transport bags
33923000-6,33920000-5,4,"Στηρίγματα κεφαλής, φορεία ή πλάστιγγες αυτοψίας","Autopsy head rests, body boards or hanging scales"
33923100-7,33923000-6,5,Στηρίγματα κεφαλής για αυτοψίες,Autopsy head rests
33923200-8,33923000-6,5,Φορεία για αυτοψίες,Autopsy body boards
33923300-9,33923000-6,5,Πλάστιγγες για αυτοψίες,Autopsy hanging scales
33924000-3,33920000-5,4,Κιτ ανίχνευσης λοιμωδών νόσων για αυτοψίες,Autopsy infectious disease kits
33925000-0,33920000-5,4,Ετικέτες ή βραχιόλια ταυτότητας για νεκροψίες,Post-mortem identification tags or bracelets
33926000-7,33920000-5,4,Αναρροφητήρες κενού ή σωλήνες συλλογής υγρών για αυτοψίες,Autopsy fluid collection vacuum aspirators or tubing
33927000-4,33920000-5,4,Πρωκτικά θερμόμετρα για νεκροψίες,Post-mortem rectal thermometers
33928000-1,33920000-5,4,Διατάξεις ευθυγράμμισης δαχτύλων για νεκροψίες,Post-mortem finger straighteners
33929000-8,33920000-5,4,Σετ έκτασης δέρματος πτωμάτων,Cadaver tissue builder kits
33930000-8,33900000-9,3,Έπιπλα αυτοψίας,Autopsy furniture
33931000-5,33930000-8,4,Σταθμοί ή εξαρτήματα κοπής ιστών για αυτοψίες,Autopsy grossing workstations or accessories
33932000-2,33930000-8,4,Νιπτήρες ή εξαρτήματα αυτοψίας,Autopsy sinks or accessories
33933000-9,33930000-8,4,Τράπεζες ή εξαρτήματα αυτοψίας,Autopsy tables or accessories
33933100-0,33933000-9,5,Τράπεζες αυτοψίας,Autopsy tables
33934000-6,33930000-8,4,Τράπεζες ή εξαρτήματα νεκροψίας,Necropsy tables or accessories
33935000-3,33930000-8,4,Τράπεζες ή εξαρτήματα ανατομής ζώων για νεκροψίες,Post-mortem animal dissection tables or accessories
33936000-0,33930000-8,4,Σταθμοί ή εξαρτήματα ταρίχευσης,Embalming workstations or accessories
33937000-7,33930000-8,4,Σταθμοί καθοδικού ρεύματος αέρα ή εξαρτήματά τους για αυτοψίες,Autopsy downdraft workstations or accessories
33940000-1,33900000-9,3,Εξοπλισμός και προμήθειες μεταφοράς και αποθήκευσης πτωμάτων,Cadaver transport and storage equipment and supplies
33941000-8,33940000-1,4,Ράφια αποθήκευσης πτωμάτων,Cadaver storage racks
33942000-5,33940000-1,4,Φορεία πτωμάτων,Cadaver carriers
33943000-2,33940000-1,4,Αμαξίδια ψαλιδωτής ανύψωσης για μεταφορά πτωμάτων,Cadaver scissor lift trolleys
33944000-9,33940000-1,4,Θάλαμοι ψύξης ή κατάψυξης για νεκροτομεία,Morgue cabinet refrigerators or freezers
33945000-6,33940000-1,4,Καταψύκτες-θάλαμοι για νεκροτομεία,Morgue walk in refrigerators
33946000-3,33940000-1,4,Αμαξίδια για νεκροτομεία,Autopsy carts
33947000-0,33940000-1,4,Δίσκοι τραπεζών αυτοψίας,Cadaver trays
33948000-7,33940000-1,4,Διατάξεις ανύψωσης ή μεταφοράς πτωμάτων,Cadaver lifter or transfer devices
33949000-4,33940000-1,4,Δοχεία μεταφοράς πτωμάτων,Body transport containers
33950000-4,33900000-9,3,Εξοπλισμός και προμήθειες ιατροδικαστικής,Clinical forensics equipment and supplies
33951000-1,33950000-4,4,Υλικά λήψης δακτυλικών αποτυπωμάτων και αποτύπωσης για νεκροψίες,Post-mortem fingerprint or impression materials
33952000-8,33950000-4,4,Αντισηπτικές προσωπίδες,Transport equipment and auxiliary products to transportation
33953000-5,33950000-4,4,Σετ ή προμήθειες ανίχνευσης αίματος για νεκροψίες,Post-mortem blood detection kits or supplies
33954000-2,33950000-4,4,Σετ συλλογής βιολογικών στοιχείων,Biological evidence collection kits
33960000-7,33900000-9,3,Εξοπλισμός και προμήθειες ταρίχευσης,Embalming equipment and supplies
33961000-4,33960000-7,4,Εγχυτήρες πλήρωσης σωματικών κοιλοτήτων για ταρίχευση,Embalming cavity injectors
33962000-1,33960000-7,4,Σωλήνες εκκένωσης φλεβών για ταρίχευση,Embalming vein drainage tubes
33963000-8,33960000-7,4,Υγρά ή χημικά μέσα επεξεργασίας για ταρίχευση,Embalming fluids or chemical treatments
33964000-5,33960000-7,4,Σωλήνες έγχυσης για ταρίχευση,Embalming injecting tubes
33965000-2,33960000-7,4,Νιπτήρες ή εξαρτήματα ταρίχευσης,Embalming sinks or accessories
33966000-9,33960000-7,4,Σετ ταρίχευσης,Embalming kits
33967000-6,33960000-7,4,Βελόνες έγχυσης για ταρίχευση,Embalming injector needles
33968000-3,33960000-7,4,Καλύμματα οφθαλμών,Eye caps
33970000-0,33900000-9,3,Εξοπλισμός και προμήθειες νεκροτομείου,Mortuary equipment and supplies
33971000-7,33970000-0,4,Στολές νεκροτομείου,Mortuary outfits
33972000-4,33970000-0,4,Σετ νεκροτομείου,Mortuary packs
33973000-1,33970000-0,4,Υλικά περιτυλίγματος για νεκροτομεία,Mortuary wraps
33974000-8,33970000-0,4,Αναρροφητήρες νεκροτομείου,Mortuary aspirators
33975000-5,33970000-0,4,Σύνθετα υλικά σκλήρυνσης για νεκροτομεία,Mortuary hardening compounds
34000000-7,,1,Εξοπλισμός μεταφοράς και βοηθητικά μέσα μεταφοράς,Transport equipment and auxiliary products to transportation
34100000-8,34000000-7,2,Αυτοκίνητα οχήματα,Motor vehicles
34110000-1,34100000-8,3,Επιβατικά αυτοκίνητα,Passenger cars
34111000-8,34110000-1,4,Αυτοκίνητα τύπου στέισον και σεντάν,Estate and saloon cars
34111100-9,34111000-8,5,Αυτοκίνητα τύπου στέισον,Estate cars
34111200-0,34111000-8,5,Αυτοκίνητα τύπου σεντάν,Saloon cars
34113000-2,34110000-1,4,Αυτοκίνητα με κίνηση στους τέσσερις τροχούς,4-wheel-drive vehicles
34113100-3,34113000-2,5,Αυτοκίνητα τύπου τζιπ,Jeeps
34113200-4,34113000-2,5,Οχήματα παντός εδάφους,All-terrain vehicles
34113300-5,34113000-2,5,Οχήματα εκτός δρόμου,Off-road vehicles
34114000-9,34110000-1,4,Ειδικά οχήματα,Specialist vehicles
34114100-0,34114000-9,5,Οχήματα εκτάκτου ανάγκης,Emergency vehicles
34114110-3,34114100-0,6,Οχήματα διάσωσης,Rescue vehicles
34114120-6,34114100-0,6,Παραϊατρικά οχήματα,Paramedic vehicles
34114121-3,34114120-6,7,Ασθενοφόρα,Ambulances
34114122-0,34114120-6,7,Οχήματα μεταφοράς ασθενών,Patient-transport vehicles
34114200-1,34114000-9,5,Αστυνομικά αυτοκίνητα,Police cars
34114210-4,34114200-1,6,Οχήματα μεταφοράς κρατουμένων,Prisoner-transport vehicles
34114300-2,34114000-9,5,Οχήματα κοινωνικής πρόνοιας,Welfare vehicles
34114400-3,34114000-9,5,Μικρά λεωφορεία,Minibuses
34115000-6,34110000-1,4,Άλλα επιβατηγά αυτοκίνητα,Other passenger cars
34115200-8,34115000-6,5,Αυτοκίνητα οχήματα για τη μεταφορά κάτω των 10 ατόμων,Motor vehicles for the transport of fewer than 10 persons
34115300-9,34115000-6,5,Μεταχειρισμένα οχήματα για τη μεταφορά επιβατών,Second-hand transport vehicles
34120000-4,34100000-8,3,Αυτοκίνητα οχήματα για τη μεταφορά 10 ή περισσοτέρων ατόμων,Motor vehicles for the transport of 10 or more persons
34121000-1,34120000-4,4,Λεωφορεία και πούλμαν,Buses and coaches
34121100-2,34121000-1,5,Λεωφορεία δημόσιων συγκοινωνιών,Public-service buses
34121200-3,34121000-1,5,Αρθρωτά λεωφορεία,Articulated buses
34121300-4,34121000-1,5,Διώροφα λεωφορεία,Double-decker buses
34121400-5,34121000-1,5,Λεωφορεία χαμηλού δαπέδου,Low-floor buses
34121500-6,34121000-1,5,Πούλμαν,Coaches
34130000-7,34100000-8,3,Αυτοκίνητα οχήματα για τη μεταφορά εμπορευμάτων,Motor vehicles for the transport of goods
34131000-4,34130000-7,4,Ημιφορτηγά,Pick-ups
34132000-1,34130000-7,4,Μηχανοκίνητα έλκηθρα,Motor sledges
34133000-8,34130000-7,4,Αρθρωτά φορτηγά οχήματα,Articulated trucks
34133100-9,34133000-8,5,Βυτιοφόρα,Tankers
34133110-2,34133100-9,6,Βυτιοφόρα μεταφοράς καυσίμων,Fuel-tanker trucks
34134000-5,34130000-7,4,Φορτηγά με επίπεδη και ανατρεπόμενη καρότσα,Flatbed and Tipper trucks
34134100-6,34134000-5,5,Φορτηγά με επίπεδη καρότσα,Flatbed trucks
34134200-7,34134000-5,5,Φορτηγά με ανατρεπόμενη καρότσα,Tipper trucks
34136000-9,34130000-7,4,Φορτηγάκια,Vans
34136100-0,34136000-9,5,Μικρά φορτηγά,Light vans
34136200-1,34136000-9,5,Φορτηγάκια με διαχωριστικά τοιχώματα,Panel vans
34137000-6,34130000-7,4,Μεταχειρισμένα οχήματα για τη μεταφορά εμπορευμάτων,Second-hand goods vehicles
34138000-3,34130000-7,4,Οδικοί ελκυστήρες,Road tractor units
34139000-0,34130000-7,4,Πλαίσια οχημάτων,Chassis
34139100-1,34139000-0,5,Πλαίσια οχημάτων με θάλαμο οδήγησης,Chassis cabs
34139200-2,34139000-0,5,Αμαξώματα πλαισίων οχημάτων,Chassis bodies
34139300-3,34139000-0,5,Πλήρη πλαίσια οχημάτων,Complete chassis
34140000-0,34100000-8,3,Αυτοκίνητα οχήματα μεγάλης αντοχής,Heavy-duty motor vehicles
34142000-4,34140000-0,4,Γερανοφόρα φορτηγά και ανατρεπόμενα οχήματα,Crane and dumper trucks
34142100-5,34142000-4,5,Φορτηγά με ανυψωτική πλατφόρμα,Elevator-platforms trucks
34142200-6,34142000-4,5,Φορτωτές κάδων,Skip loaders
34142300-7,34142000-4,5,Ανατρεπόμενα οχήματα,Dumper trucks
34143000-1,34140000-0,4,Οχήματα χειμερινής συντήρησης,Winter-maintenance vehicles
34144000-8,34140000-0,4,Αυτοκίνητα οχήματα ειδικής χρήσης,Special-purpose motor vehicles
34144100-9,34144000-8,5,Κινητοί πύργοι γεωτρήσεων,Mobile drilling derricks
34144200-0,34144000-8,5,Οχήματα για τις υπηρεσίες εκτάκτου ανάγκης,Vehicles for the emergency services
34144210-3,34144200-0,6,Πυροσβεστικά οχήματα,Firefighting vehicles
34144211-0,34144210-3,7,Φορτηγά με περιστρεφόμενη κλίμακα,Turntable-ladder trucks
34144212-7,34144210-3,7,Υδροφόρες πυροσβεστικών οχημάτων,Water-tender vehicles
34144213-4,34144210-3,7,Πυροσβεστικές αντλίες,Fire engines
34144220-6,34144200-0,6,Οχήματα οδικής βοήθειας,Breakdown vehicles
34144300-1,34144000-8,5,Κινητές γέφυρες,Mobile bridges
34144400-2,34144000-8,5,Οχήματα οδικής συντήρησης,Road-maintenance vehicles
34144410-5,34144400-2,6,Οχήματα εκκένωσης βόθρων,Gully emptiers
34144420-8,34144400-2,6,Μηχανήματα διασκόρπισης αλατιού,Salt spreaders
34144430-1,34144400-2,6,Οχήματα οδικού καθαρισμού,Road-sweeping vehicles
34144431-8,34144430-1,7,Αυτοκινούμενα απορροφητικά σάρωθρα,Suction-sweeper vehicles
34144440-4,34144400-2,6,Οχήματα διάστρωσης άμμου,Gritter vehicles
34144450-7,34144400-2,6,Οχήματα ψεκασμού,Sprinkler vehicles
34144500-3,34144000-8,5,Οχήματα περισυλλογής απορριμμάτων και ακάθαρτων νερών,Vehicles for refuse and sewage
34144510-6,34144500-3,6,Οχήματα περισυλλογής απορριμμάτων,Vehicles for refuse
34144511-3,34144510-6,7,Οχήματα συμπίεσης απορριμμάτων,Refuse-collection vehicles
34144512-0,34144510-6,7,Απορριμματοφόρα οχήματα με συμπιεστή απορριμμάτων,Refuse-compaction vehicles
34144520-9,34144500-3,6,Βυτία μεταφοράς αποχετευτικών λυμάτων,Sewage tankers
34144700-5,34144000-8,5,Οχήματα κοινής ωφελείας,Utility vehicles
34144710-8,34144700-5,6,Τροχοφόροι φορτωτές,Wheeled loaders
34144730-4,34144700-5,6,Οχήματα ανεφοδιασμού καυσίμων για αεροπλάνα,Aircraft-refuelling vehicles
34144740-7,34144700-5,6,Οχήματα ρυμούλκησης αεροσκαφών,Aircraft-towing vehicles
34144750-0,34144700-5,6,Οχήματα μεταφοράς φορτίων,Cargo carriers
34144751-7,34144750-0,7,Αυτοκινούμενοι γερανοί για τη διακίνηση εμπορευμάτων,Straddle carriers
34144760-3,34144700-5,6,Οχήματα κινητών βιβλιοθηκών,Mobile library vehicles
34144800-6,34144000-8,5,Αυτοκινούμενα τροχόσπιτα,Mobile homes
34144900-7,34144000-8,5,Ηλεκτρικά οχήματα,Electric vehicles
34144910-0,34144900-7,6,Ηλεκτρικά λεωφορεία,Electric buses
34150000-3,34100000-8,3,Προσομοιωτές,Simulators
34151000-0,34150000-3,4,Προσομοιωτές οδήγησης,Driving simulators
34152000-7,34150000-3,4,Προσομοιωτές εκπαίδευσης,Training simulators
34200000-9,34000000-7,2,"Αμαξώματα για αυτοκίνητα οχήματα, ρυμουλκούμενα και ημιρυμουλκούμενα οχήματα","Vehicle bodies, trailers or semi-trailers"
34210000-2,34200000-9,3,Αμαξώματα οχημάτων,Vehicle bodies
34211000-9,34210000-2,4,"Αμαξώματα λεωφορείων, αμαξώματα ασθενοφόρων και αμαξώματα για οχήματα μεταφοράς εμπορευμάτων","Bus bodies, ambulance bodies and vehicle bodies for goods vehicles"
34211100-9,34211000-9,5,Αμαξώματα λεωφορείων,Bus bodies
34211200-9,34211000-9,5,Αμαξώματα ασθενοφόρων,Ambulance bodies
34211300-9,34211000-9,5,Αμαξώματα για οχήματα μεταφοράς εμπορευμάτων,Vehicle bodies for goods vehicles
34220000-5,34200000-9,3,"Ρυμουλκούμενα, ημιρυμουλκούμενα και κινητά εμπορευματοκιβώτια","Trailers, semi-trailers and mobile containers"
34221000-2,34220000-5,4,Κινητά εμπορευματοκιβώτια ειδικής χρήσης,Special-purpose mobile containers
34221100-3,34221000-2,5,Κινητές μονάδες ατυχημάτων,Mobile incident units
34221200-4,34221000-2,5,Κινητές μονάδες εκτάκτου ανάγκης,Mobile emergency units
34221300-5,34221000-2,5,Μονάδες χημικών ατυχημάτων,Chemical incident unit
34223000-6,34220000-5,4,Ρυμουλκούμενα και ημιρυμουλκούμενα οχήματα,Trailers and semi-trailers
34223100-7,34223000-6,5,Ημιρυμουλκούμενα,Semi-trailers
34223200-8,34223000-6,5,Βυτιοφόρα οχήματα ανεφοδιασμού αεροπλάνων,Bowsers
34223300-9,34223000-6,5,Ρυμουλκούμενα οχήματα,Trailers
34223310-2,34223300-9,6,Ρυμουλκούμενα οχήματα γενικής χρήσης,General-purpose trailers
34223320-5,34223300-9,6,Ρυμουλκούμενα οχήματα μεταφοράς ίππων,Horsebox trailers
34223330-8,34223300-9,6,Κινητές ρυμουλκούμενες μονάδες,Mobile units on trailers
34223340-1,34223300-9,6,Ρυμουλκούμενα βυτία,Tanker trailers
34223350-4,34223300-9,6,Ρυμουλκούμενα οχήματα περιστρεφόμενων κλιμάκων,Turntable-ladder trailers
34223360-7,34223300-9,6,Ρυμουλκούμενα βυτία ανεφοδιασμού καυσίμων,Refuelling trailers
34223370-0,34223300-9,6,Ανατρεπόμενα ρυμουλκούμενα οχήματα,Tipper trailers
34223400-0,34223000-6,5,Ρυμουλκούμενα και ημιρυμουλκούμενα τύπου τροχόσπιτου,Caravan-type trailers and semi-trailers
34224000-3,34220000-5,4,"Μέρη ρυμουλκουμένων, ημιρυμουλκουμένων και άλλων οχημάτων","Parts of trailers, semi-trailers and other vehicles"
34224100-4,34224000-3,5,Μέρη ρυμουλκουμένων και ημιρυμουλκουμένων,Parts of trailers and semi-trailers
34224200-5,34224000-3,5,Μέρη άλλων οχημάτων,Parts of other vehicles
34300000-0,34000000-7,2,Μέρη και εξαρτήματα για αυτοκίνητα οχήματα και για τους κινητήρες τους,Parts and accessories for vehicles and their engines
34310000-3,34300000-0,3,Μηχανές και μέρη τους (οχήματα),Engines and engine parts
34311000-0,34310000-3,4,Μηχανές (οχήματα),Engines
34311100-1,34311000-0,5,Κινητήρες εσωτερικής καύσης για αυτοκίνητα οχήματα και μοτοσικλέτες,Internal-combustion engines for motor vehicles and motorcycles
34311110-4,34311100-1,6,Κινητήρες εσωτερικής καύσης με ανάφλεξη μέσω σπινθηριστή,Spark-ignition engines
34311120-7,34311100-1,6,Κινητήρες εσωτερικής καύσης με ανάφλεξη μέσω συμπίεσης,Compression-ignition engines
34312000-7,34310000-3,4,Μέρη κινητήρων,Engine parts
34312100-8,34312000-7,5,Ιμάντες ανεμιστήρων,Fan belts
34312200-9,34312000-7,5,Σπινθηριστές,Spark plugs
34312300-0,34312000-7,5,Ψυγεία οχημάτων,Vehicle radiators
34312400-1,34312000-7,5,Πιστόνια,Pistons
34312500-2,34312000-7,5,Στεγανοποιητικά παρεμβύσματα,Gaskets
34312600-3,34312000-7,5,Ελαστικοί ιμάντες μεταφοράς,Rubber conveyor belts
34312700-4,34312000-7,5,Ελαστικοί ιμάντες μετάδοσης,Rubber transmission belts
34320000-6,34300000-0,3,Μηχανολογικά ανταλλακτικά εκτός από κινητήρες και μέρη τους,Mechanical spare parts except engines and engine parts
34321000-3,34320000-6,4,Άξονες και κιβώτια ταχυτήτων,Axles and gearboxes
34321100-4,34321000-3,5,Άξονες τροχών,Axles
34321200-5,34321000-3,5,Κιβώτια ταχυτήτων,Gearboxes
34322000-0,34320000-6,4,Φρένα και μέρη τους,Brakes and brake parts
34322100-1,34322000-0,5,Εξοπλισμός φρένων,Brake equipment
34322200-2,34322000-0,5,Δισκόφρενα,Disc brakes
34322300-3,34322000-0,5,Επενδύσεις φρένων,Brake linings
34322400-4,34322000-0,5,Τακάκια φρένων,Brake pads
34322500-5,34322000-0,5,Σιαγόνες φρένων,Brake shoes
34324000-4,34320000-6,4,"Τροχοί, μέρη και εξαρτήματά τους","Wheels, parts and accessories"
34324100-5,34324000-4,5,Εξοπλισμός ζυγοστάθμισης τροχών,Wheel-balancing equipment
34325000-1,34320000-6,4,Σιγαστήρες και εξατμίσεις,Silencers and exhaust pipes
34325100-2,34325000-1,5,Σιγαστήρες,Silencers
34325200-3,34325000-1,5,Εξατμίσεις,Exhaust pipes
34326000-8,34320000-6,4,"Γρύλλοι οχημάτων, συμπλέκτες και μέρη τους","Vehicle jacks, clutches and associated parts"
34326100-9,34326000-8,5,Συμπλέκτες και μέρη τους,Clutches and associated parts
34326200-0,34326000-8,5,Γρύλλοι οχημάτων,Vehicle jacks
34327000-5,34320000-6,4,"Τιμόνια, άξονες και κιβώτια διεύθυνσης","Steering wheels, columns and boxes"
34327100-6,34327000-5,5,Τιμόνια,Steering wheels
34327200-7,34327000-5,5,Άξονες και κιβώτια,Columns and boxes
34328000-2,34320000-6,4,"Τράπεζες δοκιμών, κιτ μετατροπής οχημάτων και ζώνες ασφαλείας","Test benches, vehicle conversion kits and seat belts"
34328100-3,34328000-2,5,Τράπεζες δοκιμών,Test benches
34328200-4,34328000-2,5,Κιτ μετατροπής οχημάτων,Vehicle conversion kits
34328300-5,34328000-2,5,Ζώνες ασφαλείας,Seat belts
34330000-9,34300000-0,3,"Ανταλλακτικά για οχήματα μεταφοράς αγαθών, μικρά φορτηγά και αυτοκίνητα","Spare parts for goods vehicles, vans and cars"
34350000-5,34300000-0,3,Ελαστικά ελαφράς και βαρέας χρήσεως,Tyres for heavy/light-duty vehicles
34351000-2,34350000-5,4,Ελαστικά ελαφράς χρήσεως,Light-duty tyres
34351100-3,34351000-2,5,Ελαστικά επίσωτρα αυτοκινήτων,Tyres for motor cars
34352000-9,34350000-5,4,Ελαστικά επίσωτρα βαρέας χρήσεως,Heavy-duty tyres
34352100-0,34352000-9,5,Ελαστικά επίσωτρα φορτηγών αυτοκινήτων,Tyres for trucks
34352200-1,34352000-9,5,Ελαστικά επίσωτρα λεωφορείων,Tyres for buses
34352300-2,34352000-9,5,Ελαστικά επίσωτρα γεωργικών οχημάτων,Agrarian tyres
34360000-8,34300000-0,3,Καθίσματα αεροσκαφών πολιτικής αεροπορίας,Seats for civil aircraft
34370000-1,34300000-0,3,Καθίσματα αυτοκίνητων οχημάτων,Seats for motor vehicles
34390000-7,34300000-0,3,Εξαρτήματα ελκυστήρων,Tractor accessories
34400000-1,34000000-7,2,"Μοτοσικλέτες, δίκυκλα και σάιντ-καρ","Motorcycles, bicycles and sidecars"
34410000-4,34400000-1,3,Μοτοσικλέτες,Motorcycles
34411000-1,34410000-4,4,Μέρη και εξαρτήματα μοτοσικλετών,Parts and accessories for motorcycles
34411100-2,34411000-1,5,Σάιντ-καρ,Motorcycle sidecars
34411110-5,34411100-2,6,Μέρη και εξαρτήματα για σάιντ-καρ,Parts and accessories for motorcycle sidecars
34411200-3,34411000-1,5,Ελαστικά επίσωτρα μοτοσικλετών,Tyres for motorcycles
34420000-7,34400000-1,3,Σκούτερ και μοτοποδήλατα με επικουρικό κινητήρα,Motor scooters and cycles with auxiliary motors
34421000-7,34420000-7,4,Σκούτερ,Motor scooters
34422000-7,34420000-7,4,Μοτοποδήλατα με επικουρικό κινητήρα,Cycles with auxiliary motors
34430000-0,34400000-1,3,Ποδήλατα,Bicycles
34431000-7,34430000-0,4,Δίκυκλα χωρίς κινητήρα,Non-motorised bicycles
34432000-4,34430000-0,4,Μέρη και εξαρτήματα για δίκυκλα,Parts and accessories for bicycles
34432100-5,34432000-4,5,Ελαστικά επίσωτρα ποδηλάτων,Tyres for bicycles
34500000-2,34000000-7,2,Πλοία και πλοιάρια,Ships and boats
34510000-5,34500000-2,3,Πλοία,Ships
34511100-3,34510000-5,5,Σκάφη θαλάσσιας περιπολίας,Marine patrol vessels
34512000-9,34510000-5,4,Πλοία και παρόμοια σκάφη για τη μεταφορά επιβατών ή εμπορευμάτων,Ships and similar vessels for the transport of persons or goods
34512100-0,34512000-9,5,Πορθμεία,Ferry boats
34512200-1,34512000-9,5,Κρουαζιερόπλοια,Cruise ships
34512300-2,34512000-9,5,Πλοία για τη μεταφορά εμπορευμάτων χύμα,Bulk carriers
34512400-3,34512000-9,5,Φορτηγά πλοία,Cargo ships
34512500-4,34512000-9,5,Εμπορικά σκάφη,Goods vessels
34512600-5,34512000-9,5,Πλοία για τη μεταφορά εμπορευματοκιβωτίων,Container carriers
34512700-6,34512000-9,5,Πλοία οχηματαγωγά τύπου ρο-ρο,Ro-Ro vessels
34512800-7,34512000-9,5,Δεξαμενόπλοια,Tanker ships
34512900-8,34512000-9,5,Πλοία για τη μεταφορά οχημάτων,Car carriers
34512950-3,34512900-8,6,Πλοία ψυγεία,Refrigerated vessels
34513000-6,34510000-5,4,"Αλιευτικά, σωστικά και άλλα ειδικά σκάφη","Fishing, emergency and other special vessels"
34513100-7,34513000-6,5,Αλιευτικά σκάφη,Fishing vessels
34513150-2,34513100-7,6,Πλοία-εργοστάσια,Factory ships
34513200-8,34513000-6,5,Ρυμουλκά πλοία,Tug boats
34513250-3,34513200-8,6,Βυθοκόροι,Dredgers
34513300-9,34513000-6,5,Πλωτές αποβάθρες θαλάσσης,Seagoing floating docks
34513350-4,34513300-9,6,Σκάφη υποστήριξης καταδύσεων,Dive-support vessels
34513400-0,34513000-6,5,Πλωτοί γερανοί,Floating cranes
34513450-5,34513400-0,6,Σκάφη παραγωγής,Production vessels
34513500-1,34513000-6,5,Σκάφη σεισμολογικών παρατηρήσεων,Seismic survey vessels
34513550-6,34513500-1,6,Σκάφη επίβλεψης,Survey vessels
34513600-2,34513000-6,5,Σκάφη ελέγχου της ρύπανσης,Pollution-control vessels
34513650-7,34513600-2,6,Πυροσβεστικά σκάφη,Fire vessels
34513700-3,34513000-6,5,Σκάφη διάσωσης,Rescue vessels
34513750-8,34513700-3,6,Ελαφρά σκάφη,Light vessels
34514000-3,34510000-5,4,Πλωτές ή καταδυόμενες εξέδρες γεώτρησης ή παραγωγής,Floating or submersible drilling or production platforms
34514100-4,34514000-3,5,Πλοία γεωτρήσεων,Drillships
34514200-5,34514000-3,5,Πλατφόρμες ανύψωσης,Jack-up rigs
34514300-6,34514000-3,5,Εξοπλισμός για εξέδρες γεώτρησης,Platforms drilling rigs
34514400-7,34514000-3,5,Πλωτές εξέδρες γεώτρησης,Floating drilling platforms
34514500-8,34514000-3,5,Πλωτή εγκατάσταση παραγωγής,Floating production facility
34514600-9,34514000-3,5,Ημιβυθιζόμενες εξέδρες γεώτρησης,Semi-submersible rigs
34514700-0,34514000-3,5,Κινητή εξέδρα,Mobile platforms
34514800-1,34514000-3,5,Εξέδρες ανοιχτής θαλάσσης,Offshore platforms
34514900-2,34514000-3,5,Εξέδρες γεώτρησης,Drilling platforms
34515000-0,34510000-5,4,Πλωτές κατασκευές,Floating structures
34515100-1,34515000-0,5,Σημαδούρες,Marker buoys
34515200-2,34515000-0,5,Φουσκωτές σχεδίες,Inflatable rafts
34516000-7,34510000-5,4,Προστατευτικά πλευρών σκάφους,Marine fenders
34520000-8,34500000-2,3,Σκάφη,Boats
34521000-5,34520000-8,4,Ειδικά σκάφη,Specialised boats
34521100-6,34521000-5,5,Σκάφη επιτήρησης,Surveillance boats
34521200-7,34521000-5,5,Περιπολικά σκάφη τελωνείου,Customs patrol boats
34521300-8,34521000-5,5,Περιπολικά σκάφη αστυνομίας,Police patrol boats
34521400-9,34521000-5,5,Ναυαγοσωστικά σκάφη,Lifeboats
34522000-2,34520000-8,4,Σκάφη αναψυχής και αθλητικών δραστηριοτήτων,Pleasure and sporting boats
34522100-3,34522000-2,5,Ιστιοπλοϊκά σκάφη,Sailing boats
34522150-8,34522100-3,6,Ιστιοπλοϊκά σκάφη τύπου καταμαράν,Catamaran sailing boats
34522200-4,34522000-2,5,Σωσίβιες λέμβοι,Rescue dinghies
34522250-9,34522200-4,6,Μικρά ιστιοπλοϊκά σκάφη,Sailing dinghies
34522300-5,34522000-2,5,Μικρές βάρκες,Small craft
34522350-0,34522300-5,6,Βάρκες από ίνες υάλου,Fibreglass dinghies
34522400-6,34522000-2,5,Ημιάκαμπτα σκάφη,Semi-rigid dinghies
34522450-1,34522400-6,6,Φουσκωτά σκάφη,Inflatable craft
34522500-7,34522000-2,5,Λέμβοι από καουτσούκ,Rubber dinghies
34522550-2,34522500-7,6,Κανό,Canoes
34522600-8,34522000-2,5,Λέμβοι με κουπιά,Rowing boats
34522700-9,34522000-2,5,Λέμβοι με πεντάλ,Pedal boats
34600000-3,34000000-7,2,Μηχανές και τροχαίος εξοπλισμός σιδηροδρόμων και τροχιοδρόμων και μέρη τους,Railway and tramway locomotives and rolling stock and associated parts
34610000-6,34600000-3,3,Σιδηροδρομικές μηχανές και εφοδιοφόρα,Rail locomotives and tenders
34611000-3,34610000-6,4,Σιδηροδρομικές μηχανές,Locomotives
34612000-0,34610000-6,4,Εφοδιοφόρα σιδηροδρομικών μηχανών και τελεφερίκ,Locomotive tenders and cable cars
34612100-1,34612000-0,5,Εφοδιοφόρα σιδηροδρομικών μηχανών,Locomotive tenders
34612200-2,34612000-0,5,Τελεφερίκ,Cable cars
34620000-9,34600000-3,3,Τροχαίος εξοπλισμός,Rolling stock
34621000-6,34620000-9,4,"Οχήματα συντήρησης ή επισκευής σιδηροδρομικών γραμμών, και σιδηροδρομικά βαγόνια για τη μεταφορά φορτίων","Railway maintenance or service vehicles, and railway freight wagons"
34621100-7,34621000-6,5,Σιδηροδρομικά βαγόνια για τη μεταφορά φορτίων,Railway freight wagons
34621200-8,34621000-6,5,Οχήματα συντήρησης και επισκευής σιδηροδρομικών γραμμών,Railway maintenance or service vehicles
34622000-3,34620000-9,4,Σιδηροδρομικές ή τροχιοδρομικές άμαξες μεταφοράς επιβατών και τρόλεϊ,"Railway and tramway passenger coaches, and trolleybuses"
34622100-4,34622000-3,5,Επιβατικά βαγόνια αστικού σιδηροδρόμου,Tramway passenger coaches
34622200-5,34622000-3,5,Επιβατικά βαγόνια σιδηροδρόμων,Railway passenger coaches
34622300-6,34622000-3,5,Τρόλεϊ,Trolleybuses
34622400-7,34622000-3,5,Σιδηροδρομικά βαγόνια,Railway carriages
34622500-8,34622000-3,5,Σκευοφόροι και οχήματα ειδικής χρήσης,Luggage vans and special-purpose vans
34630000-2,34600000-3,3,Μέρη σιδηροδρομικών ή τροχιοδρομικών μηχανών έλξης ή τροχαίου υλικού· εξοπλισμός ελέγχου της κυκλοφορίας για σιδηροδρόμους,Parts of railway or tramway locomotives or rolling stock; railways traffic-control equipment
34631000-9,34630000-2,4,Μέρη σιδηροδρομικών ή τροχιοδρομικών μηχανών έλξης ή τροχαίου υλικού,Parts of locomotives or rolling stock
34631100-0,34631000-9,5,Τροχοί ενός τεμαχίου,Monobloc wheels
34631200-1,34631000-9,5,Προφυλακτήρες και συστήματα έλξης,Buffers and drawgear
34631300-2,34631000-9,5,Καθίσματα τροχαίου υλικού,Rolling-stock seats
34631400-3,34631000-9,5,"Άξονες τροχών, επίσωτρα και άλλα μέρη σιδηροδρομικών μηχανών έλξης ή τροχαίου υλικού",Wheel axles and tyres and other parts of locomotives or rolling stock
34632000-6,34630000-2,4,Εξοπλισμός ελέγχου της κυκλοφορίας για σιδηροδρόμους,Railways traffic-control equipment
34632100-7,34632000-6,5,Μηχανική σηματοδότηση,Mechanical signalling
34632200-8,34632000-6,5,Ηλεκτρικός εξοπλισμός σηματοδότησης για σιδηροδρόμους,Electrical signalling equipment for railways
34632300-9,34632000-6,5,Ηλεκτρολογικές εγκαταστάσεις σιδηροδρομικών γραμμών,Electrical installations for railways
34640000-5,34600000-3,3,Στοιχεία αυτοκινήτων,Automotive elements
34700000-4,34000000-7,2,Αεροσκάφη και διαστημόπλοια,Aircraft and spacecraft
34710000-7,34700000-4,3,"Ελικόπτερα, αεροπλάνα, διαστημικά οχήματα και άλλα αεροσκάφη μηχανικής προώθησης","Helicopters, aeroplanes, spacecraft and other powered aircraft"
34711000-4,34710000-7,4,Ελικόπτερα και αεροπλάνα,Helicopters and aeroplanes
34711100-5,34711000-4,5,Αεροπλάνα,Aeroplanes
34711110-8,34711100-5,6,Αεροσκάφη,Fixed-wing aircrafts
34711200-6,34711000-4,5,Αεροσκάφη χωρίς πιλότο,Non-piloted aircraft
34711300-7,34711000-4,5,Αεροσκάφη με πιλότο,Piloted aircraft
34711400-8,34711000-4,5,Αεροσκάφη ειδικής χρήσης,Special-purpose aircraft
34711500-9,34711000-4,5,Ελικόπτερα,Helicopters
34712000-1,34710000-7,4,"Διαστημόπλοια, δορυφόροι και οχήματα εκτόξευσης","Spacecraft, satellites and launch vehicles"
34712100-2,34712000-1,5,Διαστημόπλοια,Spacecraft
34712200-3,34712000-1,5,Δορυφόροι,Satellites
34712300-4,34712000-1,5,Συστήματα εκτόξευσης διαστημοπλοίων,Spacecraft launchers
34720000-0,34700000-4,3,"Αερόστατα, πηδαλιουχούμενα και άλλα μη μηχανοκίνητα αεροσκάφη","Balloons, dirigibles and other non-powered aircraft"
34721000-7,34720000-0,4,Ανεμόπτερα,Gliders
34721100-8,34721000-7,5,Αιωρόπτερα,Hang-gliders
34722000-4,34720000-0,4,Αερόστατα και πηδαλιουχούμενα,Balloons and dirigibles
34722100-5,34722000-4,5,Αερόστατα,Balloons
34722200-6,34722000-4,5,Πηδαλιουχούμενα,Dirigibles
34730000-3,34700000-4,3,"Μέρη αεροσκαφών, διαστημικών σκαφών και ελικοπτέρων","Parts for aircraft, spacecraft and helicopters"
34731000-0,34730000-3,4,Μέρη αεροσκαφών,Parts for aircraft
34731100-1,34731000-0,5,Κινητήρες αεροσκαφών,Aircraft engines
34731200-2,34731000-0,5,Αεροσκάφη με στροβιλοκινητήρα αεριοπροώσεως,Turbojets
34731300-3,34731000-0,5,Αεροσκάφη με στροβιλοκίνητο ελικοφόρο κινητήρα,Turbopropellers
34731400-4,34731000-0,5,Κινητήρες αεριοπροώσεως,Jet engines
34731500-5,34731000-0,5,Μέρη κινητήρων αεροσκαφών,Parts for aircraft engines
34731600-6,34731000-0,5,Μέρη στροβιλοκινητήρων προώσεως ή ελικοστροβιλοκινητήρων,Parts for turbojets or turbopropellers
34731700-7,34731000-0,5,Μέρη ελικοπτέρων,Parts for helicopters
34731800-8,34731000-0,5,Ελαστικά επίσωτρα αεροσκαφών,Tyres for aircraft
34740000-6,34700000-4,3,"Εξοπλισμός αεροσκαφών ή διαστημοπλοίων, συστήματα εκπαίδευσης, προσομοιωτές και συναφή μέρη","Aircraft or spacecraft equipment, trainers, simulators and associated parts"
34741000-3,34740000-6,4,Εξοπλισμός αεροσκαφών,Aircraft equipment
34741100-4,34741000-3,5,Μηχανισμός εκτόξευσης αεροσκαφών,Aircraft-launching gear
34741200-5,34741000-3,5,Συστήματα καταπελτών για την εκτόξευση αεροσκαφών,Aircraft catapult systems
34741300-6,34741000-3,5,Ανασχετικός μηχανισμός προσγείωσης αεροσκαφών,Deck-arresting gear
34741400-7,34741000-3,5,Προσομοιωτές πτήσης,Flight simulators
34741500-8,34741000-3,5,Συσκευές εδάφους για εκπαίδευση στην πτήση,Ground flying trainer
34741600-9,34741000-3,5,Σάκοι για την αεροναυτία,Air-sickness bags
34900000-6,34000000-7,2,Ποικίλος εξοπλισμός μεταφοράς και ανταλλακτικά,Miscellaneous transport equipment and spare parts
34910000-9,34900000-6,3,"Ιππήλατα ή χειροκίνητα αμάξια, λοιπά οχήματα χωρίς μηχανική πρόωση, χειράμαξες μεταφοράς αποσκευών και διάφορα ανταλλακτικά","Horse or hand-drawn carts, other non-mechanically-propelled vehicles, baggage carts and miscellaneous spare parts"
34911000-6,34910000-9,4,Ιππήλατα ή χειροκίνητα αμάξια και λοιπά οχήματα χωρίς μηχανική πρόωση,Horse or hand-drawn carts and other non-mechanically-propelled vehicles
34911100-7,34911000-6,5,Χειραμάξια,Trolleys
34912000-3,34910000-9,4,Χειράμαξες μεταφοράς αποσκευών,Baggage carts
34912100-4,34912000-3,5,Παιδικά καρότσια,Pushchairs
34913000-0,34910000-9,4,Διάφορα ανταλλακτικά,Miscellaneous spare parts
34913100-1,34913000-0,5,Μεταχειρισμένα ελαστικά,Used tyres
34913200-2,34913000-0,5,Αναγομωμένα ελαστικά,Retreaded tyres
34913300-3,34913000-0,5,Παραβλήματα πλοίων,Fenders
34913400-4,34913000-0,5,Ρολόγια οχημάτων,Clocks for vehicles
34913500-5,34913000-0,5,Κλειδαριές για αυτοκίνητα οχήματα,Vehicle locks
34913510-8,34913500-5,6,Κλειδαριές ποδηλάτων,Bicycle locks
34913600-6,34913000-0,5,Έλικες πλοίων,Ship propellers
34913700-7,34913000-0,5,Κλίμακες για πυροσβεστικά οχήματα,Firefighting vehicle ladders
34913800-8,34913000-0,5,Άγκυρες,Anchors
34920000-2,34900000-6,3,Οδικός εξοπλισμός,Road equipment
34921000-9,34920000-2,4,Εξοπλισμός συντήρησης οδών,Road-maintenance equipment
34921100-0,34921000-9,5,Σάρωθρα οδικού καθαρισμού,Road sweepers
34921200-1,34921000-9,5,Σάρωθρα καθαρισμού διαδρόμων προσγείωσης-απογείωσης,Runway sweepers
34922000-6,34920000-2,4,Εξοπλισμός διαγράμμισης οδών,Road-marking equipment
34922100-7,34922000-6,5,Υλικά σήμανσης οδών,Road markings
34922110-0,34922100-7,6,Υαλοσφαιρίδια διαγράμμισης οδών,Glass beads for road marking
34923000-3,34920000-2,4,Εξοπλισμός ελέγχου οδικής κυκλοφορίας,Road traffic-control equipment
34924000-0,34920000-2,4,Πινακίδες μεταβαλλόμενου μηνύματος,Variable message signs
34926000-4,34920000-2,4,Εξοπλισμός ελέγχου στάθμευσης αυτοκινήτων,Car park control equipment
34927000-1,34920000-2,4,Εξοπλισμός διοδίων,Toll equipment
34927100-2,34927000-1,5,Αντιπαγετικό αλάτι,Road salt
34928000-8,34920000-2,4,Εξοπλισμός οδικού δικτύου,Road furniture
34928100-9,34928000-8,5,Στηθαία πρόσκρουσης,Crash barriers
34928110-2,34928100-9,6,Κιγκλιδώματα οδικού δικτύου,Road barriers
34928120-5,34928100-9,6,Μέρη κιγκλιδωμάτων,Barrier components
34928200-0,34928000-8,5,Περιφράξεις,Fences
34928210-3,34928200-0,6,Ξύλινοι πάσσαλοι,Wooden posts
34928220-6,34928200-0,6,Στοιχεία περίφραξης,Fencing components
34928230-9,34928200-0,6,Ηχοφράκτες,Noise fence
34928300-1,34928000-8,5,Στηθαία ασφαλείας,Safety barriers
34928310-4,34928300-1,6,Φράγματα ασφαλείας,Safety fencing
34928320-7,34928300-1,6,Μπάρες φύλαξης σιδηροδρομικών διαβάσεων,Guardrails
34928330-0,34928300-1,6,Διατάξεις προστασίας από χιονοστιβάδες,Paravalanche devices
34928340-3,34928300-1,6,Χιονοφράκτες,Snow fences
34928400-2,34928000-8,5,Αστικός εξοπλισμός,Urban furniture
34928410-5,34928400-2,6,Πάσσαλοι οριοθέτησης,Marker posts
34928420-8,34928400-2,6,Φωτεινές προειδοποιητικές ενδείξεις κινδύνου,Road-danger lamps
34928430-1,34928400-2,6,Φωτεινά σήματα,Beacons
34928440-4,34928400-2,6,Στύλοι στάσεων λεωφορείου,Bus-stop posts
34928450-7,34928400-2,6,Στυλίσκοι,Bollards
34928460-0,34928400-2,6,Οδικοί κώνοι,Road cones
34928470-3,34928400-2,6,Σήματα,Signage
34928471-0,34928470-3,7,Εξοπλισμός πινακίδων σήμανσης,Sign materials
34928472-7,34928470-3,7,Στύλοι πινακίδων σήμανσης,Sign posts
34928480-6,34928400-2,6,Δοχεία και κάδοι απορριμμάτων,Waste and rubbish containers and bins
34928500-3,34928000-8,5,Εξοπλισμός φωτισμού οδών,Street-lighting equipment
34928510-6,34928500-3,6,Κολώνες φωτισμού οδών,Street-lighting columns
34928520-9,34928500-3,6,Στύλοι φωτισμού,Lampposts
34928530-2,34928500-3,6,Φωτιστικά μέσα οδών,Street lamps
34929000-5,34920000-2,4,Υλικά αυτοκινητοδρόμων,Highway materials
34930000-5,34900000-6,3,Θαλάσσιος εξοπλισμός,Marine equipment
34931000-2,34930000-5,4,Εξοπλισμός λιμένων,Harbour equipment
34931100-3,34931000-2,5,Εγκαταστάσεις για αποβάθρες,Docking installations
34931200-4,34931000-2,5,Γέφυρες επιβίβασης επιβατών για σκάφη,Passenger boarding bridges for ships
34931300-5,34931000-2,5,Σκάλες επιβίβασης επιβατών για σκάφη,Passenger boarding stairs for ships
34931400-6,34931000-2,5,Προσομοιωτές γεφυρών σκαφών,Ship bridge simulators
34931500-7,34931000-2,5,Εξοπλισμός ελέγχου κυκλοφορίας σκαφών,Vessel traffic control equipment
34932000-9,34930000-5,4,Συγκροτήματα ραντάρ,Radar sets
34933000-6,34930000-5,4,Εξοπλισμός ναυσιπλοΐας,Navigation equipment
34934000-3,34930000-5,4,Προωστικά πτερύγια,Propeller blades
34940000-8,34900000-6,3,Εξοπλισμός σιδηροδρόμων,Railway equipment
34941000-5,34940000-8,4,Σιδηροδρομικές γραμμές και εξαρτήματα,Rails and accessories
34941100-6,34941000-5,5,Ράβδοι,Rods
34941200-7,34941000-5,5,Σιδηροτροχιές,Track rails
34941300-8,34941000-5,5,Γραμμή αστικού σιδηροδρόμου,Tramline
34941500-0,34941000-5,5,Εγκάρσιες δοκοί,Crossheads
34941600-1,34941000-5,5,Ανισόπεδες διαβάσεις σιδηροδρομικών γραμμών,Crossovers
34941800-3,34941000-5,5,Κλειδιά αλλαγής σιδηροτροχιών,Railway points
34942000-2,34940000-8,4,Εξοπλισμός σηματοδότησης,Signalling equipment
34942100-3,34942000-2,5,Σηματοδότες,Signal posts
34942200-4,34942000-2,5,Κυτία σηματοδότησης,Signalling boxes
34943000-9,34940000-8,4,Σύστημα παρακολούθησης τραίνων,Train-monitoring system
34944000-6,34940000-8,4,Συστήματα θέρμανσης σιδηροδρομικών συζευκτικών κόμβων,Points heating system
34945000-3,34940000-8,4,Μηχάνημα χάραξης ευθύγραμμης τροχιάς,Track-alignment machinery
34946000-0,34940000-8,4,Υλικά και προμήθειες κατασκευής σιδηροδρομικών γραμμών,Railway-track construction materials and supplies
34946100-1,34946000-0,5,Υλικά κατασκευής σιδηροδρομικών γραμμών,Railway-track construction materials
34946110-4,34946100-1,6,Τροχιές,Rails
34946120-7,34946100-1,6,Υλικά σιδηροδρόμων,Railway materials
34946121-4,34946120-7,7,Αμφιδέτες και υπόβαθρα,Fishplates and sole plates
34946122-1,34946120-7,7,Αντιτροχιές,Check rails
34946200-2,34946000-0,5,Υλικό κατασκευής σιδηροδρομικών γραμμών,Railway-track construction supplies
34946210-5,34946200-2,6,Ηλεκτρικά αγώγιμες σιδηροτροχιές,Current-conducting rails
34946220-8,34946200-2,6,"Λάμες και καρδιές διασταύρωσης σιδηροτροχιών, διακλαδώσεις και εξαρτήματα διασταύρωσης","Switch blades, crossing frogs, point rods and crossing pieces"
34946221-5,34946220-8,7,Λάμες,Switch blades
34946222-2,34946220-8,7,Καρδιές διασταύρωσης σιδηροτροχιών,Crossing frogs
34946223-9,34946220-8,7,Διακλαδώσεις,Point rods
34946224-6,34946220-8,7,Εξαρτήματα διασταύρωσης,Crossing pieces
34946230-1,34946200-2,6,"Συνδετήρες, πλάκες και σύνδεσμοι σιδηροτροχιών","Rail clips, bedplates and ties"
34946231-8,34946230-1,7,Συνδετήρες σιδηροτροχιών,Rail clips
34946232-5,34946230-1,7,Πλάκες και σύνδεσμοι σιδηροτροχιών,Bedplates and ties
34946240-4,34946200-2,6,Καθίσματα και υλικό στερέωσης καθισμάτων,Chairs and chair wedges
34947000-7,34940000-8,4,Στρωτήρες και μέρη στρωτήρων,Sleepers and parts of sleepers
34947100-8,34947000-7,5,Διασυνδετικές δοκοί,Sleepers
34947200-9,34947000-7,5,Μέρη στρωτήρων,Parts of sleepers
34950000-1,34900000-6,3,Εξοπλισμός αποβάθρας φόρτωσης,Loadbearing equipment
34951000-8,34950000-1,4,Εξέδρες εισόδου,Access platforms
34951200-0,34951000-8,5,Εξοπλισμός χειρισμού ιλύος,Sludge-handling equipment
34951300-1,34951000-8,5,Εγκατάσταση ξήρανσης ιλύος,Sludge-drier installation
34952000-5,34950000-1,4,Εξοπλισμός ανύψωσης υδραυλικής πλατφόρμας,Hydraulic-platforms hoists
34953000-2,34950000-1,4,Ράμπες πρόσβασης,Access ramps
34953100-3,34953000-2,5,Ράμπες πορθμείου,Ferry ramps
34953300-5,34953000-2,5,Διάζωμα επιβατών,Passenger walkway
34954000-9,34950000-1,4,Κινητή γέφυρα για επιβάτες,Gantries
34955000-6,34950000-1,4,Πλωτή αποβάθρα,Floating dock
34955100-7,34955000-6,5,Πλωτή μονάδα αποθήκευσης,Floating storage unit
34960000-4,34900000-6,3,Εξοπλισμός αερολιμένων,Airport equipment
34961000-1,34960000-4,4,Σύστημα διακίνησης αποσκευών,Baggage-handling system
34961100-2,34961000-1,5,Εξοπλισμός διακίνησης αποσκευών,Baggage-handling equipment
34962000-8,34960000-4,4,Εξοπλισμός ελέγχου εναέριας κυκλοφορίας,Air-traffic control equipment
34962100-9,34962000-8,5,Εξοπλισμός πύργου ελέγχου,Control tower equipment
34962200-0,34962000-8,5,Έλεγχος εναέριας κυκλοφορίας,Air-traffic control
34962210-3,34962200-0,6,Προσομοίωση ελέγχου εναέριας κυκλοφορίας,Air-traffic control simulation
34962220-6,34962200-0,6,Συστήματα ελέγχου εναέριας κυκλοφορίας,Air-traffic control systems
34962230-9,34962200-0,6,Κατάρτιση σε σχέση με τον έλεγχο εναέριας κυκλοφορίας,Air-traffic control training
34963000-5,34960000-4,4,Σύστημα ενόργανης προσγείωσης (ILS),Instrument Landing System (ILS)
34964000-2,34960000-4,4,Εξοπλισμός εδάφους παγκατευθυντικών ραδιοφάρων VHF Doppler (DVOR),Doppler VHF Omni direction Range (DVOR)
34965000-9,34960000-4,4,Εξοπλισμός μέτρησης αποστάσεων (DME),Distance Measuring Equipment (DME)
34966000-6,34960000-4,4,Ραδιογωνιόμετρα και μη κατευθυντικοί ραδιοφάροι,Radio Direction Finder and Non-Directional Beacon
34966100-7,34966000-6,5,Ραδιογωνιόμετρα (RDF),Radio Direction Finder (RDF)
34966200-8,34966000-6,5,Μη κατευθυντικοί ραδιοφάροι (NDB),Non-Directional Beacon (NDB)
34967000-3,34960000-4,4,Συστήματα επικοινωνίας αερολιμένων (COM),Airport Communication System (COM)
34968000-0,34960000-4,4,Συστήματα επιτήρησης και συστήματα φωτισμού αερολιμένων,Airport Surveillance System and Lighting System
34968100-1,34968000-0,5,Συστήματα επιτήρησης αερολιμένων (SUR),Airport Surveillance System (SUR)
34968200-2,34968000-0,5,Συστήματα φωτισμού αερολιμένων (PAPI),Airport Lighting System (PAPI)
34969000-7,34960000-4,4,Γέφυρες και σκάλες επιβίβασης επιβατών για αεροσκάφη,Passenger boarding bridges and stairs for aircraft
34969100-8,34969000-7,5,Γέφυρες επιβίβασης επιβατών για αεροσκάφη,Passenger boarding bridges for aircraft
34969200-9,34969000-7,5,Σκάλες επιβίβασης επιβατών για αεροσκάφη,Passenger boarding stairs for aircraft
34970000-7,34900000-6,3,Εξοπλισμός παρακολούθησης της κυκλοφορίας οχημάτων,Traffic-monitoring equipment
34971000-4,34970000-7,4,Εξοπλισμός φωτογραφικών μηχανών ταχείας λήψης για τον ηλεκτρονικό έλεγχο της ταχύτητας,Speed camera equipment
34972000-1,34970000-7,4,Σύστημα μέτρησης της ροής κυκλοφορίας των οχημάτων,Traffic-flow measuring system
34980000-0,34900000-6,3,Ταξιδιωτικά εισιτήρια,Transport tickets
34990000-3,34900000-6,3,"Εξοπλισμός ελέγχου, ασφαλείας, σηματοδότησης και φωτισμού","Control, safety, signalling and light equipment"
34991000-0,34990000-3,4,Φωτιστικά σώματα υπαίθριων χώρων,Field operating lights
34992000-7,34990000-3,4,Πινακίδες και φωτεινές πινακίδες,Signs and illuminated signs
34992100-8,34992000-7,5,Φωτεινές πινακίδες κυκλοφορίας,Illuminated traffic signs
34992200-9,34992000-7,5,Οδικά σήματα,Road signs
34992300-0,34992000-7,5,Σήματα αστικού οδικού δικτύου,Street signs
34993000-4,34990000-3,4,Φωτιστικά οδών,Road lights
34993100-5,34993000-4,5,Φωτιστικά σηράγγων,Tunnel lighting
34994000-1,34990000-3,4,Φωτιστικά για καθοδήγηση και φωτισμό σκαφών,Lighting for ship guidance and illumination
34994100-2,34994000-1,5,Φωτιστικά για καθοδήγηση και φωτισμό ποταμόπλοιων,Lighting for river guidance and illumination
34995000-8,34990000-3,4,Φωτιστικά για καθοδήγηση και φωτισμό αεροσκαφών,Lighting for aircraft guidance and illumination
34996000-5,34990000-3,4,"Εξοπλισμός ελέγχου, ασφαλείας και σηματοδότησης οδών","Control, safety or signalling equipment for roads"
34996100-6,34996000-5,5,Φωτεινοί σηματοδότες,Traffic lights
34996200-7,34996000-5,5,"Εξοπλισμός ελέγχου, ασφαλείας και σηματοδότησης υδάτινων οδών","Control, safety or signalling equipment for inland waterways"
34996300-8,34996000-5,5,"Εξοπλισμός ελέγχου, ασφαλείας και σηματοδότησης χώρων στάθμευσης","Control, safety or signalling equipment for parking facilities"
34997000-2,34990000-3,4,"Εξοπλισμός ελέγχου, ασφαλείας και σηματοδότησης αερολιμένων","Control, safety or signalling equipment for airports"
34997100-3,34997000-2,5,Συσκευές καταγραφής δεδομένων πτήσης,Flight recorders
34997200-4,34997000-2,5,Εγκαταστάσεις φωτισμού αερολιμένων,Airport lighting
34997210-7,34997200-4,6,Φωτιστικά διαδρόμων προσγείωσης-απογείωσης,Runway lights
34998000-9,34990000-3,4,"Εξοπλισμός ελέγχου, ασφαλείας και σηματοδότησης λιμενικών εγκαταστάσεων","Control, safety or signalling equipment for port installations"
34999000-6,34990000-3,4,"Γεννήτριες σημάτων, διανεμητές ασύρματων σημάτων και μηχανήματα επιμετάλλωσης με ηλεκτρόλυση","Signal generators, aerial signal splitters and electroplating machines"
34999100-7,34999000-6,5,Γεννήτριες σημάτων,Signal generators
34999200-8,34999000-6,5,Διανεμητές ασύρματων σημάτων,Aerial signal splitters
34999300-9,34999000-6,5,Μηχανήματα επιμετάλλωσης με ηλεκτρόλυση,Electroplating machines
34999400-0,34999000-6,5,Μοντέλα υπό κλίμακα,Scale models
34999410-3,34999400-0,6,Μοντέλα αεροσκαφών υπό κλίμακα,Aircraft scale models
34999420-6,34999400-0,6,Μοντέλα θαλάσσιων σκαφών υπό κλίμακα,Boat scale models
35000000-4,,1,"Εξοπλισμός ασφαλείας και πυρόσβεσης, αστυνομικός και αμυντικός εξοπλισμός","Security, fire-fighting, police and defence equipment"
35100000-5,35000000-4,2,Εξοπλισμός εκτάκτου ανάγκης και ασφαλείας,Emergency and security equipment
35110000-8,35100000-5,3,"Εξοπλισμός πυρόσβεσης, διάσωσης και ασφαλείας","Firefighting, rescue and safety equipment"
35111000-5,35110000-8,4,Πυροσβεστικός εξοπλισμός,Firefighting equipment
35111100-6,35111000-5,5,Αναπνευστικές συσκευές πυρόσβεσης,Breathing apparatus for firefighting
35111200-7,35111000-5,5,Υλικά πυρόσβεσης,Firefighting materials
35111300-8,35111000-5,5,Πυροκατασβεστήρες,Fire extinguishers
35111310-1,35111300-8,6,Αφρός πλήρωσης πυροσβεστήρων,Foam packages
35111320-4,35111300-8,6,Φορητοί πυροσβεστήρες,Portable fire-extinguishers
35111400-9,35111000-5,5,Εξοπλισμός πυρασφάλειας,Fire escape equipment
35111500-0,35111000-5,5,Συστήματα πυρόσβεσης,Fire suppression system
35111510-3,35111500-0,6,Πυροσβεστικά εργαλεία χειρός,Fire suppression hand tools
35111520-6,35111500-0,6,Πυροσβεστικός αφρός ή παρόμοιες ενώσεις,Fire suppression foam or similar compounds
35112000-2,35110000-8,4,Εξοπλισμός διάσωσης και κινδύνου,Rescue and emergency equipment
35112100-3,35112000-2,5,Κούκλες εκπαίδευσης σε καταστάσεις έκτακτης ανάγκης,Emergency training dolls
35112200-4,35112000-2,5,Καταιονητήρες έκτακτης ανάγκης,Emergency shower
35112300-5,35112000-2,5,Εκπλυντές ματιών,Eye shower
35113000-9,35110000-8,4,Διατάξεις ασφάλειας (έναντι των ατυχημάτων),Safety equipment
35113100-0,35113000-9,5,Εξοπλισμός ασφάλειας εργοταξίων,Site-safety equipment
35113110-0,35113100-0,6,Σύστημα προστασίας πυρηνικού αντιδραστήρα,Nuclear-reactor protection system
35113200-1,35113000-9,5,"Εξοπλισμός πυρηνικής, βιολογικής, χημικής και ακτινολογικής προστασίας","Nuclear, biological, chemical and radiological protection equipment"
35113210-4,35113200-1,6,Εξοπλισμός πυρηνικής ασφάλειας,Nuclear safety equipment
35113300-2,35113000-9,5,Εγκαταστάσεις ασφαλείας,Safety installations
35113400-3,35113000-9,5,Ρούχα προστασίας και ασφαλείας,Protective and safety clothing
35113410-6,35113400-3,6,Ενδύματα για βιολογική και χημική προστασία,Garments for biological or chemical protection
35113420-9,35113400-3,6,Ενδύματα για πυρηνική και ακτινολογική προστασία,Nuclear and radiological protection clothing
35113430-2,35113400-3,6,Γιλέκα ασφαλείας,Safety vests
35113440-5,35113400-3,6,Ανακλαστικά γιλέκα,Reflective vests
35113450-8,35113400-3,6,Προστατευτικοί επενδύτες ή επώμια,Protective coats or ponchos
35113460-1,35113400-3,6,Προστατευτικές κάλτσες ή καλσόν,Protective socks or hosiery
35113470-4,35113400-3,6,Προστατευτικά πουκάμισα ή παντελόνια,Protective shirts or pants
35113480-7,35113400-3,6,Προστατευτικά περικάρπια,Protective wristbands
35113490-0,35113400-3,6,Προστατευτικές ρόμπες,Protective frock
35120000-1,35100000-5,3,Συστήματα και διατάξεις επιτήρησης και ασφαλείας,Surveillance and security systems and devices
35121000-8,35120000-1,4,"Εξοπλισμός ασφαλείας (π.χ. έναντι κλοπής, πυρκαγιάς κ.λπ.)",Security equipment
35121100-9,35121000-8,5,Βομβητές,Buzzers
35121200-0,35121000-8,5,Ανιχνευτές πλαστών χαρτονομισμάτων,Detector for forged money
35121300-1,35121000-8,5,Εξαρτήματα ασφαλείας,Security fittings
35121400-2,35121000-8,5,Σάκοι ασφαλείας,Security bags
35121500-3,35121000-8,5,Σφραγίδες,Seals
35121600-4,35121000-8,5,Επιγραφές,Tags
35121700-5,35121000-8,5,Συστήματα συναγερμού,Alarm systems
35121800-6,35121000-8,5,Κυρτά κάτοπτρα ασφαλείας,Convex security mirrors
35121900-7,35121000-8,5,Ραδιοανιχνευτές,Radar detectors
35123000-2,35120000-1,4,Εξοπλισμός προσδιορισμού τόπου,Site-identification equipment
35123100-3,35123000-2,5,Σύστημα μαγνητικής κάρτας,Magnetic-card system
35123200-4,35123000-2,5,Εξοπλισμός ελέγχου ελαστικού ωραρίου εργασίας,Flexible-working-hours equipment
35123300-5,35123000-2,5,Σύστημα χρονομέτρησης,Timekeeping system
35123400-6,35123000-2,5,Διακριτικά σήματα αναγνώρισης,Identification badges
35123500-7,35123000-2,5,Συστήματα αναγνώρισης βίντεο,Video identification systems
35124000-9,35120000-1,4,Ανιχνευτές μετάλλου,Metal detectors
35125000-6,35120000-1,4,Σύστημα παρακολούθησης,Surveillance system
35125100-7,35125000-6,5,Αισθητήρες,Sensors
35125110-0,35125100-7,6,Βιομετρικοί αισθητήρες,Biometric sensors
35125200-8,35125000-6,5,Συστήματα ελέγχου χρόνου ή καταγραφής εργάσιμων ωρών,Time control system or working time recorder
35125300-2,35125000-6,5,Κάμερες ασφαλείας,Security cameras
35126000-3,35120000-1,4,Εξοπλισμός σάρωσης γραμμωτού κώδικα,Bar code scanning equipment
35200000-6,35000000-4,2,Αστυνομικός εξοπλισμός,Police equipment
35210000-9,35200000-6,3,Στόχοι για εξάσκηση στη σκοποβολή,Targets for shooting practice
35220000-2,35200000-6,3,Εξοπλισμός για την καταστολή εξεγέρσεων,Anti-riot equipment
35221000-9,35220000-2,4,Κανόνια νερού,Water cannons
35230000-5,35200000-6,3,Χειροπέδες,Handcuffs
35240000-8,35200000-6,3,Σειρήνες,Sirens
35250000-1,35200000-6,3,Μέσα απώθησης επιθέσεων σκύλων,Repellents for canine attack
35260000-4,35200000-6,3,Πινακίδες αστυνομίας,Police signs
35261000-1,35260000-4,4,Πίνακες πληροφοριών,Information panels
35261100-2,35261000-1,5,Πίνακες πληροφοριών μεταβαλλόμενου μηνύματος,Changing message indicator panels
35262000-8,35260000-4,4,Εξοπλισμός ελέγχου σηματοδότησης διασταυρώσεων,Crossing control signalling equipment
35300000-7,35000000-4,2,"Όπλα, πυρομαχικά και συναφή μέρη","Weapons, ammunition and associated parts"
35310000-0,35300000-7,3,Διάφορα όπλα,Miscellaneous weapons
35311000-7,35310000-0,4,"Ξίφη, σπαθιά, ξιφολόγχες και λόγχες","Swords, cutlasses, bayonets and lances"
35311100-8,35311000-7,5,Ξίφη,Swords
35311200-9,35311000-7,5,Σπαθιά,Cutlasses
35311300-0,35311000-7,5,Ξιφολόγχες,Bayonets
35311400-1,35311000-7,5,Λόγχες,Lances
35312000-4,35310000-0,4,Αεριοβόλα όπλα,Gas guns
35320000-3,35300000-7,3,Πυροβόλα όπλα,Firearms
35321000-0,35320000-3,4,Ελαφρά πυροβόλα όπλα,Light firearms
35321100-1,35321000-0,5,Πιστόλια χειρός,Hand guns
35321200-2,35321000-0,5,Τουφέκια,Rifles
35321300-3,35321000-0,5,Πολυβόλα,Machine guns
35322000-7,35320000-3,4,Πυροβόλα,Artillery
35322100-8,35322000-7,5,Αντιαεροπορικά όπλα,Anti-aircraft
35322200-9,35322000-7,5,Αυτοπροωθούμενα πυροβόλα,Self-propelled artillery
35322300-0,35322000-7,5,Ρυμουλκούμενα πυροβόλα,Towed artillery
35322400-1,35322000-7,5,Ολμοβόλα,Mortars
35322500-2,35322000-7,5,Οβιδοβόλα,Howitzer
35330000-6,35300000-7,3,Πυρομαχικά,Ammunition
35331000-3,35330000-6,4,Πυρομαχικά για πυροβόλα και πολεμικές επιχειρήσεις,Ammunition for firearms and warfare
35331100-4,35331000-3,5,Σφαίρες πυροβόλων,Bullets
35331200-5,35331000-3,5,Βλήματα,Shells
35331300-3,35331000-3,5,Χειροβομβίδες,Grenades
35331400-7,35331000-3,5,Νάρκες ξηράς,Land mines
35331500-8,35331000-3,5,Φυσίγγια,Cartridges
35332000-0,35330000-6,4,Πυρομαχικά για ναυτικές πολεμικές επιχειρήσεις,Ammunition for naval warfare
35332100-1,35332000-0,5,Τορπίλες,Torpedoes
35332200-2,35332000-0,5,Νάρκες θαλάσσης,Sea mines
35333000-7,35330000-6,4,Πυρομαχικά για εναέριες πολεμικές επιχειρήσεις,Ammunition for aerial warfare
35333100-8,35333000-7,5,Βόμβες,Bombs
35333200-9,35333000-7,5,Ρουκέτες,Rockets
35340000-9,35300000-7,3,Μέρη πυροβόλων όπλων και πυρομαχικά,Parts of firearms and ammunition
35341000-6,35340000-9,4,Μέρη ελαφρών πυροβόλων όπλων,Parts of light firearms
35341100-7,35341000-6,5,Εξαρτήματα σωληνώσεων από ορείχαλκο πυροβόλων,Gunmetal pipe fittings
35342000-3,35340000-9,4,Μέρη εκτοξευτήρων ρουκετών,Parts of rocket launchers
35343000-0,35340000-9,4,Μέρη ολμοβόλων,Parts of mortars
35400000-8,35000000-4,2,Στρατιωτικά οχήματα και μέρη αυτών,Military vehicles and associated parts
35410000-1,35400000-8,3,Τεθωρακισμένα στρατιωτικά οχήματα,Armoured military vehicles
35411000-8,35410000-1,4,Άρματα μάχης,Battle tanks
35411100-9,35411000-8,5,Μέσα άρματα μάχης,Main battle tanks
35411200-0,35411000-8,5,Ελαφρά άρματα μάχης,Light battle tanks
35412000-5,35410000-1,4,Τεθωρακισμένα οχήματα μάχης,Armoured combat vehicles
35412100-6,35412000-5,5,Πολεμικά οχήματα πεζικού,Infantry fighting vehicles
35412200-7,35412000-5,5,Τεθωρακισμένα οχήματα μεταφοράς προσωπικού,Armoured personnel carriers
35412300-8,35412000-5,5,Τεθωρακισμένα οχήματα μεταφοράς οπλισμού,Armoured weapon carriers
35412400-9,35412000-5,5,Οχήματα αναγνώρισης και περιπολίας,Reconnaissance and patrol vehicles
35412500-0,35412000-5,5,Οχήματα διοίκησης και οχήματα συνδέσμου διοίκησης,Command and liaison vehicles
35420000-4,35400000-8,3,Μέρη στρατιωτικών οχημάτων,Parts of military vehicles
35421000-1,35420000-4,4,Μηχανικά ανταλλακτικά για στρατιωτικά οχήματα,Mechanical spare parts for military vehicles
35421100-2,35421000-1,5,Μηχανές και μέρη αυτών για στρατιωτικά οχήματα,Engines and engine parts for military vehicles
35422000-8,35420000-4,4,Ηλεκτρονικά και ηλεκτρικά ανταλλακτικά για στρατιωτικά οχήματα,Electronic and electrical spare parts for military vehicles
35500000-9,35000000-4,2,Πολεμικά πλοία και μέρη αυτών,Warships and associated parts
35510000-2,35500000-9,3,Πολεμικά πλοία,Warships
35511000-9,35510000-2,4,Πολεμικά πλοία επιφάνειας,Surface combatant
35511100-0,35511000-9,5,Αεροπλανοφόρα,Aircraft carriers
35511200-1,35511000-9,5,Αντιτορπιλλικά και φρεγάτες,Destroyers and frigates
35511300-2,35511000-9,5,Κορβέτες και περιπολικά πλοία,Corvettes and patrol boats
35511400-3,35511000-9,5,Αμφίβια σκάφη και πλοία,Amphibious crafts and ships
35512000-6,35510000-2,4,Υποβρύχια,Submarines
35512100-7,35512000-6,5,Στρατηγικά υποβρύχια πυρηνικής πρόωσης,Strategic submarine nuclear fuelled
35512200-8,35512000-6,5,Υποβρύχια κρούσης πυρηνικής πρόωσης,Attack submarine nuclear fuelled
35512300-9,35512000-6,5,Ντιζελοκίνητα υποβρύχια κρούσης,Attack submarine diesel fuelled
35512400-0,35512000-6,5,Μη επανδρωμένα υποβρύχια οχήματα,Unmanned underwater vehicles
35513000-3,35510000-2,4,Πλοία ναρκοπολέμου και βοηθητικά πλοία,Mine warfare and auxiliary ships
35513100-4,35513000-3,5,Ναρκοθηρικά/ναρκαλιευτικά πλοία,Mine hunter/minesweeper
35513200-5,35513000-3,5,Βοηθητικά ερευνητικά σκάφη,Auxiliary research vessel
35513300-6,35513000-3,5,Βοηθητικά σκάφη συλλογής πληροφοριών,Auxiliary intelligence collection vessel
35513400-7,35513000-3,5,Βοηθητικά νοσοκομειακά/μεταγωγικά/πετρελαιοφόρα/οχηματαγωγά σκάφη τύπου ρο-ρο,Auxiliary hospital; cargo; tanker; ro-ro vessel
35520000-5,35500000-9,3,Μέρη πολεμικών πλοίων,Parts for warships
35521000-2,35520000-5,4,Κήτη και μηχανικά ανταλλακτικά για πολεμικά πλοία,Hull and mechanical spare parts for warships
35521100-3,35521000-2,5,Κινητήρες και μέρη κινητήρων για πολεμικά πλοία,Engines and engine parts for warships
35522000-9,35520000-5,4,Ηλεκτρονικά και ηλεκτρικά ανταλλακτικά για πολεμικά πλοία,Electronic and electrical spare parts for warships
35600000-0,35000000-4,2,"Στρατιωτικά αεροσκάφη, πύραυλοι και διαστημικά αεροσκάφη","Military aircrafts, missiles and spacecrafts"
35610000-3,35600000-0,3,Στρατιωτικά αεροσκάφη,Military aircrafts
35611100-1,35610000-3,5,Πολεμικά αεροσκάφη,Fighter aircrafts
35611200-2,35610000-3,5,Μαχητικά-βομβαρδιστικά αεροσκάφη/αεροσκάφη προσβολής στόχων επιφάνειας,Fighter-bomber/ground attack aircrafts
35611300-3,35610000-3,5,Βομβαρδιστικά αεροσκάφη,Bomber aircrafts
35611400-4,35610000-3,5,Στρατιωτικά μεταγωγικά αεροσκάφη,Military transport aircrafts
35611500-5,35610000-3,5,Εκπαιδευτικά αεροσκάφη,Training aircrafts
35611600-6,35610000-3,5,Αεροσκάφη θαλάσσιας περιπολίας,Maritime patrol aircrafts
35611700-7,35610000-3,5,Αεροσκάφη ανεφοδιασμού εν πτήσει,Tanker aircrafts
35611800-8,35610000-3,5,Αναγνωριστικά αεροσκάφη,Reconnaissance aircrafts
35612100-8,35610000-3,5,Πολεμικά ελικόπτερα,Combat helicopters
35612200-9,35610000-3,5,Ελικόπτερα ανθυποβρυχιακού πολέμου,Anti submarine warfare helicopters
35612300-0,35610000-3,5,Ελικόπτερα υποστήριξης,Support helicopters
35612400-1,35610000-3,5,Στρατιωτικά μεταγωγικά ελικόπτερα,Military transport helicopters
35612500-2,35610000-3,5,Ελικόπτερα αναζήτησης και διάσωσης,Search and rescue helicopters
35613000-4,35610000-3,4,Μη επανδρωμένα εναέρια οχήματα,Unmanned aerial vehicles
35613100-5,35613000-4,5,Μη επανδρωμένα πολεμικά εναέρια οχήματα,Unmanned combat aerial vehicles
35620000-6,35600000-0,3,Πύραυλοι,Missiles
35621000-3,35620000-6,4,Στρατηγικοί πύραυλοι,Strategic missiles
35621100-4,35621000-3,5,Στρατηγικοί αντιβαλλιστικοί πύραυλοι,Strategic anti-ballistic missiles
35621200-5,35621000-3,5,Διηπειρωτικοί βαλλιστικοί πύραυλοι,Inter continental ballistic missiles
35621300-6,35621000-3,5,Βαλλιστικοί πύραυλοι εκτοξευόμενοι από υποβρύχια,Submarine launched ballistic missiles
35621400-7,35621000-3,5,Βαλλιστικοί πύραυλοι μέσου βεληνεκούς,Intermediate range ballistic missiles
35622000-0,35620000-6,4,Τακτικοί πύραυλοι,Tactical missiles
35622100-1,35622000-0,5,Πύραυλοι αέρος-αέρος,Air-to-air missiles
35622200-2,35622000-0,5,Πύραυλοι αέρος-εδάφους,Air-to-ground missiles
35622300-3,35622000-0,5,Πύραυλοι εναντίον πλοίων,Anti-ship missiles
35622400-4,35622000-0,5,Ανθυποβρυχιακές ρουκέτες,Anti-submarines rockets
35622500-5,35622000-0,5,Τακτικοί αντιβαλλιστικοί πύραυλοι,Tactical anti-ballistic missiles
35622600-6,35622000-0,5,Αντιαρματικοί κατευθυνόμενοι πύραυλοι,Anti-tank guided missiles
35622700-7,35622000-0,5,Πύραυλοι εδάφους-αέρος,Surface-to-air missiles
35623000-7,35620000-6,4,Πύραυλοι κρουζ,Cruise missiles
35623100-8,35623000-7,5,Πύραυλοι κρουζ αέρος/εδάφους/θαλάσσης,Air/ground/sea launched cruise missiles
35630000-9,35600000-0,3,Στρατιωτικά διαστημικά αεροσκάφη,Military spacecrafts
35631000-6,35630000-9,4,Στρατιωτικοί δορυφόροι,Military satellites
35631100-7,35631000-6,5,Δορυφόροι επικοινωνιών,Communication satellites
35631200-8,35631000-6,5,Δορυφόροι παρατήρησης,Observation satellites
35631300-9,35631000-6,5,Δορυφόροι πλοήγησης,Navigation satellites
35640000-2,35600000-0,3,Μέρη στρατιωτικού αεροδιαστημικού εξοπλισμού,Parts for military aerospace equipment
35641000-9,35640000-2,4,Δομικά και μηχανικά ανταλλακτικά μέρη για στρατιωτικό αεροδιαστημικό εξοπλισμό,Structure and mechanical spare parts for military aerospace equipment
35641100-0,35641000-9,5,Κινητήρες και μέρη κινητήρων για στρατιωτικό αεροδιαστημικό εξοπλισμό,Engines and engine parts for military aerospace equipment
35642000-7,35640000-2,4,Ηλεκτρονικά και ηλεκτρικά ανταλλακτικά μέρη για στρατιωτικό αεροδιαστημικό εξοπλισμό,Electronic and electrical spare parts for military aerospace equipment
35700000-1,35000000-4,2,Στρατιωτικά ηλεκτρονικά συστήματα,Military electronic systems
35710000-4,35700000-1,3,"Συστήματα διοίκησης, ελέγχου, επικοινωνίας και ηλεκτρονικών υπολογιστών","Command, control, communication and computer systems"
35711000-1,35710000-4,4,"Συστήματα διοίκησης, ελέγχου και επικοινωνίας","Command, control, communication systems"
35712000-8,35710000-4,4,"Συστήματα τακτικής διοίκησης, ελέγχου και επικοινωνίας","Tactical command, control and communication systems"
35720000-7,35700000-1,3,"Συστήματα πληροφοριών, επιτήρησης, πρόσκτησης στόχου και αναγνώρισης","Intelligence, surveillance, target acquisition and reconnaissance"
35721000-4,35720000-7,4,Ηλεκτρονικά συστήματα πληροφοριών,Electronic intelligence system
35722000-1,35720000-7,4,Συσκευές ραδιοεντοπισμού (ραντάρ),Radar
35723000-8,35720000-7,4,Ραντάρ αεράμυνας,Air defence radar
35730000-0,35700000-1,3,Συστήματα ηλεκτρονικού πολέμου και άλλα αντίμετρα,Electronic warfare systems and counter measures
35740000-3,35700000-1,3,Προσομοιωτές μάχης,Battle simulators
35800000-2,35000000-4,2,Ατομικός εξοπλισμός και εξοπλισμός υποστήριξης,Individual and support equipment
35810000-5,35800000-2,3,Ατομικός εξοπλισμός,Individual equipment
35811100-3,35810000-5,5,Στολές πυροσβεστών,Fire-brigade uniforms
35811200-4,35810000-5,5,Στολές αστυνομικών,Police uniforms
35811300-5,35810000-5,5,Στρατιωτικές στολές,Military uniforms
35812000-9,35810000-5,4,Στολές εκστρατείας,Combat uniforms
35812100-0,35812000-9,5,Επενδύτες παραλλαγής,Camouflage jackets
35812200-1,35812000-9,5,Φόρμες εκστρατείας,Combat suits
35812300-2,35812000-9,5,Εξοπλισμός εκστρατείας,Combat gear
35813000-6,35810000-5,4,Στρατιωτικά κράνη,Military helmets
35813100-7,35813000-6,5,Καλύμματα για κράνη,Helmet covers
35814000-3,35810000-5,4,Μάσκες αερίου,Gas masks
35815000-0,35810000-5,4,Ενδύματα αντιβαλλιστικής προστασίας,Garments for anti-ballistic protection
35815100-1,35815000-0,5,Αλεξίσφαιρα γιλέκα,Bullet-proof vests
35820000-8,35800000-2,3,Εξοπλισμός υποστήριξης,Support equipment
35821000-5,35820000-8,4,Σημαίες,Flags
35821100-6,35821000-5,5,Κοντάρια σημαιών,Flagpole
37000000-8,,1,"Μουσικά όργανα, είδη αθλητισμού, επιτραπέζια παιχνίδια, παιδικά παιχνίδια, είδη χειροτεχνίας, υλικά και εξαρτήματα καλλιτεχνίας","Musical instruments, sport goods, games, toys, handicraft, art materials and accessories"
37300000-1,37000000-8,2,Μουσικά όργανα και μέρη τους,Musical instruments and parts
37310000-4,37300000-1,3,Μουσικά όργανα,Musical instruments
37311000-1,37310000-4,4,Πληκτροφόρα όργανα,Keyboard instruments
37311100-2,37311000-1,5,Πιάνα,Pianos
37311200-3,37311000-1,5,Ακορντεόν,Accordions
37311300-4,37311000-1,5,Εκκλησιαστικά όργανα,Musical organs
37311400-5,37311000-1,5,Τσελέστα,Celestas
37312000-8,37310000-4,4,Χάλκινα πνευστά όργανα,Brass instruments
37312100-9,37312000-8,5,Τρομπέτες,Trumpets
37312200-0,37312000-8,5,Τρομπόνια,Trombones
37312300-1,37312000-8,5,Γερμανικά βαθύφωνα,Sousaphones
37312400-2,37312000-8,5,Σαξόφωνα,Saxophones
37312500-3,37312000-8,5,Σφυρίχτρες,Whistle
37312600-4,37312000-8,5,Σάλπιγγες,Bugles
37312700-5,37312000-8,5,Βαρύτονα σαξόφωνα,Saxhorns
37312800-6,37312000-8,5,Μελόφωνα,Mellophones
37312900-7,37312000-8,5,"Κόρνο άλτο, μπάσο, τενόρο και γαλλικό","Alto, baritone, flugel and French horns"
37312910-0,37312900-7,6,Άλτο κόρνο,Alto horns
37312920-3,37312900-7,6,Μπάσο κόρνο,Baritone horns
37312930-6,37312900-7,6,Κόρνο τενόρο,Flugel horns
37312940-9,37312900-7,6,Γαλλικό κόρνο,French horns
37313000-5,37310000-4,4,Έγχορδα μουσικά όργανα,String instruments
37313100-6,37313000-5,5,Τσέμπαλα,Harpsichords
37313200-7,37313000-5,5,Κλαβεσέν,Clavichords
37313300-8,37313000-5,5,Κιθάρες,Guitars
37313400-9,37313000-5,5,Βιολιά,Violins
37313500-0,37313000-5,5,Άρπες,Harps
37313600-1,37313000-5,5,Μπάντζο,Banjos
37313700-2,37313000-5,5,Μαντολίνα,Mandolins
37313800-3,37313000-5,5,Βιολοντσέλα,Violoncellos
37313900-4,37313000-5,5,Κοντραμπάσα,Basses
37314000-2,37310000-4,4,Πνευστά όργανα,Wind instruments
37314100-3,37314000-2,5,Κλαρινέτα,Clarinets
37314200-4,37314000-2,5,Όμποε,Oboes
37314300-5,37314000-2,5,Κορνέτα και φλάουτα,Musical cornets and flutes
37314310-8,37314300-5,6,Κορνέτα,Musical cornets
37314320-1,37314300-5,6,Φλάουτα,Musical flutes
37314400-6,37314000-2,5,Πίκολο (μικρά φλάουτα),Piccolos
37314500-7,37314000-2,5,Άσκαυλοι (γκάιντες),Bagpipes
37314600-8,37314000-2,5,Φυσαρμόνικες,Harmonicas
37314700-9,37314000-2,5,Καζού,Kazoos
37314800-0,37314000-2,5,Αγγλικό κόρνο,English horns
37314900-1,37314000-2,5,Οκαρίνα,Ocarinas
37315000-9,37310000-4,4,Μουσικά όργανα με ηλεκτρικό ενισχυτή,Electrically amplified musical instruments
37315100-0,37315000-9,5,Συνθεσάιζερ,Synthesisers
37316000-6,37310000-4,4,Κρουστά μουσικά όργανα,Percussion instruments
37316100-7,37316000-6,5,Κύμβαλα,Cymbals
37316200-8,37316000-6,5,Καμπάνες (όργανα),Bells (instrument)
37316300-9,37316000-6,5,Ντέφια,Tambourines
37316400-0,37316000-6,5,Καστανιέτες,Castanets
37316500-1,37316000-6,5,Τύμπανα (μουσικά όργανα),Drums (instrument)
37316600-2,37316000-6,5,Ξυλόφωνα,Xylophones
37316700-3,37316000-6,5,Βιμπράφωνα,Vibraphones
37320000-7,37300000-1,3,Μέρη και εξαρτήματα μουσικών οργάνων,Parts and accessories of musical instruments
37321000-4,37320000-7,4,Εξαρτήματα μουσικών οργάνων,Accessories of musical instruments
37321100-5,37321000-4,5,Μετρονόμοι,Metronomes
37321200-6,37321000-4,5,Γλωττίδες,Reeds
37321300-7,37321000-4,5,Εξαρτήματα έγχορδων μουσικών οργάνων,Accessories for stringed instruments
37321400-8,37321000-4,5,Χορδές ή πένες οργάνων,Instrument strings or picks
37321500-9,37321000-4,5,Εξαρτήματα κρουστών μουσικών οργάνων,Percussion instrument accessory
37321600-0,37321000-4,5,Σάκοι ή θήκες ή εξαρτήματα μουσικών οργάνων,Musical instrument pouches or cases or accessories
37321700-1,37321000-4,5,Βάσεις ή αναλόγια μουσικών οργάνων,Musical instrument stands or sheet holders
37322000-1,37320000-7,4,Μέρη μουσικών οργάνων,Parts of musical instruments
37322100-2,37322000-1,5,Κλειδιά κουρδίσματος,Tuning pins
37322200-3,37322000-1,5,Μουσικά κουτιά ή μηχανισμοί,Music boxes or mechanisms
37322300-4,37322000-1,5,Επιστόμια,Mouthpieces
37322400-5,37322000-1,5,Φίμωτρα,Mutes
37322500-6,37322000-1,5,Διαπασών,Tuning bars
37322600-7,37322000-1,5,Μπαγκέτες διευθυντή ορχήστρας,Conductors' batons
37322700-8,37322000-1,5,Σφουγγαράκια για πλήκτρα φλάουτου πίκολο,Piccolo pads
37400000-2,37000000-8,2,Αθλητικά είδη και εξοπλισμός,Sports goods and equipment
37410000-5,37400000-2,3,Εξοπλισμός για αθλήματα υπαίθριων χώρων,Outdoor sports equipment
37411000-2,37410000-5,4,Χειμερινός εξοπλισμός,Winter equipments
37411100-3,37411000-2,5,Εξοπλισμός χιονοδρομίας και χιονοσανίδας,Skiing and snowboarding equipment
37411110-6,37411100-3,6,Μπότες χιονοδρομίας,Ski boots
37411120-9,37411100-3,6,Χιονοπέδιλα,Skis
37411130-2,37411100-3,6,Μπαστούνια χιονοδρομίας,Ski poles
37411140-5,37411100-3,6,Δέστρες,Bindings
37411150-8,37411100-3,6,Σανίδες χιονοδρομίας,Snowboards
37411160-1,37411100-3,6,Ρουχισμός χιονοδρομίας,Skiing outfits
37411200-4,37411000-2,5,Εξοπλισμός πατινάζ και χόκεϊ επί πάγου,Skating and ice hockey equipment
37411210-7,37411200-4,6,Δίσκοι χόκεϊ,Hockey pucks
37411220-0,37411200-4,6,Παγοπέδιλα,Ice skates
37411230-3,37411200-4,6,Μπαστούνια παικτών του χόκεϊ,Hockey sticks
37411300-5,37411000-2,5,Ρουχισμός και εξοπλισμός πολικού ψύχους,Arctic clothing and equipment
37412000-9,37410000-5,4,Εξοπλισμός θαλασσίων σπορ,Water-sports equipment
37412100-0,37412000-9,5,Πέδιλα θαλασσίου σκι,Water skis
37412200-1,37412000-9,5,Εξοπλισμός ελεύθερης κατάδυσης και κατάδυσης με αναπνευστήρα,Scuba and snorkelling gear
37412210-4,37412200-1,6,Ρυθμιστές πλευστότητας,Buoyancy compensators
37412220-7,37412200-1,6,Αναπνευστικές φιάλες κατάδυσης,Scuba tanks
37412230-0,37412200-1,6,Ρυθμιστές πίεσης για ελεύθερη κατάδυση,Scuba regulators
37412240-3,37412200-1,6,Όργανα ή εξοπλισμός καταδύσεων,Diving instruments or accessories
37412241-0,37412240-3,7,Αναπνευστικές συσκευές καταδύσεων,Breathing apparatus for diving
37412242-7,37412240-3,7,Στολές καταδύσεων,Diving wear
37412243-4,37412240-3,7,Προστατευτικές στολές καταδύσεων,Immersion suits
37412250-6,37412200-1,6,"Μάσκες, βατραχοπέδιλα ή αναπνευστήρες","Masks, fins or snorkels"
37412260-9,37412200-1,6,Στολές κατάδυσης υγρού τύπου,Wetsuits
37412270-2,37412200-1,6,Στεγανές στολές κατάδυσης,Dry suits
37412300-2,37412000-9,5,Εξοπλισμός και εξαρτήματα κυματοδρομίας και κολύμβησης,Surf and swim equipment and accessories
37412310-5,37412300-2,6,"Μονές σανίδες κυματοδρομίας, σανίδες κυματοδρομίας σε γονατιστή στάση ή μισές σανίδες κυματοδρομίας","Wakeboards, kneeboards or boogieboards"
37412320-8,37412300-2,6,Εξολισμός ιστιοσανίδων,Windsurfing equipment
37412330-1,37412300-2,6,Ιστιοσανίδες,Surfboards
37412340-4,37412300-2,6,Γυαλιά κολύμβησης ή βατραχοπέδιλα,Swim goggles or swim fins
37412350-7,37412300-2,6,Εξοπλισμός θαλάσσιου αλεξιπτωτισμού,Parasailing equipment
37413000-6,37410000-5,4,Είδη κυνηγίου ή ψαρέματος,Articles for hunting or fishing
37413100-7,37413000-6,5,Σύνεργα ψαρέματος,Fishing tackle
37413110-0,37413100-7,6,Καλάμια ψαρέματος,Fishing rods
37413120-3,37413100-7,6,Πετονιές ψαρέματος,Fishing line
37413130-6,37413100-7,6,Έλικτρα πετονιάς,Fishing reels
37413140-9,37413100-7,6,Ψεύτικα δολώματα ψαρέματος,Fishing lures
37413150-2,37413100-7,6,Δολώματα ψαρέματος,Fishing bait
37413160-5,37413100-7,6,Βαρίδια ή μολυβήθρες ψαρέματος,Fishing weights or sinkers
37413200-8,37413000-6,5,Προϊόντα κηνυγιού,Hunting products
37413210-1,37413200-8,6,Κράχτες,Animal calls
37413220-4,37413200-8,6,Ομοιώματα,Sporting decoys
37413230-7,37413200-8,6,Παγίδες,Sporting traps
37413240-0,37413200-8,6,Κάνες όπλων,Gun barrel
37414000-3,37410000-5,4,Είδη κατασκήνωσης,Camping goods
37414100-4,37414000-3,5,Στρώματα ύπνου,Sleeping pads
37414200-5,37414000-3,5,Φορητοί καταψύκτες,Ice chests
37414300-6,37414000-3,5,Σετ επισκευής αντίσκηνου,Tent repair kits
37414600-9,37414000-3,5,Εστίες μαγειρέματος για κατασκήνωση ή υπαίθριους χώρους,Camping or outdoor stoves
37414700-0,37414000-3,5,Θερμομονωτικά δοχεία ποτών,Drink coolers
37414800-1,37414000-3,5,Στολές επιβίωσης,Survival suits
37415000-0,37410000-5,4,Αθλητικός εξοπλισμός,Athletics equipment
37416000-7,37410000-5,4,Εξοπλισμός αναψυχής,Leisure equipment
37420000-8,37400000-2,3,Εξοπλισμός γυμναστηρίου,Gymnasium equipment
37421000-5,37420000-8,4,Τάπητες γυμναστηρίων,Gymnasium mats
37422000-2,37420000-8,4,Ασύμμετροι ζυγοί ή δοκοί ισορροπίας,Gymnastic bars or beams
37422100-3,37422000-2,5,Ασύμμετροι ζυγοί,Gymnastic bars
37422200-4,37422000-2,5,Δοκοί ισορροπίας,Gymnastic beams
37423000-9,37420000-8,4,Σχοινιά κρίκων ή κρίκοι ή εξαρτήματα αναρρίχησης για ενόργανη γυμναστική,Gymnastic ropes or rings or climbing accessories
37423100-0,37423000-9,5,Σχοινιά κρίκων ενόργανης γυμναστικής,Gymnastic ropes
37423200-1,37423000-9,5,Κρίκοι ενόργανης γυμναστικής,Gymnastic rings
37423300-2,37423000-9,5,Εξαρτήματα αναρρίχησης για ενόργανη γυμναστική,Gymnastic climbing accessories
37424000-6,37420000-8,4,Εξπλισμός άλματος ίππου ενόργανης γυμναστικής,Gymnastic vaulting equipment
37425000-3,37420000-8,4,Τραμπολίνα ενόργανης γυμναστικής,Gymnastic trampolines
37426000-0,37420000-8,4,Εξοπλισμός δοκού ισορροπίας,Balance equipment
37430000-1,37400000-2,3,Εξοπλισμός πυγμαχίας,Boxing equipment
37431000-8,37430000-1,4,Ρινγκ πυγμαχίας,Boxing rings
37432000-5,37430000-1,4,Σάκοι δύναμης,Punching bags
37433000-2,37430000-1,4,Γάντια πυγμαχίας,Boxing gloves
37440000-4,37400000-2,3,Εξοπλισμός γυμναστικής,Fitness equipments
37441000-1,37440000-4,4,Εξοπλισμός αεροβικής γυμναστικής,Aerobic training equipment
37441100-2,37441000-1,5,Κυλιόμενοι διάδρομοι,Treadmills
37441200-3,37441000-1,5,Προσομοιωτές ανάβασης σκαλών,Stair climbers
37441300-4,37441000-1,5,Στατικά ποδήλατα,Stationary bicycles
37441400-5,37441000-1,5,Κωπηλατικές μηχανές,Rowing machines
37441500-6,37441000-1,5,Σχοινάκια,Jump ropes
37441600-7,37441000-1,5,Τραμπολίνα άσκησης,Exercise trampolines
37441700-8,37441000-1,5,Μπάλες άσκησης,Exercise balls
37441800-9,37441000-1,5,Εξοπλισμός αεροβικής άσκησης τύπου σκάλας (στεπ),Step aerobic equipment
37441900-0,37441000-1,5,Συνδυασμός οργάνων γυμναστικής,Cross trainers
37442000-8,37440000-4,4,Εξοπλισμός άρσης βαρών και προπόνησης με αντιστάσεις,Weight and resistance training equipment
37442100-8,37442000-8,5,Αλτήρες,Dumbbells
37442200-8,37442000-8,5,Ρυθμιζόμενα βάρη,Barbells
37442300-8,37442000-8,5,Μηχανές προπόνησης με αντίσταση για το επάνω και το κάτω μέρος του σώματος,Lower and upper body resistance machines
37442310-4,37442300-8,6,Μηχανές προπόνησης με αντίσταση για το κάτω μέρος του σώματος,Lower body resistance machines
37442320-7,37442300-8,6,Μηχανές προπόνησης με αντίσταση για το επάνω μέρος του σώματος,Upper body resistance machines
37442400-8,37442000-8,5,Πάγκοι άρσης βαρών ή σχάρες στερέωσης βαρών,Weight benches or racks
37442500-8,37442000-8,5,Βάρη γυμναστικής,Fitness weights
37442600-8,37442000-8,5,Μηχανές γυμναστικής με τη μέθοδο Pilates,Pilates machines
37442700-8,37442000-8,5,Όργανα ενδυνάμωσης λαβής,Grip strengtheners
37442800-8,37442000-8,5,Λάστιχα και σχοινάκια αντίστασης,Resistance bands and tubes
37442810-9,37442800-8,6,Λάστιχα αντίστασης,Resistance bands
37442820-2,37442800-8,6,Σχοινάκια αντίστασης,Resistance tubes
37442900-8,37442000-8,5,Πολυόργανα γυμναστικής,Multi gyms
37450000-7,37400000-2,3,Εξοπλισμός υπαίθριων αθλημάτων και αθλημάτων γηπέδου,Field and court sports equipment
37451000-4,37450000-7,4,Εξοπλισμός υπαίθριων αθλημάτων,Field sports equipment
37451100-5,37451000-4,5,Μπάλες του μπέιζμπολ,Baseballs
37451110-8,37451100-5,6,Προστατευτικά πλέγματα ή φράχτες του μπέιζμπολ,Baseball backstops or fences
37451120-1,37451100-5,6,Βάσεις του μπέιζμπολ,Baseball bases
37451130-4,37451100-5,6,Μπαστούνια του μπέιζμπολ,Baseball bats
37451140-7,37451100-5,6,Βοηθήματα προπόνησης μπέιζμπολ,Baseball batting aids
37451150-0,37451100-5,6,Γάντια του μπέιζμπολ,Baseball gloves
37451160-3,37451100-5,6,Προστατευτικός εξοπλισμός μπέιζμπολ ή σόφτμπολ,Baseball or softball protective gear
37451200-6,37451000-4,5,Χόκεϊ επί χόρτου,Field hockey equipment
37451210-9,37451200-6,6,Μπάλες χόκεϊ επί χόρτου,Field hockey balls
37451220-2,37451200-6,6,Μπαστούνια χόκεϊ επί χόρτου,Field hockey sticks
37451300-7,37451000-4,5,Μπάλες αμερικανικού ποδοσφαίρου,Footballs
37451310-0,37451300-7,6,Προσομοιωτές αμυντικών αντίπαλης ομάδας για προπόνηση αμερικανικού ποδοσφαίρου,Football blocking sleds
37451320-3,37451300-7,6,Υποστηρίγματα τοποθέτησης μπάλας για λάκτισμα στο αμερικανικό ποδόσφαιρο,Football kicking tees
37451330-6,37451300-7,6,Προσομοιωτές αντικανονικού μαρκαρίσματος για προπόνηση στο αμερικανικό ποδόσφαιρο,Football tackling dummies
37451340-9,37451300-7,6,Εξοπλισμός σημαιών,Flag football gear
37451400-8,37451000-4,5,Μπάλες του λακρός,Lacrosse balls
37451500-9,37451000-4,5,Μπαστούνια του λακρός,Lacrosse sticks
37451600-0,37451000-4,5,Μηχανές ρίψης μπάλας,Pitching machines
37451700-1,37451000-4,5,Μπάλες ποδοσφαίρου,Soccer balls
37451710-4,37451700-1,6,Εξοπλισμός σήμανσης γηπέδων ποδοσφαίρου,Soccer field marking equipment
37451720-7,37451700-1,6,Προστατευτικός εξοπλισμός ποδοσφαίρου,Soccer protective equipment
37451730-0,37451700-1,6,Βοηθήματα προπόνησης ποδοσφαίρου,Soccer training aids
37451800-2,37451000-4,5,Μπάλες του σόφτμπολ,Softballs
37451810-5,37451800-2,6,Μπαστούνια του σόφτμπολ,Softball bats
37451820-8,37451800-2,6,Γάντια του σόφτμπολ,Softball gloves
37451900-3,37451000-4,5,Χειροσφαίριση,Handballs
37451920-9,37451900-3,6,Σχολικά σετ χειροσφαίρισης,Team handball school sets
37452000-1,37450000-7,4,Ρακέτες και εξοπλισμός αθλημάτων γηπέδου,Racquet and court sports equipment
37452100-2,37452000-1,5,Μπάντμιντον,Badminton equipment
37452110-5,37452100-2,6,Μπάλες με φτερά ή μπάλες του μπάντμιντον,Badminton birdies or shuttlecocks
37452120-8,37452100-2,6,Ρακέτες του μπάντμιντον,Badminton rackets
37452200-3,37452000-1,5,Μπάλες καλαθοσφαίρισης,Basketballs
37452210-6,37452200-3,6,Πλήρη συστήματα παιχνιδιού για καλαθοσφαίριση,Basketball complete game systems
37452300-4,37452000-1,5,Προστατευτικός εξοπλισμός για χόκεϊ κλειστού χώρου,Floor hockey protective equipment
37452400-5,37452000-1,5,"Μπαλάκια, λαβές και πλέγματα (χορδές) για ρακέτες του ράκετμπολ","Racquetball balls, grips and strings"
37452410-8,37452400-5,6,Μπαλάκια του ράκετμπολ,Racquetball balls
37452420-1,37452400-5,6,Λαβές για ρακέτες του ράκετμπολ,Racquetball grips
37452430-4,37452400-5,6,Πλέγματα (χορδές) για ρακέτες του ράκετμπολ,Racquetball strings
37452500-6,37452000-1,5,Ρακέτες του ράκετμπολ,Racquetball rackets
37452600-7,37452000-1,5,Σκουός,Squash equipment
37452610-0,37452600-7,6,Μπάλες του σκουός,Squash balls
37452620-3,37452600-7,6,Ρακέτες του σκουός,Squash racquets
37452700-8,37452000-1,5,Αντισφαίριση,Tennis equipment
37452710-1,37452700-8,6,Μπάλες αντισφαίρισης,Tennis balls
37452720-4,37452700-8,6,Εξοπλισμός γηπέδων αντισφαίρισης,Tennis court equipment
37452730-7,37452700-8,6,Ρακέτες αντισφαίρισης,Tennis racquets
37452740-0,37452700-8,6,Βοηθήματα προπόνησης για αντισφαίριση,Tennis training aids
37452800-9,37452000-1,5,Μπάλες και στύλοι tetherball (παιχνίδι για δύο με μπάλα δεμένη με σχοινί σε στύλο όπου ο σκοπός είναι να τυλιχτεί πλήρως το σχοινί γύρω από το στύλο),Tether balls and poles
37452810-2,37452800-9,6,Μπάλες tetherball,Tether balls
37452820-5,37452800-9,6,Στύλοι tetherball,Tether poles
37452900-0,37452000-1,5,Μπάλες πετοσφαίρισης,Volleyballs
37452910-3,37452900-0,6,Βασικός εξοπλισμός γυμναστηρίου πετοσφαίρισης,Volleyball gymnasium standards
37452920-6,37452900-0,6,Αποθηκευτικές διατάξεις για μπάλες και δίχτυα πετοσφαίρισης,Volleyball storage for balls or nets
37453000-8,37450000-7,4,Εξοπλισμός αθλημάτων στίβου,Track sports equipment
37453100-9,37453000-8,5,Ακόντια,Javelins
37453200-0,37453000-8,5,Πήχεις αλμάτων,Jumping bars
37453300-1,37453000-8,5,Δίσκοι,Discus
37453400-2,37453000-8,5,Σφαίρες,Shotputs
37453500-3,37453000-8,5,Κοντάρια άλματος επί κοντώ,Vaulting poles
37453600-4,37453000-8,5,Εμπόδια,Hurdles
37453700-5,37453000-8,5,Σκυτάλες,Batons
37460000-0,37400000-2,3,Εξοπλισμός για παιχνίδια με στόχους και επιτραπέζια παιχνίδια,Target and table games and equipments
37461000-7,37460000-0,4,Επιτραπέζια παιχνίδια και σχετικός εξοπλισμός,Table games and equipment
37461100-8,37461000-7,5,Τραπέζια ή εξαρτήματα για χόκεϊ με αέρα,Air hockey tables or accessories
37461200-9,37461000-7,5,Μπάλες επιτραπέζιου ποδοσφαίρου,Foosballs
37461210-2,37461200-9,6,Αναπληρωματικοί παίκτες επιτραπέζιου ποδοσφαίρου,Foosball replacement players
37461220-5,37461200-9,6,Τραπέζια επιτραπέζιου ποδοσφαίρου,Foosball tables
37461300-0,37461000-7,5,Στέκες μπιλιάρδου,Pool cues
37461400-1,37461000-7,5,Shuffleboard (επιτραπέζιο παιχνίδι στο οποίο οι παίκτες σπρώχνουν δίσκους ή βάρη σε μαρκαρισμένα πεδία βαθμολογίας στην απέναντι πλευρά του τραπεζιού),Shuffleboard equipment
37461500-2,37461000-7,5,Τραπέζια επιτραπέζιας αντισφαίρισης,Tennis tables
37461510-5,37461500-2,6,Μπαλάκια επιτραπέζιας αντισφαίρισης,Table tennis balls
37461520-8,37461500-2,6,Ρακέτες επιτραπέζιας αντισφαίρισης,Table tennis paddles
37462000-4,37460000-0,4,Παιχνίδια με στόχους και σχετικός εξοπλισμός,Target games and equipment
37462100-5,37462000-4,5,Εξοπλισμός τοξοβολίας,Archery equipments
37462110-8,37462100-5,6,Προφυλακτήρες χεριού για τοξοβολία,Archery arm guards
37462120-1,37462100-5,6,Βέλη τοξοβολίας,Archery arrows
37462130-4,37462100-5,6,Προστατευτικά πλέγματα τοξοβολίας,Archery backstops
37462140-7,37462100-5,6,Χορδές τόξων τοξοβολίας,Archery bow strings
37462150-0,37462100-5,6,Τόξα τοξοβολίας,Archery bows
37462160-3,37462100-5,6,Γάντια τοξοβολίας,Archery gloves
37462170-6,37462100-5,6,Βάσεις στόχων τοξοβολίας,Archery target stands
37462180-9,37462100-5,6,Στόχοι τοξοβολίας,Archery targets
37462200-6,37462000-4,5,Παιχνίδι με βελάκια,Darts
37462210-9,37462200-6,6,Στόχοι για παιχνίδι με βελάκια,Dart boards
37462300-7,37462000-4,5,Βελάκια,Throwing targets
37462400-8,37462000-4,5,Εξοπλισμός σκοποβολής επί εκτοξευόμενων αντικειμένων,Trapshooting equipment
37470000-3,37400000-2,3,Εξοπλισμός γκολφ και μπόουλινγκ,Golf and bowling equipments
37471000-0,37470000-3,4,Εξοπλισμός γκολφ,Golf equipment
37471100-1,37471000-0,5,Σάκοι του γκολφ,Golf bags
37471200-2,37471000-0,5,Μπάλες του γκολφ,Golf balls
37471300-3,37471000-0,5,Μπαστούνια του γκολφ,Golf clubs
37471400-4,37471000-0,5,Υποστηρίγματα τοποθέτησης μπάλας του γκολφ,Golf tees
37471500-5,37471000-0,5,Καλύμματα άκρου για μπαστούνια του γκολφ,Golf club head covers
37471600-6,37471000-0,5,Γάντια του γκολφ,Golf gloves
37471700-7,37471000-0,5,Διατάξεις επιδιόρθωσης του τμήματος του χλοοτάπητα που βγαίνει κατά τη διάρκεια του χτυπήματος,Divot fixers
37471800-8,37471000-0,5,Μονοκυάλια για γήπεδα του γκολφ,Golfscopes
37471900-9,37471000-0,5,Προσομοιωτές τρύπας του γκολφ,Golf putting partner
37472000-7,37470000-3,4,Εξοπλισμός μπόουλινγκ,Bowling equipments
37480000-6,37400000-2,3,Μηχανές ή συσκευές για εξοπλισμό δρατηριοτήτων ελεύθερου χρόνου,Machinery or apparatus for leisure equipment
37481000-3,37480000-6,4,Μηχανές διατήρησης πάγου,Ice maintenance machines
37482000-0,37480000-6,4,Πίνακες ανακοινώσεων με πληροφορίες σχετικά με αθλήματα,Sports information billboards
37500000-3,37000000-8,2,Επιτραπέζια και παιδικά παιχνίδια· μέσα διασκέδασης για υπαίθριους χώρους πανηγυριών,Games and toys; fairground amusements
37510000-6,37500000-3,3,Κούκλες,Dolls
37511000-3,37510000-6,4,Κουκλόσπιτα,Doll houses
37512000-0,37510000-6,4,Μέρη ή εξαρτήματα για κούκλες,Doll parts or accessories
37513000-7,37510000-6,4,Μαριονέτες,Puppets
37513100-8,37513000-7,5,Κουκλοθέατρα,Puppet theatres
37520000-9,37500000-3,3,Παιδικά παιχνίδια,Toys
37521000-6,37520000-9,4,Παιδικά μουσικά όργανα,Toy musical instruments
37522000-3,37520000-9,4,Τροχοφόρα παιχνίδια,Wheeled toys
37523000-0,37520000-9,4,Παζλ,Puzzles
37524000-7,37520000-9,4,Παιχνίδια,Games
37524100-8,37524000-7,5,Εκπαιδευτικά παιχνίδια,Educational games
37524200-9,37524000-7,5,Επιτραπέζια παιχνίδια,Board games
37524300-0,37524000-7,5,Κλασικά παιχνίδια,Classic games
37524400-1,37524000-7,5,Παιχνίδια συνεργασίας,Collaborative games
37524500-2,37524000-7,5,Παιχνίδια στρατηγικής,Strategy games
37524600-3,37524000-7,5,Παιχνίδια μνήμης,Memory games
37524700-4,37524000-7,5,Εξαρτήματα παιχνιδιών,Game accessories
37524800-5,37524000-7,5,Παιχνίδια λαχειοφόρου αγοράς,Lotto games
37524810-8,37524800-5,6,Δελτία λαχειοφόρου αγοράς,Lottery formulary
37524900-6,37524000-7,5,Σετ παιχνιδιών,Game kits
37525000-4,37520000-9,4,Μπαλόνια και μπάλες (παιχνίδια),Toy balloons and balls
37526000-1,37520000-9,4,Κουβαδάκια,Toy pails
37527000-8,37520000-9,4,Τρένα και οχήματα (παιχνίδια),Toy trains and vehicles
37527100-9,37527000-8,5,Τρένα (παιχνίδια),Toy trains
37527200-0,37527000-8,5,Οχήματα (παιχνίδια),Toy vehicles
37528000-5,37520000-9,4,Όπλα (παιχνίδια),Toy weapons
37529000-2,37520000-9,4,Φουσκωτά παιχνίδια και παιχνίδια με αναβάτη,Inflatable and riding toys
37529100-3,37529000-2,5,Φουσκωτά παιχνίδια,Inflatable toys
37529200-4,37529000-2,5,Παιχνίδια με αναβάτη,Riding toys
37530000-2,37500000-3,3,"Είδη για λούνα παρκ, για επιτραπέζια παιχνίδια ή παιχνίδια συναναστροφής","Articles for funfair, table or parlour games"
37531000-9,37530000-2,4,Παιγνιόχαρτα,Playing cards
37532000-6,37530000-2,4,Ηλεκτρονικά παιχνίδια,Video games
37533000-3,37530000-2,4,Μπιλιάρδα,Billiards
37533100-4,37533000-3,5,Μπάλες του μπιλιάρδου,Billiard balls
37533200-5,37533000-3,5,Κιμωλία μπιλιάρδου,Billiard chalk
37533300-6,37533000-3,5,Μύτες για στέκες μπιλιάδου,Billiard cue tips
37533400-7,37533000-3,5,Τρίγωνα μπιλιάρδου,Billiard racks
37533500-8,37533000-3,5,Τραπέζια μπιλιάρδου,Billiard tables
37534000-0,37530000-2,4,Παιχνίδια που λειτουργούν με τη ρίψη κέρματος ή την εισαγωγή δισκέτας,Coin- or disc-operated games
37535000-7,37530000-2,4,"Περιστρεφόμενες εξέδρες, κούνιες, περίπτερα σκοποβολής και άλλα μέσα διασκέδασης για υπαίθριους χώρους πανηγυριών","Roundabouts, swings, shooting galleries and other fairground amusements"
37535100-8,37535000-7,5,Κούνιες,Swings
37535200-9,37535000-7,5,Εξοπλισμός παιδικής χαράς,Playground equipment
37535210-2,37535200-9,6,Κούνιες παιδικής χαράς,Playground swings
37535220-5,37535200-9,6,Εξολισμός αναρρίχησης για παιδικές χαρές,Playground climbing apparatus
37535230-8,37535200-9,6,Γύροι για παιδικές χαρές,Playground merry go rounds
37535240-1,37535200-9,6,Τσουλήθρες για παιδικές χαρές,Playground slides
37535250-4,37535200-9,6,Τραμπάλες για παιδικές χαρές,Playground see saws
37535260-7,37535200-9,6,Σήραγγες για παιδικές χαρές,Playground tunnels
37535270-0,37535200-9,6,Κιβώτια άμμου για παιδικές χαρές,Playground sandboxes
37535280-3,37535200-9,6,Κερκίδες για παιδικές χαρές,Playground bleachers
37535290-6,37535200-9,6,Εξοπλισμός αναρρίχησης σε τοίχο και αναρρίχησης με σχοινιά,Wall and rope climbing equipment
37535291-3,37535290-6,7,Εξοπλισμός αναρρίχησης σε τοίχο,Wall climbing equipment
37535292-0,37535290-6,7,Εξοπλισμός αναρρίχησης με σχοινιά,Rope climbing equipment
37540000-5,37500000-3,3,Μηχανές τυχερών παιχνιδιών,Gambling machines
37800000-6,37000000-8,2,Είδη χειροτεχνίας και καλλιτεχνίας,Handicraft and art supplies
37810000-9,37800000-6,3,Είδη χειροτεχνίας,Handicraft supplies
37820000-2,37800000-6,3,Υλικά καλλιτεχνίας,Art supplies
37821000-9,37820000-2,4,Πινέλα καλλιτεχνών,Artists' brushes
37822000-6,37820000-2,4,Στυλογράφοι σχεδιασμού,Drawing pens
37822100-7,37822000-6,5,Κραγιόνια,Crayons
37822200-8,37822000-6,5,Κάρβουνο σχεδίασης,Drawing charcoal
37822300-9,37822000-6,5,Κιμωλίες,Chalks
37822400-0,37822000-6,5,Παστέλ,Pastels
37823000-3,37820000-2,4,Λαδόχαρτο και άλλα είδη χαρτιού,Greaseproof paper and other paper items
37823100-4,37823000-3,5,Λαδόχαρτο,Greaseproof paper
37823200-5,37823000-3,5,Χαρτί ιχνογραφίας,Tracing paper
37823300-6,37823000-3,5,Υαλόχαρτο,Glassine paper
37823400-7,37823000-3,5,Διαφανές ή ημιδιαφανές χαρτί,Transparent or translucent paper
37823500-8,37823000-3,5,Χαρτί καλλιτεχνίας και χειροτεχνίας,Art and craft paper
37823600-9,37823000-3,5,Χαρτί σχεδιασμού,Drawing paper
37823700-0,37823000-3,5,Χαρτογραφικό χαρτί,Paper for maps
37823800-1,37823000-3,5,Πολύπτυχο χαρτί και χαρτόνι,Multi-ply paper and paperboard
37823900-2,37823000-3,5,Χαρτί περιτυλίγματος,Kraftliner
38000000-5,,1,"Εξοπλισμός εργαστηριακός, οπτικός και ακριβείας (εκτός από γυαλιά)","Laboratory, optical and precision equipments (excl. glasses)"
38100000-6,38000000-5,2,Όργανα πλοήγησης και μετεωρολογίας,Navigational and meteorological instruments
38110000-9,38100000-6,3,Όργανα ναυσιπλοΐας,Navigational instruments
38111000-6,38110000-9,4,Εξοπλισμός προσανατολισμού,Direction-finding equipment
38111100-7,38111000-6,5,Πυξίδες,Compasses
38111110-0,38111100-7,6,Εξαρτήματα πυξίδων,Compass accessories
38112000-3,38110000-9,4,Εξάντες,Sextants
38112100-4,38112000-3,5,Συστήματα παγκόσμιας πλοήγησης και παγκόσμιου προσδιορισμού θέσης (GPS ή ισοδύναμα),Global navigation and positioning systems (GPS or equivalent)
38113000-0,38110000-9,4,Συσκευές ηχητικού εντοπισμού,Sonars
38114000-7,38110000-9,4,Ηχοβολίδες,Echo sounders
38115000-4,38110000-9,4,Συσκευές ραντάρ,Radar apparatus
38115100-5,38115000-4,5,Εξοπλισμός παρακολούθησης με ραντάρ,Radar surveillance equipment
38120000-2,38100000-6,3,Μετεωρολογικά όργανα,Meteorological instruments
38121000-9,38120000-2,4,Ανεμόμετρα,Anemometers
38122000-6,38120000-2,4,Βαρόμετρα,Barometers
38123000-3,38120000-2,4,Συσκευές καταγραφής δεδομένων κατακρήμνισης και εξάτμισης,Precipitation or evaporation recorders
38124000-0,38120000-2,4,Συσκευές ραδιοβόλησης,Radiosonde apparatus
38125000-7,38120000-2,4,Συσκευές καταγραφής δεδομένων βροχόπτωσης,Rainfall recorders
38126000-4,38120000-2,4,Επίγειες συσκευές παρατήρησης,Surface observing apparatus
38126100-5,38126000-4,5,Επίγειες συσκευές παρατήρησης φαινομένων κατακρήμνισης και εξάτμισης,Precipitation or evaporation surface observing apparatus
38126200-6,38126000-4,5,Επίγειες συσκευές παρατήρησης ηλιακής ακτινοβολίας,Solar radiation surface observing apparatus
38126300-7,38126000-4,5,Επίγειες συσκευές παρατήρησης θερμοκρασίας ή υγρασίας,Temperature or humidity surface observing apparatus
38126400-8,38126000-4,5,Επίγειες συσκευές παρατήρησης ανεμομετρικών στοιχείων,Wind surface observing apparatus
38127000-1,38120000-2,4,Μετεωρολογικοί σταθμοί,Weather stations
38128000-8,38120000-2,4,Εξαρτήματα μετεωρολογικών οργάνων,Meteorology instrument accessories
38200000-7,38000000-5,2,Γεωλογικά και γεωφυσικά όργανα,Geological and geophysical instruments
38210000-0,38200000-7,3,Γεωλογικές πυξίδες,Geological compasses
38220000-3,38200000-7,3,Συσκευές γεωλογικής διασκόπησης,Geological prospecting apparatus
38221000-0,38220000-3,4,Συστήματα γεωγραφικών πληροφοριών (GIS ή ισοδύναμα),Geographic information systems (GIS or equivalent)
38230000-6,38200000-7,3,Ηλεκτρομαγνητικά γεωφυσικά όργανα,Electromagnetic geophysical instruments
38240000-9,38200000-7,3,Γεωφυσικά όργανα βαρύτητας,Gravity geophysical instruments
38250000-2,38200000-7,3,Γεωφυσικά όργανα επαγόμενης πόλωσης (IP),Induced polarization IP geophysical instruments
38260000-5,38200000-7,3,Γεωφυσικά όργανα μαγνητομέτρων,Magnetometer geophysical instruments
38270000-8,38200000-7,3,Γεωφυσικά όργανα ειδικής αντίστασης,Resistivity geophysical instruments
38280000-1,38200000-7,3,Βαρύμετρα,Gravimeters
38290000-4,38200000-7,3,"Όργανα και συσκευές τοπογραφικά, υδρογραφικά, ωκεανογραφικά και υδρολογικά","Surveying, hydrographic, oceanographic and hydrological instruments and appliances"
38291000-1,38290000-4,4,Συσκευές τηλεμετρίας,Telemetry apparatus
38292000-8,38290000-4,4,Υδρογραφικά όργανα,Hydrographic instruments
38293000-5,38290000-4,4,Σεισμολογικός εξοπλισμός,Seismic equipment
38294000-2,38290000-4,4,Θεοδόλιχοι,Theodolites
38295000-9,38290000-4,4,Τοπογραφικός εξοπλισμός,Topography equipment
38296000-6,38290000-4,4,Όργανα γεωδαισίας,Surveying instruments
38300000-8,38000000-5,2,Όργανα μετρήσεων,Measuring instruments
38310000-1,38300000-8,3,Ζυγοί ακριβείας,Precision balances
38311000-8,38310000-1,4,Ηλεκτρονικοί ζυγοί και εξαρτήματα,Electronic scales and accessories
38311100-9,38311000-8,5,Ηλεκτρονικοί αναλυτικοί ζυγοί,Electronic analytical balances
38311200-0,38311000-8,5,Ηλεκτρονικοί τεχνικοί ζυγοί,Electronic technical balances
38311210-3,38311200-0,6,Πρότυπα βάρη βαθμονόμησης,Calibration weights
38320000-4,38300000-8,3,Τραπέζια σχεδίασης,Drafting tables
38321000-1,38320000-4,4,Μηχανές σχεδίασης,Drafting machines
38322000-8,38320000-4,4,Παντογράφοι,Pantographs
38323000-5,38320000-4,4,Λογαριθμικοί κανόνες,Slide rules
38330000-7,38300000-8,3,Όργανα χειρός για τη μέτρηση του μήκους,Hand-held instruments for measuring length
38331000-4,38330000-7,4,Ορθογωνιόμετρα,Squares
38340000-0,38300000-8,3,Όργανα μέτρησης μεγεθών,Instruments for measuring quantities
38341000-7,38340000-0,4,Όργανα μέτρησης ακτινοβολίας,Apparatus for measuring radiation
38341100-8,38341000-7,5,Καταγραφείς δέσμης ηλεκτρονίων,Electron-beam recorders
38341200-9,38341000-7,5,Δοσιμετρητές ακτινοβολίας,Radiation dosimeters
38341300-0,38341000-7,5,Όργανα μέτρησης ηλεκτρικών μεγεθών,Instruments for measuring electrical quantities
38341310-3,38341300-0,6,Αμπερόμετρα,Ammeters
38341320-6,38341300-0,6,Βολτόμετρα,Voltmeters
38341400-1,38341000-7,5,Μετρητές Γκάιγκερ,Geiger counters
38341500-2,38341000-7,5,Συσκευές παρακολούθησης της μόλυνσης,Contamination-monitoring devices
38341600-3,38341000-7,5,Συσκευές παρακολούθησης της ακτινοβολίας,Radiation monitors
38342000-4,38340000-0,4,Παλμοσκόπια,Oscilloscopes
38342100-5,38342000-4,5,Παλμογράφοι,Oscillographs
38343000-1,38340000-0,4,Εξοπλισμός παρακολούθησης σφάλματος,Error-monitoring equipment
38344000-8,38340000-0,4,Συσκευές παρακολούθησης της ρύπανσης,Pollution-monitoring devices
38400000-9,38000000-5,2,Όργανα ελέγχου φυσικών χαρακτηριστικών,Instruments for checking physical characteristics
38410000-2,38400000-9,3,Όργανα μέτρησης,Metering instruments
38411000-9,38410000-2,4,Υδρόμετρα,Hydrometers
38412000-6,38410000-2,4,Θερμόμετρα,Thermometers
38413000-3,38410000-2,4,Πυρόμετρα,Pyrometers
38414000-0,38410000-2,4,Υγρόμετρα,Hygrometers
38415000-7,38410000-2,4,Ψυχρόμετρα,Psychrometers
38416000-4,38410000-2,4,Πεχάμετρα,PH meters
38417000-1,38410000-2,4,Θερμοστοιχεία,Thermocouples
38418000-8,38410000-2,4,Θερμιδόμετρα,Calorimeters
38420000-5,38400000-9,3,"Όργανα μέτρησης της ροής, της στάθμης, και της πίεσης των υγρών και των αερίων","Instruments for measuring flow, level and pressure of liquids and gases"
38421000-2,38420000-5,4,Εξοπλισμός μέτρησης ροής,Flow-measuring equipment
38421100-3,38421000-2,5,Μετρητές νερού,Water meters
38421110-6,38421100-3,6,Μετρητές ροής,Flowmeters
38422000-9,38420000-5,4,Εξοπλισμός μέτρησης στάθμης,Level-measuring equipment
38423000-6,38420000-5,4,Εξοπλισμός μέτρησης πίεσης,Pressure-measuring equipment
38423100-7,38423000-6,5,Δείκτες πίεσης,Pressure gauges
38424000-3,38420000-5,4,Εξοπλισμός μέτρησης και ελέγχου,Measuring and control equipment
38425000-0,38420000-5,4,Εξοπλισμός μηχανικής ρευστών,Fluid mechanics equipment
38425100-1,38425000-0,5,Μανόμετρα,Manometers
38425200-2,38425000-0,5,Ιξωδόμετρα,Viscosimeters
38425300-3,38425000-0,5,Δείκτες βάθους,Depth indicators
38425400-4,38425000-0,5,Συσκευές εκτίμησης δομής,Structure estimation apparatus
38425500-5,38425000-0,5,Συσκευές εκτίμησης ισχύος,Strength estimation apparatus
38425600-6,38425000-0,5,Αραιόμετρα,Pycnometers
38425700-7,38425000-0,5,Συσκευές μέτρησης επιφανειακής τάσης,Surface tension measuring instruments
38425800-8,38425000-0,5,Πυκνόμετρα,Densitometers
38426000-7,38420000-5,4,Κουλόμετρα,Coulometers
38427000-4,38420000-5,4,Μετρητές ηλεκτρομαγνητικής ροής,Fluxmeters
38428000-1,38420000-5,4,Ροόμετρα,Rheometers
38429000-8,38420000-5,4,Περιστροφόμετρα,Rotameters
38430000-8,38400000-9,3,Όργανα και συσκευές ανίχνευσης και ανάλυσης,Detection and analysis apparatus
38431000-5,38430000-8,4,Συσκευές ανίχνευσης,Detection apparatus
38431100-6,38431000-5,5,Συσκευές ανίχνευσης αερίων,Gas-detection apparatus
38431200-7,38431000-5,5,Συσκευές ανίχνευσης καπνού,Smoke-detection apparatus
38431300-8,38431000-5,5,Ανιχνευτές σφάλματος,Fault detectors
38432000-2,38430000-8,4,Συσκευές αναλύσεων,Analysis apparatus
38432100-3,38432000-2,5,Συσκευές ανάλυσης αερίων,Gas-analysis apparatus
38432200-4,38432000-2,5,Χρωματογράφοι,Chromatographs
38432210-7,38432200-4,6,Χρωματογράφοι αερίου,Gas chromatographs
38432300-5,38432000-2,5,Συσκευές ανάλυσης καπναερίων,Smoke-analysis apparatus
38433000-9,38430000-8,4,Φασματοφωτόμετρα,Spectrometers
38433100-0,38433000-9,5,Φασματοφωτόμετρα μάζας,Mass spectrometer
38433200-1,38433000-9,5,Εξοπλισμός μέτρησης εκπομπών,Emission measurement equipment
38433210-4,38433200-1,6,Φασματοφωτόμετρο εκπομπής,Emission spectrometer
38433300-2,38433000-9,5,Αναλυτής φάσματος,Spectrum analyser
38434000-6,38430000-8,4,Αναλυτές,Analysers
38434100-7,38434000-6,5,Αναλυτές διαστολών,Expansion analysers
38434200-8,38434000-6,5,Εξοπλισμός μέτρησης ήχου,Sound-measuring equipment
38434210-1,38434200-8,6,Ακοόμετρα,Sonometers
38434220-4,38434200-8,6,Αναλυτές ηχητικής ταχύτητας,Sound velocity analyzers
38434300-9,38434000-6,5,Εξοπλισμός μέτρησης θορύβου,Noise-measuring equipment
38434310-2,38434300-9,6,Ηχόμετρα,Decibel meter
38434400-0,38434000-6,5,Αναλύτες κραδασμών,Vibration analysers
38434500-1,38434000-6,5,Βιοχημικοί αναλύτες,Biochemical analysers
38434510-4,38434500-1,6,Κυτταρόμετρα,Cytometers
38434520-7,38434500-1,6,Αναλυτές αίματος,Blood analysers
38434530-0,38434500-1,6,Αναλυτές γάλακτος,Milk analysers
38434540-3,38434500-1,6,Βιοϊατρικός εξοπλισμός,Biomedical equipment
38434550-6,38434500-1,6,Μετρητές κυττάρων αίματος,Blood-cell counters
38434560-9,38434500-1,6,Χημικοί αναλυτές,Chemistry analyser
38434570-2,38434500-1,6,Συσκευές αιματολογικών αναλύσεων,Haematology analysers
38434580-5,38434500-1,6,Συσκευές ανάλυσης για ανοσολογικές εξετάσεις,Immunoassay analysers
38435000-3,38430000-8,4,Συσκευές ανίχνευσης υγρών,Apparatus for detecting fluids
38436000-0,38430000-8,4,Ανακινητήρες και εξαρτήματα,Shakers and accessories
38436100-1,38436000-0,5,Μηχανικοί ανακινητήρες,Mechanical shakers
38436110-4,38436100-1,6,Βάσεις κωνικών φιαλών (Erlenmeyer) για προσαρμογή σε ανακινητήρες,Erlenmeyer flask basket for shakers
38436120-7,38436100-1,6,Σφιγκτήρες συγκράτησης κωνικών φιαλών (Erlenmeyer) για προσαρμογή σε ανακινητήρες,Erlenmeyer flask clamps for shakers
38436130-0,38436100-1,6,Υποστάτες για διαχωριστικές φιάλες,Stands for separating funnels
38436140-3,38436100-1,6,Πλατφόρμες με υποδοχές για κλιπ συγκράτησης κωνικών φιαλών (Erlenmeyer) για προσαρμογή σε ανακινητήρες,Platform for Erlenmeyer flask clamps for shakers
38436150-6,38436100-1,6,Υποστάτες τριβλίων Petri για προσαρμογή σε ανακινητήρες,Petri dish stand for shakers
38436160-9,38436100-1,6,Υποστάτες δοκιμαστικών σωλήνων για προσαρμογή σε ανακινητήρες,Test tube stand for shakers
38436170-2,38436100-1,6,Προσαρμογείς φιαλών για ανακινητήρες,Flask adaptor for shakers
38436200-2,38436000-0,5,Περιστροφικοί εξατμιστήρες,Rotating evaporators
38436210-5,38436200-2,6,Προστατευτικά πετάσματα για περιστροφικούς εξατμιστήρες,Protective shield for rotating evaporators
38436220-8,38436200-2,6,Αισθητήρες θερμοκρασίας βρασμού για περιστροφικούς εξατμιστήρες,Boiling temperature sensor for rotating evaporators
38436230-1,38436200-2,6,Ρυθμιστές πίεσης για περιστροφικούς εξατμιστήρες,Pressure regulator for rotating evaporators
38436300-3,38436000-0,5,Ανακινητήρες επώασης,Incubating shakers
38436310-6,38436300-3,6,Θερμαντικές εστίες,Heating plates
38436320-9,38436300-3,6,Θερμαντικές εστίες για φιάλες,Heating plates for flasks
38436400-4,38436000-0,5,Μαγνητικοί ανακινητήρες,Magnetic shakers
38436410-7,38436400-4,6,Ρυθμιστές θερμότητας για μηχανικούς ανακινητήρες με θερμαντικές πλάκες,Thermal regulators for mechanical shakers with heating plates
38436500-5,38436000-0,5,Μηχανικοί αναδευτήρες,Mechanical stirrers
38436510-8,38436500-5,6,Φτερωτές για μηχανικούς αναδευτήρες,Blade impellers for mechanical stirrers
38436600-6,38436000-0,5,Ομογενοποιητές εμβάπτισης,Immersion homogenisers
38436610-9,38436600-6,6,Όργανα διασποράς για ομογενοποιητές εμβάπτισης,Dispersing instruments for immersion homogenisers
38436700-7,38436000-0,5,Διασπαστές υπερήχων,Ultrasound disintegrators
38436710-0,38436700-7,6,Μήλες για διασπαστές υπερήχων,Probes for ultrasound disintegrators
38436720-3,38436700-7,6,Μετατροπείς για διασπαστές υπερήχων,Converters for ultrasound disintegrators
38436730-6,38436700-7,6,Θάλαμοι συνεχούς ροής για διασπαστές υπερήχων,Continuous-flow chambers for ultrasound disintegrators
38436800-8,38436000-0,5,Ομογενοποιητές με περιστρεφόμενα πτερύγια,Rotating blade homogenizers
38437000-7,38430000-8,4,Εργαστηριακά σιφώνια (πιπέτες) και εξαρτήματα,Laboratory pipettes and accessories
38437100-8,38437000-7,5,Σιφώνια (πιπέτες),Pipettes
38437110-1,38437100-8,6,Ρύγχη σιφωνίων (πιπετών),Pipette tips
38437120-4,38437100-8,6,Υποστάτες σιφωνίων (πιπετών),Pipette stands
38500000-0,38000000-5,2,Συσκευές ελέγχου και δοκιμών,Checking and testing apparatus
38510000-3,38500000-0,3,Μικροσκόπια,Microscopes
38511000-0,38510000-3,4,Ηλεκτρονικά μικροσκόπια,Electron microscopes
38511100-1,38511000-0,5,Ηλεκτρονικά μικροσκόπια σάρωσης,Scanning electron microscopes
38511200-2,38511000-0,5,Ηλεκτρονικά μικροσκόπια μετάδοσης,Transmission electron microscope
38512000-7,38510000-3,4,Ιοντικά και μοριακά μικροσκόπια,Ion and molecular microscopes
38512100-8,38512000-7,5,Ιοντικά μικροσκόπια,Ion microscopes
38512200-9,38512000-7,5,Μονοφθάλμια μικροσκόπια,Molecular microscopes
38513000-4,38510000-3,4,Ανεστραμμένα μικροσκόπια και μεταλλουργικά μικροσκόπια,Inverted and metallurgical microscopes
38513100-5,38513000-4,5,Ανεστραμμένα μικροσκόπια,Inverted microscopes
38513200-6,38513000-4,5,Μεταλλουργικά μικροσκόπια,Metallurgical microscopes
38514000-1,38510000-3,4,Μικροσκόπια σκοτεινού πεδίου και μικροσκόπια με κεφαλή σάρωσης,Darkfield and scanning probe microscopes
38514100-2,38514000-1,5,Μικροσκόπια σκοτεινού πεδίου,Darkfield microscopes
38514200-3,38514000-1,5,Μικροσκόπια με κεφαλή σάρωσης,Scanning probe microscopes
38515000-8,38510000-3,4,Μικροσκόπια φθορισμού και πολωτικά μικροσκόπια,Fluorescent and polarising microscopes
38515100-9,38515000-8,5,Μικροσκόπια φθορισμού,Polarising microscopes
38515200-0,38515000-8,5,Πολωτικά μικροσκόπια,Fluorescent microscopes
38516000-5,38510000-3,4,Διοφθαλμικά σύνθετα φωτομικροσκόπια,Monocular and/or binocular light compound microscopes
38517000-2,38510000-3,4,Ακουστικά μικροσκόπια και μικροσκόπια προβολής,Acoustic and projection microscopes
38517100-3,38517000-2,5,Ακουστικά μικροσκόπια,Acoustic microscopes
38517200-4,38517000-2,5,Μικροσκόπια προβολής,Projection microscopes
38518000-9,38510000-3,4,"Φωτομικροσκόπια ευρέος πεδίου, στερεοσκοπικά ή ανατομικά","Wide field, stereo or dissecting light microscopes"
38518100-0,38518000-9,5,Φωτομικροσκόπια ευρέος πεδίου,Wide field microscopes
38518200-1,38518000-9,5,Στερεοσκοπικά ή ανατομικά φωτομικροσκόπια,Stereo or dissecting light microscopes
38519000-6,38510000-3,4,Διάφορα δομικά μέρη για μικροσκόπια,Miscellaneous compounds for microscopes
38519100-7,38519000-6,5,Διατάξεις φωτισμού για μικροσκόπια,Illuminators for microscopes
38519200-8,38519000-6,5,Αντικειμενικοί φακοί μικροσκοπίων,Microscope objectives
38519300-9,38519000-6,5,Προσαρτήματα φωτογραφικά ή βίντεο για μικροσκόπια,Photo or video attachments for microscopes
38519310-2,38519300-9,6,Φωτογραφικά προσαρτήματα για μικροσκόπια,Photo attachments for microscopes
38519320-5,38519300-9,6,Προσαρτήματα βίντεο για μικροσκόπια,Video attachments for microscopes
38519400-0,38519000-6,5,Αντικειμενοφόροι πλάκες αυτόματης ρύθμισης για μικροσκόπια,Automated microscope stages
38519500-1,38519000-6,5,Ανταλλακτικές λυχνίες για εργαστηριακά μικροσκόπια,Laboratory microscope replacement bulbs
38519600-2,38519000-6,5,"Προσοφθάλμιοι φακοί, συμπυκνωτές, συλλέκτες, σωλήνες, αντικειμενοφόροι πλάκες και καλύμματα για μικροσκόπια","Microscope eyepieces, condensers, collectors, tubes, stages and covers"
38519610-5,38519600-2,6,Προσοφθάλμιοι φακοί μικροσκοπίων,Microscope eyepieces
38519620-8,38519600-2,6,Συμπυκνωτές μικροσκοπίων,Microscope condensers
38519630-1,38519600-2,6,Συλλέκτες μικροσκοπίων,Microscope collectors
38519640-4,38519600-2,6,Σωλήνες μικροσκοπίων,Microscope tubes
38519650-7,38519600-2,6,Αντικειμενοφόροι πλάκες μικροσκοπίων,Microscope stages
38519660-0,38519600-2,6,Καλύμματα μικροσκοπίων,Microscope covers
38520000-6,38500000-0,3,Σαρωτές,Scanners
38521000-3,38520000-6,4,Σαρωτές πίεσης,Pressure scanners
38522000-0,38520000-6,4,Σαρωτές χρωματογραφίας,Chromatographic scanners
38527100-6,38520000-6,5,Δοσίμετρα θαλάμων ιοντισμού,Ionization chamber dosimeters
38527200-7,38520000-6,5,Δοσίμετρα,Dosimeters
38527300-8,38520000-6,5,Συστήματα δευτερογενούς πρότυπης δοσιμέτρησης,Secondary standard dosimetry systems
38527400-9,38520000-6,5,Συσκευές δοσιμέτρησης φαντάσματος,Phantom dosimeters
38530000-9,38500000-0,3,Συσκευές περίθλασης,Diffraction apparatus
38540000-2,38500000-0,3,Μηχανές και συσκευές δοκιμών και μετρήσεων,Machines and apparatus for testing and measuring
38541000-9,38540000-2,4,Συσκευές δοκιμών συγκολλησιμότητας,Solderability testers
38542000-6,38540000-2,4,Σερβοϋδραυλικές συσκευές δοκιμών,Servo-hydraulic test apparatus
38543000-3,38540000-2,4,Εξοπλισμός ανίχνευσης αερίων,Gas-detection equipment
38544000-0,38540000-2,4,Συσκευές ανίχνευσης ναρκωτικών,Drug detection apparatus
38545000-7,38540000-2,4,Συσκευές ποιοτικής ή ποσοτικής ανάλυσης αερίων,Gas-testing kits
38546000-4,38540000-2,4,Σύστημα ανίχνευσης εκρηκτικών υλών,Explosives detection system
38546100-5,38546000-4,5,Ανιχνευτές βομβών,Bomb detectors
38547000-1,38540000-2,4,Συστήματα δοσιμετρίας,Dosimetry system
38548000-8,38540000-2,4,Όργανα οχημάτων,Instruments for vehicles
38550000-5,38500000-0,3,Μετρητές,Meters
38551000-2,38550000-5,4,Μετρητές ενέργειας,Energy meters
38552000-9,38550000-5,4,Ηλεκτρονικοί μετρητές,Electronic meters
38553000-6,38550000-5,4,Μαγνητικοί μετρητές,Magnetic meters
38554000-3,38550000-5,4,Μετρητές ηλεκτρικής ενέργειας,Electricity meters
38560000-8,38500000-0,3,Μετρητές παραγωγής,Production counters
38561000-5,38560000-8,4,Στροφόμετρα,Revolution counters
38561100-6,38561000-5,5,Ταχύμετρα οχημάτων,Speed indicators for vehicles
38561110-9,38561100-6,6,Ταχόμετρα,Tachometers
38561120-2,38561100-6,6,Ταξίμετρα,Taxi meters
38562000-2,38560000-8,4,Στροβοσκόπια,Stroboscopes
38570000-1,38500000-0,3,Όργανα και συσκευές ρύθμισης και ελέγχου,Regulating and controlling instruments and apparatus
38571000-8,38570000-1,4,Συσκευές περιορισμού ταχύτητας,Speed limiters
38580000-4,38500000-0,3,Μη ιατρικός εξοπλισμός βασισμένος στη χρήση ακτινοβολίας,Non-medical equipment based on the use of radiations
38581000-1,38580000-4,4,Εξοπλισμός σάρωσης αποσκευών,Baggage-scanning equipment
38582000-8,38580000-4,4,Εξοπλισμός επιθεώρησης με ακτίνες Χ,X-ray inspection equipment
38600000-1,38000000-5,2,Οπτικά όργανα,Optical instruments
38620000-7,38600000-1,3,Πολωτικό υλικό,Polarising material
38621000-4,38620000-7,4,Συσκευές οπτικών ινών,Fibre-optic apparatus
38622000-1,38620000-7,4,Καθρέφτες,Mirrors
38623000-8,38620000-7,4,Οπτικά φίλτρα,Optical filters
38624000-5,38620000-7,4,Οπτικά βοηθήματα,Optical aids
38630000-0,38600000-1,3,Αστρονομικά και οπτικά όργανα,Astronomical and optical instruments
38631000-7,38630000-0,4,Διόπτρες,Binoculars
38632000-4,38630000-0,4,Γυαλιά νυκτός,Nightglasses
38633000-1,38630000-0,4,Τηλεσκοπικές διόπτρες,Telescopic sights
38634000-8,38630000-0,4,Οπτικά μικροσκόπια,Optical microscopes
38635000-5,38630000-0,4,Τηλεσκόπια,Telescopes
38636000-2,38630000-0,4,Ειδικά οπτικά όργανα,Specialist optical instruments
38636100-3,38636000-2,5,Λέιζερ,Lasers
38636110-6,38636100-3,6,Βιομηχανικά λέιζερ,Industrial lasers
38640000-3,38600000-1,3,Συσκευές με υγρούς κρυστάλλους,Liquid crystal devices
38641000-0,38640000-3,4,Περισκόπια,Periscopes
38650000-6,38600000-1,3,Φωτογραφικός εξοπλισμός,Photographic equipment
38651000-3,38650000-6,4,Φωτογραφικές μηχανές,Cameras
38651100-4,38651000-3,5,Φακοί φωτογραφικών μηχανών,Camera lenses
38651200-5,38651000-3,5,Στελέχη φωτογραφικών μηχανών,Camera bodies
38651300-6,38651000-3,5,Φωτογραφικές μηχανές για την προετοιμασία εκτυπωτικών πλακών ή κυλίνδρων,Cameras for preparing printing plates or cylinders
38651400-7,38651000-3,5,Φωτογραφικές μηχανές άμεσης εκτύπωσης,Instant print cameras
38651500-8,38651000-3,5,Κινηματογραφικές μηχανές λήψης,Cinematographic cameras
38651600-9,38651000-3,5,Ψηφιακές κάμερες,Digital cameras
38652000-0,38650000-6,4,Κινηματογραφικές μηχανές προβολής,Cinematographic projectors
38652100-1,38652000-0,5,Μηχανές προβολής,Projectors
38652110-4,38652100-1,6,Προβολείς διαφανειών,Slide projectors
38652120-7,38652100-1,6,Βιντεοπροβολείς,Video projectors
38652200-2,38652000-0,5,Συσκευές μεγέθυνσης,Enlargers
38652300-3,38652000-0,5,Συσκευές σμίκρυνσης,Reducers
38653000-7,38650000-6,4,Συσκευές για φωτογραφικά εργαστήρια,Apparatus for photographic laboratories
38653100-8,38653000-7,5,Συσκευές φλας,Flashlights
38653110-1,38653100-8,6,Φωτογραφικά φλας,Photographic flashbulbs
38653111-8,38653110-1,7,Φωτογραφικά κυβοφλάς μιας χρήσης,Photographic flashcubes
38653200-9,38653000-7,5,Φωτογραφικές συσκευές μεγέθυνσης,Photographic enlargers
38653300-0,38653000-7,5,Συσκευές και εξοπλισμός εμφάνισης φωτογραφικού φιλμ,Apparatus and equipment for developing film
38653400-1,38653000-7,5,Οθόνες προβολής,Projection screens
38654000-4,38650000-6,4,Συσκευές ανάγνωσης μικροφίλμ και μικροφωτοδελτίων,Microfilm and microfiche equipment
38654100-5,38654000-4,5,Εξοπλισμός μικροφίλμ,Microfilm equipment
38654110-8,38654100-5,6,Αναγνώστες μικροφίλμ,Microfilm readers
38654200-6,38654000-4,5,Εξοπλισμός μικροφωτοδελτίων,Microfiche equipment
38654210-9,38654200-6,6,Αναγνώστες μικροφωτοδελτίων,Microfiche readers
38654300-7,38654000-4,5,Εξοπλισμός μικροφορμών,Microform equipment
38654310-0,38654300-7,6,Αναγνώστες μικροφορμών,Microform readers
38700000-2,38000000-5,2,Συσκευές καταγραφής χρόνου και παρόμοιες συσκευές· παρκόμετρα,Time registers and the like; parking meters
38710000-5,38700000-2,3,Συσκευές καταγραφής χρόνου,Time registers
38720000-8,38700000-2,3,Όργανα αποτύπωσης χρόνου,Time recorders
38730000-1,38700000-2,3,Παρκόμετρα,Parking meters
38731000-8,38730000-1,4,Κερματοδέκτες,Token meters
38740000-4,38700000-2,3,Συσκευές χρονισμού,Process timers
38750000-7,38700000-2,3,Χρονοδιακόπτες,Time switches
38800000-3,38000000-5,2,Εξοπλισμός ελέγχου και τηλεελέγχου βιομηχανικών διεργασιών,Industrial process control equipment and remote-control equipment
38810000-6,38800000-3,3,Εξοπλισμός ελέγχου βιομηχανικών διεργασιών,Industrial process control equipment
38820000-9,38800000-3,3,Εξοπλισμός τηλεχειρισμού,Remote-control equipment
38821000-6,38820000-9,4,Συσκευές ασύρματου τηλεχειρισμού,Radio remote-control apparatus
38822000-3,38820000-9,4,Συστήματα τηλεχειρισμού σειρήνων,Remote-control siren devices
38900000-4,38000000-5,2,Ποικίλα όργανα εκτιμήσεων ή δοκιμών,Miscellaneous evaluation or testing instruments
38910000-7,38900000-4,3,Εξοπλισμός παρακολούθησης και δοκιμής διαδικασιών υγιεινής,Hygiene monitoring and testing equipment
38911000-4,38910000-7,4,Σετ χειροκίνητων ελέγχων υγιεινής επιφανειών με την τεχνική του επιχρίσματος,Manual swab test kits
38912000-1,38910000-7,4,Σετ αυτοματοποιημένων ελέγχων υγιεινής επιφανειών με την τεχνική του επιχρίσματος,Automated swab test kits
38920000-0,38900000-4,3,Εξοπλισμός διανομής σπόρων και χορτονομής,Seed and feed equipment
38921000-7,38920000-0,4,Αναλυτές σπόρων,Grain analysers
38922000-4,38920000-0,4,Μετρητές σπόρων,Seed counters
38923000-1,38920000-0,4,Αναλυτές χορτονομής,Feed analysers
38930000-3,38900000-4,3,Όργανα μέτρησης ατμοσφαιρικής υγρασίας και υγρασίας,Humidity and moisture measuring instruments
38931000-0,38930000-3,4,Συσκευές δοκιμής θερμοκρασίας/υγρασίας,Temperature humidity testers
38932000-7,38930000-3,4,Μετρητές υγρασίας,Moisture meters
38940000-6,38900000-4,3,Όργανα πυρηνικών μετρήσεων,Nuclear evaluation instruments
38941000-7,38940000-6,4,Μετρητές άλφα ακτινοβολίας,Alpha counters
38942000-7,38940000-6,4,Μετρητές άλφα και βήτα ακτινοβολίας,Alpha beta counters
38943000-7,38940000-6,4,Μετρητές βήτα ακτινοβολίας,Beta counters
38944000-7,38940000-6,4,Μετρητές βήτα και γάμμα ακτινοβολίας,Beta gamma counters
38945000-7,38940000-6,4,Μετρητές γάμμα ακτινοβολίας,Gamma counters
38946000-7,38940000-6,4,Μετρητες KVP,KVP meters
38947000-7,38940000-6,4,Μικροαναλυτές ακτίνων Χ,X-ray microanalysers
38950000-9,38900000-4,3,Αλυσιδωτή αντίδραση πολυμεράσης (PCR),Polymerase Chain Reaction (PCR) equipment
38951000-6,38950000-9,4,Αλυσιδωτή αντίδραση πολυμεράσης (PCR) πραγματικού χρόνου,Real-time Polymerase Chain Reaction (PCR) equipment
38960000-2,38900000-4,3,Συστήματα ακινητοποίησης του οχήματος σε περίπτωση υψηλής αλκοολαιμίας του οδηγού,Alcohol ignition lock
38970000-5,38900000-4,3,"Τεχνικοί προσομοιωτές για ερευνητική, δοκιμαστική και επιστημονική χρήση","Research, testing and scientific technical simulator"
39000000-2,,1,"Έπιπλα (όπου περιλαμβάνονται έπιπλα γραφείου), επιπλώσεις, οικιακές συσκευές (εκτός από συσκευές φωτισμού) και προϊόντα καθαρισμού","Furniture (incl. office furniture), furnishings, domestic appliances (excl. lighting) and cleaning products"
39100000-3,39000000-2,2,Έπιπλα,Furniture
39110000-6,39100000-3,3,"Καθίσματα, καρέκλες και συναφή μέρη και εξαρτήματα","Seats, chairs and related products, and associated parts"
39111000-3,39110000-6,4,Καθίσματα,Seats
39111100-4,39111000-3,5,Περιστρεφόμενα καθίσματα,Swivel seats
39111200-5,39111000-3,5,Καθίσματα θεάτρου,Theatre seats
39111300-6,39111000-3,5,Εκτοξευόμενα καθίσματα,Ejector seats
39112000-0,39110000-6,4,Καρέκλες,Chairs
39112100-1,39112000-0,5,Καρέκλες τραπεζαρίας,Dining chairs
39113000-7,39110000-6,4,Ποικίλα καθίσματα και καρέκλες,Miscellaneous seats and chairs
39113100-8,39113000-7,5,Πολυθρόνες,Armchairs
39113200-9,39113000-7,5,Καναπέδες,Settees
39113300-0,39113000-7,5,Πάγκοι-καθίσματα,Bench seats
39113400-1,39113000-7,5,Ξαπλώστρες,Deck chairs
39113500-2,39113000-7,5,Σκαμνιά,Stools
39113600-3,39113000-7,5,Πάγκοι· στασίδια,Benches
39113700-4,39113000-7,5,Υποπόδια,Footrests
39114000-4,39110000-6,4,Μέρη καθισμάτων,Parts of seats
39114100-5,39114000-4,5,Είδη ταπετσαρίας,Upholstering
39120000-9,39100000-3,3,"Τραπέζια, ντουλάπια, γραφεία και βιβλιοθήκες","Tables, cupboards, desk and bookcases"
39121000-6,39120000-9,4,Γραφεία και τραπέζια,Desks and tables
39121100-7,39121000-6,5,Γραφεία,Desks
39121200-8,39121000-6,5,Τραπέζια,Tables
39122000-3,39120000-9,4,Ντουλάπια και βιβλιοθήκες,Cupboards and bookcases
39122100-4,39122000-3,5,Σκευοθήκες,Cupboards
39122200-5,39122000-3,5,Βιβλιοθήκες,Bookcases
39130000-2,39100000-3,3,Έπιπλα γραφείων,Office furniture
39131000-9,39130000-2,4,Ράφια γραφείου,Office shelving
39131100-0,39131000-9,5,Ράφια αρχειοθέτησης,Archive shelving
39132000-6,39130000-2,4,Συστήματα αρχειοθέτησης,Filing systems
39132100-7,39132000-6,5,Αρχειοθήκες,Filing cabinets
39132200-8,39132000-6,5,Καρτελοθήκες,Card-index cabinets
39132300-9,39132000-6,5,Συστήματα αναρτημένων αρχείων,Hanging files
39132400-0,39132000-6,5,Περιστρεφόμενα συστήματα αρχειοθέτησης,Carousel systems
39132500-1,39132000-6,5,Καροτσάκια γραφείου,Office trolleys
39133000-3,39130000-2,4,Μονάδες επίδειξης προϊόντων,Display units
39134000-0,39130000-2,4,Έπιπλα για ηλεκτρονικούς υπολογιστές,Computer furniture
39134100-1,39134000-0,5,Τραπέζια για ηλεκτρονικούς υπολογιστές,Computer tables
39135000-7,39130000-2,4,Τραπέζια ταξινόμησης,Sorting tables
39135100-8,39135000-7,5,Πλαίσια ταξινόμησης,Sorting frames
39136000-4,39130000-2,4,Κρεμάστρες,Coat hangers
39137000-1,39130000-2,4,Αποσκληρυντές νερού,Water softeners
39140000-5,39100000-3,3,Οικιακά έπιπλα,Domestic furniture
39141000-2,39140000-5,4,Έπιπλα κουζίνας,Kitchen furniture and equipment
39141100-3,39141000-2,5,Ερμάρια και ράφια,Shelves
39141200-4,39141000-2,5,Επιφάνειες εργασίας,Worktops
39141300-5,39141000-2,5,Ερμάρια,Cabinets
39141400-6,39141000-2,5,Εντοιχισμένες κουζίνες,Fitted kitchens
39141500-7,39141000-2,5,Εξαεριστήρες καπναερίων,Fume cupboards
39142000-9,39140000-5,4,Έπιπλα κήπου,Garden furniture
39143000-6,39140000-5,4,"Έπιπλα κρεβατοκάμαρας, τραπεζαρίας και καθιστικού","Bedroom, dining room and living-room furniture"
39143100-7,39143000-6,5,Έπιπλα υπνοδωματίου,Bedroom furniture
39143110-0,39143100-7,6,"Κρεβάτια, στρώματα και ειδικά υφασμάτινα είδη υπνοδωματίου",Beds and bedding and specialist soft furnishings
39143111-7,39143110-0,7,Σομιέδες,Mattress supports
39143112-4,39143110-0,7,Στρώματα,Mattresses
39143113-1,39143110-0,7,Ειδικά υφάσματα επιπλώσεων,Specialist soft furnishings
39143114-8,39143110-0,7,Ηλεκτρικές κουβέρτες,Electric blankets
39143115-5,39143110-0,7,Φύλλα από ελαστικό,Rubber sheets
39143116-2,39143110-0,7,Παιδικά κρεβάτια,Cots
39143120-3,39143100-7,6,Έπιπλα υπνοδωματίου εκτός από κρεβάτια και κλινοστρωμνές,"Bedroom furniture, other than beds and beddings"
39143121-0,39143120-3,7,Ιματιοθήκες,Wardrobes
39143122-7,39143120-3,7,Λινοθήκες,Chests of drawers
39143123-4,39143120-3,7,Κομοδίνα,Bedside tables
39143200-8,39143000-6,5,Έπιπλα τραπεζαρίας,Dining-room furniture
39143210-1,39143200-8,6,Τραπέζια φαγητού,Dining tables
39143300-9,39143000-6,5,Έπιπλα καθιστικού,Living-room furniture
39143310-2,39143300-9,6,Τραπέζια σαλονιού,Coffee tables
39144000-3,39140000-5,4,Έπιπλα μπάνιου,Bathroom furniture
39145000-0,39140000-5,4,Σταθερά εξαρτήματα για οιναποθήκες,Wine cellar fixtures
39150000-8,39100000-3,3,Διάφορα έπιπλα και εξοπλισμός,Miscellaneous furniture and equipment
39151000-5,39150000-8,4,Διάφορα έπιπλα,Miscellaneous furniture
39151100-6,39151000-5,5,Συστήματα ραφιών,Racking
39151200-7,39151000-5,5,Πάγκοι εργασίας,Work benches
39151300-8,39151000-5,5,Σύνθετα έπιπλα,Modular furniture
39152000-2,39150000-8,4,Κινητά ράφια για βιβλία,Mobile bookshelves
39153000-9,39150000-8,4,Έπιπλα αίθουσας διασκέψεων,Conference-room furniture
39153100-0,39153000-9,5,Βιβλιοστάτες,Bookstands
39154000-6,39150000-8,4,Εξοπλισμός εκθέσεων,Exhibition equipment
39154100-7,39154000-6,5,Περίπτερα εκθέσεων,Exhibition stands
39155000-3,39150000-8,4,Έπιπλα βιβλιοθήκης,Library furniture
39155100-4,39155000-3,5,Εξοπλισμός βιβλιοθήκης,Library equipment
39156000-0,39150000-8,4,Έπιπλα καθιστικού και χώρου υποδοχής,Lounge and reception-area furniture
39157000-7,39150000-8,4,Μέρη επίπλων,Parts of furniture
39160000-1,39100000-3,3,Σχολικά έπιπλα,School furniture
39161000-8,39160000-1,4,Έπιπλα παιδικού σταθμού,Kindergarten furniture
39162000-5,39160000-1,4,Εποπτικά μέσα,Educational equipment
39162100-6,39162000-5,5,Εξοπλισμός διδασκαλίας,Teaching equipment
39162110-9,39162100-6,6,Διδακτικό υλικό,Teaching supplies
39162200-7,39162000-5,5,Βοηθήματα και υλικό κατάρτισης,Training aids and devices
39170000-4,39100000-3,3,Έπιπλα καταστημάτων,Shop furniture
39171000-1,39170000-4,4,Βιτρίνες επίδειξης,Display cases
39172000-8,39170000-4,4,Πάγκοι πώλησης,Counters
39172100-9,39172000-8,5,Καντίνες,Servery counters
39173000-5,39170000-4,4,Μονάδες αποθήκευσης,Storage units
39174000-2,39170000-4,4,Επιγραφές καταστημάτων,Shop signs
39180000-7,39100000-3,3,Έπιπλα εργαστηρίου,Laboratory furniture
39181000-4,39180000-7,4,Πάγκοι εργαστηρίου,Laboratory benching
39190000-0,39100000-3,3,Χαρτί ταπετσαρίας και άλλες επενδύσεις τοίχων,Wallpaper and other coverings
39191000-7,39190000-0,4,Επενδύσεις τοίχων από χαρτί ή χαρτόνι,Paper- or paperboard-based wall coverings
39191100-8,39191000-7,5,Χαρτί ταπετσαρίας τοίχου,Wallpaper
39192000-4,39190000-0,4,Ταπετσαρίες τοίχων από ύφασμα,Textile wall coverings
39193000-1,39190000-0,4,Καλύμματα δαπέδων από χαρτί ή χαρτόνι,Paper- or paperboard-based floor coverings
39200000-4,39000000-2,2,Επιπλώσεις,Furnishing
39220000-0,39200000-4,3,"Εξοπλισμός κουζίνας, είδη οικιακής χρήσης και αναλώσιμα τροφοδοσίας","Kitchen equipment, household and domestic items and catering supplies"
39221000-7,39220000-0,4,Εξοπλισμός μαγειρείου,Kitchen equipment
39221100-8,39221000-7,5,Σκεύη κουζίνας,Kitchenware
39221110-1,39221100-8,6,Πιατικά,Crockery
39221120-4,39221100-8,6,Φλυτζάνια και ποτήρια,Cups and glasses
39221121-1,39221120-4,7,Φλυτζάνια,Cups
39221122-8,39221120-4,7,Κούπες,Cuplets
39221123-5,39221120-4,7,Ποτήρια,Drinking glasses
39221130-7,39221100-8,6,Κυτία φαγητού,Food containers
39221140-0,39221100-8,6,Παγούρια,Water canteens
39221150-3,39221100-8,6,Φιάλες εν κενώ· θερμό,Vacuum flasks
39221160-6,39221100-8,6,Δίσκοι σερβιρίσματος,Trays
39221170-9,39221100-8,6,Σχάρες στεγνώματος,Drying racks
39221180-2,39221100-8,6,Μαγειρικά σκεύη,Cooking utensils
39221190-5,39221100-8,6,Πιατοθήκες,Plate racks
39221200-9,39221000-7,5,Είδη τραπεζαρίας,Tableware
39221210-2,39221200-9,6,Πιατέλες,Plates
39221220-5,39221200-9,6,Πιάτα,Dishes
39221230-8,39221200-9,6,Μικρά πιάτα,Saucers
39221240-1,39221200-9,6,Μπολ,Bowls
39221250-4,39221200-9,6,Καράφες,Decanters
39221260-7,39221200-9,6,Λευκοσιδηρά σκεύη συσσιτίου,Mess tins
39222000-4,39220000-0,4,Υλικά τροφοδοσίας,Catering supplies
39222100-5,39222000-4,5,Αναλώσιμα υλικά τροφοδοσίας,Disposable catering supplies
39222110-8,39222100-5,6,Μαχαιροπίρουνα και πιάτα μιας χρήσης,Disposable cutlery and plates
39222120-1,39222100-5,6,Φλυτζάνια μιας χρήσης,Disposable cups
39222200-6,39222000-4,5,Δίσκοι φαγητού,Food trays
39223000-1,39220000-0,4,"Κουτάλια, πιρούνια","Spoons, forks"
39223100-2,39223000-1,5,Κουτάλια,Spoons
39223200-3,39223000-1,5,Πιρούνια,Forks
39224000-8,39220000-0,4,Σκούπες και βούρτσες και άλλα είδη διαφόρων τύπων,Brooms and brushes and other articles of various types
39224100-9,39224000-8,5,Σκούπες,Brooms
39224200-0,39224000-8,5,Βούρτσες,Brushes
39224210-3,39224200-0,6,Βούρτσες ελαιοχρωματιστών,Painters' brushes
39224300-1,39224000-8,5,Σκούπες και βούρτσες και άλλα είδη για την οικιακή καθαριότητα,Brooms and brushes and other articles for household cleaning
39224310-4,39224300-1,6,Βούρτσες αποχωρητηρίου,Toilet brushes
39224320-7,39224300-1,6,Σφουγγάρια,Sponges
39224330-0,39224300-1,6,Κουβάδες,Buckets
39224340-3,39224300-1,6,Κάδοι,Bins
39224350-6,39224300-1,6,Φαράσια,Dustpans
39225000-5,39220000-0,4,"Αναπτήρες, είδη από εύφλεκτο υλικό, πυροτεχνήματα, σπίρτα, υγρά ή υγροποιημένα αέρια καύσιμα","Lighters, articles of combustible materials, pyrotechnics, matches and liquid or liquefied gas fuels"
39225100-6,39225000-5,5,Αναπτήρες τσιγάρων,Cigarette lighters
39225200-7,39225000-5,5,Πυροφορικά κράματα,Pyrophoric alloys
39225300-8,39225000-5,5,Σπίρτα,Matches
39225400-9,39225000-5,5,Αέριο καύσιμο για αναπτήρες,Gas fuels for lighters
39225500-0,39225000-5,5,Αντικείμενα πυροτεχνικής,Pyrotechnics
39225600-1,39225000-5,5,Κεριά,Candles
39225700-2,39225000-5,5,"Μπουκάλια, πεπλατυσμένες φιάλες και φιαλίδια","Bottles, jars and phials"
39225710-5,39225700-2,6,Μπουκάλια,Bottles
39225720-8,39225700-2,6,Πεπλατυσμένες φιάλες,Jars
39225730-1,39225700-2,6,Φιαλίδια,Phials
39226000-2,39220000-0,4,"Νταμιτζάνες, μπουκάλια, φιάλες και μπομπίνες","Carboys, bottle cases, flasks and bobbins"
39226100-3,39226000-2,5,Κιβώτια για μουκάλια,Bottle cases
39226200-4,39226000-2,5,Νταμιτζάνες και μπουκάλια,Carboys and flasks
39226210-7,39226200-4,6,Νταμιτζάνες,Carboys
39226220-0,39226200-4,6,Μπουκάλια,Flasks
39226300-5,39226000-2,5,Πηνία ή μπομπίνες,Spools or bobbins
39227000-9,39220000-0,4,Βελόνες και δαχτυλήθρες ραψίματος και πλεξίματος,"Sewing and knitting needles, and thimbles"
39227100-0,39227000-9,5,Βελόνες ραψίματος ή πλεξίματος,Sewing needles or knitting needles
39227110-3,39227100-0,6,Βελόνες ραψίματος,Sewing needles
39227120-6,39227100-0,6,Βελόνες πλεξίματος,Knitting needles
39227200-1,39227000-9,5,Δαχτυλήθρες,Thimbles
39230000-3,39200000-4,3,Προϊόντα ειδικών χρήσεων,Special-purpose product
39234000-1,39230000-3,4,Κυτία σήψης φυτικών απορριμμάτων για την παραγωγή λιπάσματος,Compost boxes
39235000-8,39230000-3,4,Κέρματα αυτόματων μηχανών,Tokens
39236000-5,39230000-3,4,Θάλαμοι ψεκασμού· φούρνοι βαφής,Spray booths
39237000-2,39230000-3,4,Πάσσαλοι ένδειξης ορίων χιονισμένου δρόμου,Snow poles
39240000-6,39200000-4,3,Μαχαιροπίρουνα,Cutlery
39241000-3,39240000-6,4,Μαχαίρια και ψαλίδια,Knives and scissors
39241100-4,39241000-3,5,Μαχαίρια,Knives
39241110-7,39241100-4,6,Επιτραπέζια μαχαίρια,Table knives
39241120-0,39241100-4,6,Μαχαίρια κουζίνας,Cooks' knives
39241130-3,39241100-4,6,Μαχαίρια πολλαπλών χρήσεων,Utility knives
39241200-5,39241000-3,5,Ψαλίδια,Scissors
39254000-7,39200000-4,4,Είδη ωρολογοποιίας,Horology
39254100-8,39254000-7,5,Ρολόγια χώρου,Clocks
39254110-1,39254100-8,6,Ξυπνητήρια,Alarm clocks
39254120-4,39254100-8,6,Ρολόγια τοίχου,Wall clocks
39254130-7,39254100-8,6,Γυαλί για ρολόγια χώρου,Glass for clocks
39260000-2,39200000-4,3,Δίσκοι παράδοσης και επιτραπέζιος εξοπλισμός γραφείου,Delivery trays and desk equipment
39261000-9,39260000-2,4,Δίσκοι παράδοσης,Delivery trays
39263000-3,39260000-2,4,Επιτραπέζιος εξοπλισμός γραφείου,Desk equipment
39263100-4,39263000-3,5,Σετ γραφείου,Desk sets
39264000-0,39260000-2,4,Εξαρτήματα για ντοσιέ ή χαρτοφύλακες ταξινόμησης εγγράφων,Fittings for loose-leaf binders or files
39265000-7,39260000-2,4,Άγκιστρα και κρίκοι,Hooks and eyes
39270000-5,39200000-4,3,Θρησκευτικά είδη,Religious articles
39290000-1,39200000-4,3,Διάφορα είδη επίπλωσης,Miscellaneous furnishing
39291000-8,39290000-1,4,Είδη καθαριστηρίου,Laundry supplies
39292000-5,39290000-1,4,Σχολικές πλάκες ή πίνακες με επιφάνεια ή όργανα γραφής ή σχεδίασης,School slates or boards with writing or drawing surfaces or instruments
39292100-6,39292000-5,5,Μαυροπίνακες,Blackboards
39292110-9,39292100-6,6,Σβηστήρες για μαυροπίνακες,Erasers for blackboards
39292200-7,39292000-5,5,Πλάκες γραφής,Writing slates
39292300-8,39292000-5,5,Όργανα σχεδίασης,Drawing instruments
39292400-9,39292000-5,5,Όργανα γραφής,Writing instruments
39292500-0,39292000-5,5,Χάρακες,Rulers
39293000-2,39290000-1,4,Τεχνητά προϊόντα,Artificial products
39293100-3,39293000-2,5,Τεχνητά φρούτα,Artificial fruit
39293200-4,39293000-2,5,Τεχνητά άνθη,Artificial flowers
39293300-5,39293000-2,5,Τεχνητή χλόη,Artificial grass
39293400-6,39293000-2,5,Τεχνητός χορτοτάπητας,Artificial lawn
39293500-7,39293000-2,5,Απομιμήσεις κοσμημάτων,Imitation jewellery
39294000-9,39290000-1,4,Συσκευές και εξοπλισμός για επίδειξη,Apparatus and equipment designed for demonstrational purposes
39294100-0,39294000-9,5,Προϊόντα πληροφόρησης και προβολής,Information and promotion products
39295000-6,39290000-1,4,Ομπρέλες βροχής και ηλίου· μπαστούνια περιπάτου και μπαστούνια-καθίσματα,Umbrellas and sunshades; walking sticks and seat sticks
39295100-7,39295000-6,5,Ομπρέλες ηλίου,Sunshades
39295200-8,39295000-6,5,Ομπρέλες βροχής,Umbrellas
39295300-9,39295000-6,5,Μπαστούνια-καθίσματα,Seat sticks
39295400-0,39295000-6,5,Μπαστούνια περιπάτου,Walking sticks
39295500-1,39295000-6,5,"Μέρη, συμπληρώματα και εξαρτήματα ομπρελών βροχής ή ηλίου, μπαστουνιών περιπάτου και παρόμοιων ειδών","Parts, trimmings and accessories of umbrellas, sunshades, walking sticks and similar articles"
39296000-3,39290000-1,4,Είδη κηδειών,Funeral supplies
39296100-4,39296000-3,5,Φέρετρα,Coffins
39297000-0,39290000-1,4,Προμήθειες στρατοπέδων,Barracks supplies
39298000-7,39290000-1,4,Αγαλματίδια και άλλα είδη διακόσμησης· κορνίζες για φωτογραφίες ή πίνακες και καθρέπτες,"Statuettes, ornaments; photograph or picture frames, and mirrors"
39298100-8,39298000-7,5,Κορνίζες για φωτογραφίες,Photograph frames
39298200-9,39298000-7,5,Κορνίζες για πίνακες,Picture frames
39298300-0,39298000-7,5,Ανθοδοχεία,Flower bowls
39298400-1,39298000-7,5,Αγαλματίδια,Statuettes
39298500-2,39298000-7,5,Διακοσμητικά είδη,Ornaments
39298600-3,39298000-7,5,Υδρόγειες σφαίρες,Globes
39298700-4,39298000-7,5,Έπαθλα,Trophies
39298800-5,39298000-7,5,Ενυδρεία,Aquariums
39298900-6,39298000-7,5,Διάφορα είδη διακόσμησης,Miscellaneous decoration items
39298910-9,39298900-6,6,Χριστουγεννιάτικα δέντρα,Christmas tree
39299000-4,39290000-1,4,Γυάλινα είδη,Glassware
39299100-5,39299000-4,5,Γυάλινες φύσιγγες,Glass ampoules
39299200-6,39299000-4,5,Γυαλί ασφαλείας,Safety glass
39299300-7,39299000-4,5,Γυάλινοι καθρέπτες,Glass mirrors
39300000-5,39000000-2,2,Ποικίλος εξοπλισμός,Miscellaneous equipment
39310000-8,39300000-5,3,Εξοπλισμός τροφοδοσίας,Catering equipment
39311000-5,39310000-8,4,Ελαφρύς εξοπλισμός τροφοδοσίας,Light catering equipment
39312000-2,39310000-8,4,Εξοπλισμός παρασκευής φαγητού,Food-preparation equipment
39312100-3,39312000-2,5,Συσκευές τεμαχισμού κρέατος σε φέτες,Meat slicers
39312200-4,39312000-2,5,Εξοπλισμός κυλικείου,Canteen equipment
39313000-9,39310000-8,4,Ξενοδοχειακός εξοπλισμός,Hotel equipment
39314000-6,39310000-8,4,Εξοπλισμός επαγγελματικού μαγειρείου,Industrial kitchen equipment
39315000-3,39310000-8,4,Εξοπλισμός εστιατορίου,Restaurant equipment
39330000-4,39300000-5,3,Εξοπλισμός απολύμανσης,Disinfection equipment
39340000-7,39300000-5,3,Εξοπλισμός δικτύου φυσικού αερίου,Gas network equipment
39341000-4,39340000-7,4,Εξολισμός πίεσης φυσικού αερίου,Gas pressure equipment
39350000-0,39300000-5,3,Εξοπλισμός αποχετευτικών έργων,Sewerage works equipment
39360000-3,39300000-5,3,Εξοπλισμός σφράγισης,Sealing equipment
39370000-6,39300000-5,3,Εγκαταστάσεις ύδατος,Water installations
39500000-7,39000000-2,2,Υφαντουργικά είδη,Textile articles
39510000-0,39500000-7,3,Είδη κλωστοϋφαντουργίας οικιακής χρήσης,Textile household articles
39511000-7,39510000-0,4,Κουβέρτες και κουβέρτες ταξιδίου,Blankets and travelling rugs
39511100-8,39511000-7,5,Κουβέρτες,Blankets
39511200-9,39511000-7,5,Ταξιδιωτικές κουβέρτες,Travelling rugs
39512000-4,39510000-0,4,Κλινοσκεπάσματα,Bed linen
39512100-5,39512000-4,5,Σεντόνια,Sheets
39512200-6,39512000-4,5,Καλύμματα παπλωμάτων,Duvet covers
39512300-7,39512000-4,5,Καλύμματα στρωμάτων,Mattress covers
39512400-8,39512000-4,5,Πουπουλένιο πάπλωμα,Eiderdowns
39512500-9,39512000-4,5,Μαξιλαροθήκες,Pillowcases
39512600-0,39512000-4,5,Θήκες για μαξιλάρες,Bolstercases
39513000-1,39510000-0,4,Τραπεζομάντιλα και πετσέτες φαγητού,Table linen
39513100-2,39513000-1,5,Τραπεζομάντιλα,Tablecloths
39513200-3,39513000-1,5,Πετσέτες τραπεζιού,Table napkins
39514000-8,39510000-0,4,Πετσέτες μπάνιου και κουζίνας,Toilet and kitchen linen
39514100-9,39514000-8,5,Πετσέτες,Towels
39514200-0,39514000-8,5,Πετσέτες τσαγιού,Tea towels
39514300-1,39514000-8,5,Πετσέτες σε ρολό,Roller towels
39514400-2,39514000-8,5,Αυτόματοι διανομείς πετσετών,Automatic towel dispensers
39514500-3,39514000-8,5,Πετσέτες προσώπου,Face cloths
39515000-5,39510000-0,4,"Κουρτίνες, διακοσμητικά υφάσματα, γύροι κρεβατιών και σκίαστρα από ύφασμα","Curtains, drapes, valances and textile blinds"
39515100-6,39515000-5,5,Κουρτίνες,Curtains
39515110-9,39515100-6,6,Παραπετάσματα για την προστασία από τον καπνό,Smoke curtains
39515200-7,39515000-5,5,Διακοσμητικά υφάσματα,Drapes
39515300-8,39515000-5,5,Γύροι κρεβατιών,Valances
39515400-9,39515000-5,5,Σκίαστρα,Blinds
39515410-2,39515400-9,6,Σκίαστρα εσωτερικού χώρου,Interior blinds
39515420-5,39515400-9,6,Σκίαστρα από ύφασμα,Textile blinds
39515430-8,39515400-9,6,Περσίδες,Venetian blinds
39515440-1,39515400-9,6,Σκίαστρα καθέτου διάταξης λωρίδων,Vertical blinds
39516000-2,39510000-0,4,Είδη επίπλωσης,Furnishing articles
39516100-3,39516000-2,5,Ελαφριά επίπλωση,Soft furnishings
39516110-6,39516100-3,6,Μαξιλάρια καναπέ,Cushions
39516120-9,39516100-3,6,Μαξιλάρια,Pillows
39518000-6,39510000-0,4,Υφασμάτινα είδη νοσοκομείου,Hospital linen
39518100-7,39518000-6,5,Υφασμάτινα είδη χειρουργείου,Operating-theatre drapes
39518200-8,39518000-6,5,Σεντόνια χειρουργείου,Operating-theatre sheets
39520000-3,39500000-7,3,Έτοιμα είδη κλωστοϋφαντουργίας,Made-up textile articles
39522000-7,39520000-3,4,"Μουσαμάδες, ιστία για σκάφη, ιστιοσανίδες ή ιστιοφόρα οχήματα, τέντες, σκίαστρα, σκηνές και είδη κατασκήνωσης","Tarpaulins, sails for boats, sailboards or land craft, awnings, sunblinds, tents and camping goods"
39522100-8,39522000-7,5,"Μουσαμάδες, τέντες και σκίαστρα","Tarpaulins, awnings and sunblinds"
39522110-1,39522100-8,6,Μουσαμάδες,Tarpaulins
39522120-4,39522100-8,6,Τέντες,Awnings
39522130-7,39522100-8,6,Σκίαστρα,Sunblinds
39522200-9,39522000-7,5,Καλύμματα παραλλαγής,Camouflage covers
39522400-1,39522000-7,5,Ιστία,Sails
39522500-2,39522000-7,5,Υφασμάτινα είδη κατασκήνωσης,Textile camping goods
39522510-5,39522500-2,6,Φουσκωτά στρώματα,Pneumatic mattresses
39522520-8,39522500-2,6,Πτυσσόμενα κρεβάτια,Camp beds
39522530-1,39522500-2,6,Σκηνές,Tents
39522540-4,39522500-2,6,Υπνόσακοι,Sleeping bags
39522541-1,39522540-4,7,Υπνόσακοι γεμισμένοι με φτερά ή πούπουλα,Sleeping bags filled with feathers or down
39523000-4,39520000-3,4,Αλεξίπτωτα,Parachutes
39523100-5,39523000-4,5,Κατευθυνόμενα αλεξίπτωτα,Dirigible parachutes
39523200-6,39523000-4,5,Στροφόπτωτα,Rotochutes
39525000-8,39520000-3,4,Διάφορα έτοιμα είδη υφαντουργίας,Miscellaneous manufactured textile articles
39525100-9,39525000-8,5,Ξεσκονόπανα,Dusters
39525200-0,39525000-8,5,Στοιχεία φίλτρου από ύφασμα,Filter elements of cloth
39525300-1,39525000-8,5,Σωσίβια,Life jackets
39525400-2,39525000-8,5,Κουβέρτες πυρόσβεσης,Fire blankets
39525500-3,39525000-8,5,Κουνουπιέρες,Mosquito nets
39525600-4,39525000-8,5,Πετσέτες πιάτων,Dishcloths
39525700-5,39525000-8,5,Ιμάντες διάσωσης,Life belts
39525800-6,39525000-8,5,Πανιά καθαρισμού,Cleaning cloths
39525810-9,39525800-6,6,Πανιά στίλβωσης,Polishing cloths
39530000-6,39500000-7,3,"Χαλιά, ψάθες και στενόμακρα καλύμματα δαπέδων","Carpets, mats and rugs"
39531000-3,39530000-6,4,Χαλιά,Carpets
39531100-4,39531000-3,5,Χαλιά με κόμπους,Knotted carpeting
39531200-5,39531000-3,5,Υφαντά χαλιά,Woven carpeting
39531300-6,39531000-3,5,Φουντωτά χαλιά,Tufted carpeting
39531310-9,39531300-6,6,Πλακίδια μοκέτας,Carpet tiles
39531400-7,39531000-3,5,Υφασμάτινοι τάπητες δαπέδου,Carpeting
39532000-0,39530000-6,4,Χαλάκια (ψάθες),Mats
39533000-7,39530000-6,4,Στενόμακροι τάπητες,Rugs
39534000-4,39530000-6,4,Βιομηχανικοί τάπητες,Industrial carpeting
39540000-9,39500000-7,3,"Διάφορα σχοινιά, πλεξούδες, σπάγκοι και πλέγματα","Miscellaneous cordage, rope, twine and netting"
39541000-6,39540000-9,4,"Σκοινιά, πλεξούδες, σπάγγοι και δίχτυα","Cordage, rope, twine and netting"
39541100-7,39541000-6,5,"Σπάγκοι, σχοινιά και πλεξούδες","Twine, cordage and rope"
39541110-0,39541100-7,6,Πλεξούδες,Rope
39541120-3,39541100-7,6,Σκοινιά,Cordage
39541130-6,39541100-7,6,Στρεπτά νήματα,String
39541140-9,39541100-7,6,Σπάγκοι,Twine
39541200-8,39541000-6,5,Δίχτυα από υφαντικά υλικά,Textile nets
39541210-1,39541200-8,6,Δίχτυα με κόμπους,Knotted nets
39541220-4,39541200-8,6,Αρτάνες,Slings
39542000-3,39540000-9,4,Ράκη,Rags
39550000-2,39500000-7,3,Μη υφαντά είδη,Non-woven articles
39560000-5,39500000-7,3,Διάφορα είδη υφαντουργίας,Miscellaneous textile articles
39561000-2,39560000-5,4,"Τούλια, δαντέλες, στενά υφαντά υφάσματα, διακοσμητικές γαρνιτούρες και κεντήματα","Tulle, lace, narrow-woven fabrics, trimmings and embroidery"
39561100-3,39561000-2,5,Στενά υφαντά υφάσματα και διακοσμητικές γαρνιτούρες,Narrow-woven fabrics; trimmings
39561110-6,39561100-3,6,Κορδέλες,Ribbon
39561120-9,39561100-3,6,Υφαντή ταινία,Textile tape
39561130-2,39561100-3,6,Ετικέτες και διακριτικά από υφαντικές ύλες,Textile labels and badges
39561131-9,39561130-2,7,Υφαντές ετικέτες,Textile labels
39561132-6,39561130-2,7,Υφασμάτινα διακριτικά σήματα,Textile badges
39561133-3,39561130-2,7,Εμβλήματα,Insignia
39561140-5,39561100-3,6,Εξαρτήματα στολισμού,Ornamental trimmings
39561141-2,39561140-5,7,Σειρήτια,Braids
39561142-9,39561140-5,7,Επωμίδες,Epaulettes
39561200-4,39561000-2,5,Δικτυωτά υφάσματα,Net fabrics
39562000-9,39560000-5,4,Πίλημα,Felt
39563000-6,39560000-5,4,"Υφασμάτινα παρεμβύσματα, νήματα, υφάσματα και είδη για τεχνική χρήση","Textile wadding, yarns, fabrics and articles for technical uses"
39563100-7,39563000-6,5,Υφαντικά υλικά παραγεμίσματος,Textile wadding
39563200-8,39563000-6,5,Επιμεταλλωμένα νήματα,Metallised yarn
39563300-9,39563000-6,5,Υφαντά υφάσματα από μεταλλική κλωστή,Woven fabrics of metal thread
39563400-0,39563000-6,5,"Εμποτισμένα, επενδυμένα ή επικαλυμμένα υφαντά υφάσματα","Impregnated, coated or covered textile fabrics"
39563500-1,39563000-6,5,Προϊόντα υφαντουργίας για τεχνικές χρήσεις,Textile articles for technical uses
39563510-4,39563500-1,6,Εύκαμπτοι σωλήνες από υφαντικές ύλες,Textile hosepiping
39563520-7,39563500-1,6,Μεταφορικοί ιμάντες από ύφασμα,Textile conveyor belts
39563530-0,39563500-1,6,Αγωγοί αερισμού,Ventilation ducting
39563600-2,39563000-6,5,Υφαντουργικά προϊόντα καπιτονέ,Quilted textile products
39700000-9,39000000-2,2,Οικιακές συσκευές,Domestic appliances
39710000-2,39700000-9,3,Ηλεκτρικές οικιακές συσκευές,Electrical domestic appliances
39711000-9,39710000-2,4,Οικιακές ηλεκτρικές συσκευές μαγειρικής,Electrical domestic appliances for use with foodstuffs
39711100-0,39711000-9,5,Ψυγεία και καταψύκτες,Refrigerators and freezers
39711110-3,39711100-0,6,Ψυγεία-καταψύκτες,Refrigerator-freezers
39711120-6,39711100-0,6,Καταψύκτες,Freezers
39711121-3,39711120-6,7,Καταψύκτες τύπου κασέλας,Chest-type freezers
39711122-0,39711120-6,7,Καταψύκτες οικιακής χρήσης,Household freezers
39711123-7,39711120-6,7,Καταψύκτες όρθιου τύπου,Upright-type freezers
39711124-4,39711120-6,7,Βιομηχανικοί καταψύκτες,Industrial freezers
39711130-9,39711100-0,6,Ψυγεία,Refrigerators
39711200-1,39711000-9,5,Συσκευές κατεργασίας τροφίμων,Food processors
39711210-4,39711200-1,6,Μπλέντερ τροφίμων,Food blenders
39711211-1,39711210-4,7,Αναμεικτήρες τροφίμων,Food mixers
39711300-2,39711000-9,5,Ηλεκτροθερμικές συσκευές,Electrothermic appliances
39711310-5,39711300-2,6,Ηλεκτρικές καφετιέρες,Electric coffee makers
39711320-8,39711300-2,6,Ηλεκτρικές τσαγιέρες,Electric tea makers
39711330-1,39711300-2,6,Ηλεκτρικές φρυγανιέρες,Electric toasters
39711340-4,39711300-2,6,Συσκευές αναθέρμανσης φαγητών,Plate warmers
39711350-7,39711300-2,6,Μηχανήματα για βάφλες,Waffle irons
39711360-0,39711300-2,6,Φούρνοι,Ovens
39711361-7,39711360-0,7,Ηλεκτρικοί φούρνοι,Electric ovens
39711362-4,39711360-0,7,Φούρνοι μικροκυμάτων,Microwave ovens
39711400-3,39711000-9,5,"Ψηστιέρες, συσκευές διατήρησης θερμών φαγητών, θερμαντικές πλάκες και δακτύλιοι","Roasters, hobs, hotplates and boiling rings"
39711410-6,39711400-3,6,Ψηστιέρες,Roasters
39711420-9,39711400-3,6,Συσκευές διατήρησης θερμών φαγητών,Hobs
39711430-2,39711400-3,6,Θερμαντικές πλάκες,Hotplates
39711440-5,39711400-3,6,Θερμαντικοί δακτύλιοι,Boiling rings
39711500-4,39711000-9,5,Ανοιχτήρια κονσερβών,Can openers
39712000-6,39710000-2,4,Οικιακές ηλεκτρικές συσκευές για τη φροντίδα του σώματος,Electrical domestic appliances for use with the human body
39712100-7,39712000-6,5,Μηχανές κουρέματος,Hair clippers
39712200-8,39712000-6,5,Συσκευές κομμωτηρίου,Hairdressing appliances
39712210-1,39712200-8,6,Στεγνωτήρες μαλλιών,Hair dryers
39712300-9,39712000-6,5,Συσκευές στεγνώματος χεριών,Hand-drying apparatus
39713000-3,39710000-2,4,Οικιακές ηλεκτρικές συσκευές καθαρισμού· σίδερα σιδερώματος,Electrical domestic appliances for cleaning; smoothing irons
39713100-4,39713000-3,5,Πλυντήρια πιάτων,Dishwashing machines
39713200-5,39713000-3,5,Πλυντήρια και στεγνωτήρια ρούχων,Clothes-washing and drying machines
39713210-8,39713200-5,6,Πλυντήρια/στεγνωτήρια,Washer/dryers
39713211-5,39713210-8,7,Μονάδες στεγνώματος και σιδερώματος,Drying and pressing unit
39713300-6,39713000-3,5,Συμπιεστές απορριμμάτων,Rubbish compactors
39713400-7,39713000-3,5,Μηχανές συντήρησης δαπέδων,Floor-maintenance machines
39713410-0,39713400-7,6,Μηχανές καθαρισμού δαπέδων,Floor-cleaning machines
39713420-3,39713400-7,6,Μηχανές στίλβωσης δαπέδων,Floor polishers
39713430-6,39713400-7,6,Ηλεκτρικές σκούπες,Vacuum cleaners
39713431-3,39713430-6,7,Εξαρτήματα για ηλεκτρικές σκούπες,Accessories for vacuum cleaners
39713500-8,39713000-3,5,Ηλεκτρικά σίδερα μαλλιών,Electric irons
39713510-1,39713500-8,6,Σίδερα ατμού,Steam irons
39714000-0,39710000-2,4,Ανεμιστήρες και αεριοσυλλέκτες ανακύκλωσης του αέρα,Ventilating or recycling hoods
39714100-1,39714000-0,5,Εξαεριστήρες,Ventilators
39714110-4,39714100-1,6,Απορροφητήρες,Extraction ventilators
39715000-7,39710000-2,4,Θερμαντήρες νερού και θέρμανση κτιρίων· εξοπλισμός εγκαταστάσεων υγιεινής,Water heaters and heating for buildings; plumbing equipment
39715100-8,39715000-7,5,"Ηλεκτρικοί θερμαντήρες νερού, στιγμιαίας θέρμανσης ή θερμοσυσσώρευσης, και θερμαντήρες εμβάπτισης",Electric instantaneous or storage water heaters and immersion heaters
39715200-9,39715000-7,5,Εξοπλισμός θέρμανσης,Heating equipment
39715210-2,39715200-9,6,Εξοπλισμός κεντρικής θέρμανσης,Central-heating equipment
39715220-5,39715200-9,6,Ηλεκτρικές θερμαντικές αντιστάσεις,Electric heating resistors
39715230-8,39715200-9,6,Ηλεκτρικές συσκευές θέρμανσης εδάφους,Electric soil-heating apparatus
39715240-1,39715200-9,6,Ηλεκτρικές συσκευές θέρμανσης χώρων,Electric space-heating apparatus
39715300-0,39715000-7,5,Εξοπλισμός εγκαταστάσεων υγιεινής,Plumbing equipment
39716000-4,39710000-2,4,Μέρη ηλεκτρικών οικιακών συσκευών,Parts of electrical domestic appliances
39717000-1,39710000-2,4,Ανεμιστήρες και συσκευές κλιματισμού,Fans and air-conditioning appliances
39717100-2,39717000-1,5,Ανεμιστήρες,Fans
39717200-3,39717000-1,5,Συσκευές κλιματισμού,Air-conditioning appliances
39720000-5,39700000-9,3,Μη ηλεκτρικές οικιακές συσκευές,Non-electric domestic appliances
39721000-2,39720000-5,4,Οικιακός εξοπλισμός μαγειρέματος ή θέρμανσης,Domestic cooking or heating equipment
39721100-3,39721000-2,5,Οικιακές συσκευές μαγειρέματος,Domestic cooking appliances
39721200-4,39721000-2,5,Ψυγεία που λειτουργούν με αέριο,Gas refrigerators
39721300-5,39721000-2,5,Μη ηλεκτρικά αερόθερμα ή διανεμητές θερμού αέρα,Non-electric air heaters or hot air-distributors
39721310-8,39721300-5,6,Αερόθερμα,Air heaters
39721320-1,39721300-5,6,Στεγνωτήρες αέρα,Air dryers
39721321-8,39721320-1,7,Στεγνωτήρες πεπιεσμένου αέρα,Compressed-air dryers
39721400-6,39721000-2,5,"Μη ηλεκτρικοί θερμαντήρες νερού, στιγμιαίοι ή με θερμοσυσσώρευση",Instantaneous or storage non-electric water heaters
39721410-9,39721400-6,6,Συσκευές αερίου,Gas appliances
39721411-6,39721410-9,7,Θερμαντήρες αερίου,Gas heaters
39722000-9,39720000-5,4,"Μέρη θερμαστρών, συσκευών μαγειρέματος, συσκευών αναθέρμανσης φαγητών και οικιακών συσκευών","Parts of stoves, cookers, plate warmers and domestic appliances"
39722100-0,39722000-9,5,Μέρη θερμαστρών,Parts of stoves
39722200-1,39722000-9,5,Μέρη συσκευών μαγειρέματος,Parts of cookers
39722300-2,39722000-9,5,Μέρη συσκευών αναθέρμανσης φαγητών,Parts of plate warmers
39800000-0,39000000-2,2,Είδη καθαρισμού και στίλβωσης,Cleaning and polishing products
39810000-3,39800000-0,3,Ευώδη παρασκευάσματα και κηροί,Odoriferous preparations and waxes
39811000-0,39810000-3,4,Παρασκευάσματα για αρωματισμό και αποσμητικά χώρου,Preparations for perfuming or deodorising rooms
39811100-1,39811000-0,5,Αποσμητικά χώρου τύπου Air freshner,Air freshener
39811110-4,39811100-1,6,Διανομείς αποσμητικών χώρου τύπου Air freshner,Air freshener dispensers
39811200-2,39811000-0,5,Εξυγιαντές χώρου,Air sanitisers
39811300-3,39811000-0,5,Αποσμητικά χώρου,Deodorisers
39812000-7,39810000-3,4,Στιλβωτικές ουσίες και κρέμες,Polishes and creams
39812100-8,39812000-7,5,Στιλβωτικά δαπέδων,Floor polishes
39812200-9,39812000-7,5,Στιλβωτικά υποδημάτων,Shoe polishes
39812300-0,39812000-7,5,Στιλβωτικοί κηροί,Polishing waxes
39812400-1,39812000-7,5,Υλικά σφουγγαρίσματος,Sweeping compounds
39812500-2,39812000-7,5,Στεγανωτικά,Sealants
39813000-4,39810000-3,4,Πολτοί και σκόνες λείανσης,Scouring pastes and powders
39820000-6,39800000-0,3,Επιφανειοδραστικές οργανικές ουσίες,Organic surface-active agents
39821000-3,39820000-6,4,Καθαριστικά με αμμωνία,Ammonia cleaners
39822000-0,39820000-6,4,Καυστικά καθαριστικά,Caustic cleaners
39830000-9,39800000-0,3,Προϊόντα καθαρισμού,Cleaning products
39831000-6,39830000-9,4,Παρασκευάσματα πλυσίματος,Washing preparations
39831100-7,39831000-6,5,Διαλυτικά ελαίων,Oil dispersant
39831200-8,39831000-6,5,Απορρυπαντικά,Detergents
39831210-1,39831200-8,6,Απορρυπαντικά πλυντηρίου πιάτων,Dishwasher detergents
39831220-4,39831200-8,6,Μέσα απολίπανσης,Degreasing agents
39831230-7,39831200-8,6,Μέσα χώνεψης λιπαρών ουσιών,Grease digesters
39831240-0,39831200-8,6,Ενώσεις καθαρισμού,Cleaning compounds
39831250-3,39831200-8,6,Διαλύματα έκπλυσης,Rinsing solutions
39831300-9,39831000-6,5,Καθαριστικά δαπέδου,Floor cleaners
39831400-0,39831000-6,5,Καθαριστικά οθόνης,Screen cleaners
39831500-1,39831000-6,5,Καθαριστικά αυτοκινήτου,Automotive cleaners
39831600-2,39831000-6,5,Καθαριστικά τουαλέτας,Toilet cleaners
39831700-3,39831000-6,5,Αυτόματοι διανομείς σαπουνιού,Automatic soap dispensers
39832000-3,39830000-9,4,Προϊόντα για το πλύσιμο των πιάτων,Dishwashing products
39832100-4,39832000-3,5,Απορρυπαντικό σε μορφή σκόνης για το πλύσιμο των πιάτων,Dishwashing powder
39833000-0,39830000-9,4,Προϊόντα για το ξεσκόνισμα,Anti-dust products
39834000-7,39830000-9,4,Διαλύματα καθαρισμού κοσμημάτων,Jewellery cleaning solutions
41000000-9,,1,Συλλογή και καθαρισμός νερού,Collected and purified water
41100000-0,41000000-9,2,Φυσικό νερό,Natural water
41110000-3,41100000-0,3,Πόσιμο νερό,Drinking water
41120000-6,41100000-0,3,Μη πόσιμο νερό,Non-drinking water
42000000-6,,1,Μηχανήματα βιομηχανικών εγκαταστάσεων,Industrial machinery
42100000-0,42000000-6,2,Μηχανήματα για την παραγωγή και χρήση της μηχανικής ενέργειας,Machinery for the production and use of mechanical power
42110000-3,42100000-0,3,Τουρμπίνες και κινητήρες,Turbines and motors
42111000-0,42110000-3,4,Κινητήρες παραγωγής (μηχανική ενέργεια),Motors
42111100-1,42111000-0,5,Εξωλέμβιες μηχανές,Outboard motors for marine propulsion
42112000-7,42110000-3,4,Εγκαταστάσεις τουρμπίνων,Turbine installations
42112100-8,42112000-7,5,Τουρμπίνες ατμού,Steam turbines
42112200-9,42112000-7,5,Υδραυλικές τουρμπίνες,Hydraulic turbines
42112210-2,42112200-9,6,Υδραυλικοί τροχοί,Water wheels
42112300-0,42112000-7,5,Τουρμπίνες αερίου,Gas turbines
42112400-1,42112000-7,5,Εξοπλισμός τουρμπινών,Turbine equipment
42112410-4,42112400-1,6,Όργανα τουρμπίνων,Turbine instruments
42113000-4,42110000-3,4,Μέρη στροβίλων,Parts of turbines
42113100-5,42113000-4,5,Μέρη στροβίλων υδρατμού,Parts of steam turbines
42113110-8,42113100-5,6,Πλάκες βάσης,Base plates
42113120-1,42113100-5,6,Πλαίσια επένδυσης,Casings
42113130-4,42113100-5,6,Συστήματα ψύξης αέρα με συμπυκνωτή,Condenser air-cooling systems
42113150-0,42113100-5,6,Συστήματα λιπαντικού ελαίου,Lubricating oil systems
42113160-3,42113100-5,6,Διαχωριστήρες υγρασίας,Moisture separators
42113161-0,42113160-3,7,Αφυγραντήρες,Dehumidifiers
42113170-6,42113100-5,6,Περιστρεφόμενος εξοπλισμός,Rotary equipment
42113171-3,42113170-6,7,Στροφεία,Rotors
42113172-0,42113170-6,7,Πτερύγια,Blades
42113190-2,42113100-5,6,Περιστρεφόμενα μέρη,Turning gear
42113200-6,42113000-4,5,Μέρη υδραυλικών στροβίλων,Parts of hydraulic turbines
42113300-7,42113000-4,5,Μέρη αεριοστροβίλων,Parts of gas turbines
42113310-0,42113300-7,6,Συστήματα προσαγωγής αέρα,Air-inlet systems
42113320-3,42113300-7,6,Στοιχείο ανάφλεξης αερίου,Gas-injection module
42113390-4,42113300-7,6,Συστήματα καυσίμων σε αέρια μορφή,Fuel-gas systems
42113400-8,42113000-4,5,Μέρη υδροτροχών,Parts of water wheels
42120000-6,42100000-0,3,Αντλίες και συμπιεστές,Pumps and compressors
42121000-3,42120000-6,4,Υδραυλικοί ή πνευματικοί κινητήρες και μηχανές παραγωγής ενέργειας,Hydraulic or pneumatic power engines and motors
42121100-4,42121000-3,5,Υδραυλικοί ή πνευματικοί κύλινδροι,Hydraulic or pneumatic cylinders
42121200-5,42121000-3,5,Υδραυλικές μηχανές (οχήματα),Hydraulic power engines
42121300-6,42121000-3,5,Πνευματικές μηχανές (οχήματα),Pneumatic power engines
42121400-7,42121000-3,5,Υδραυλικοί κινητήρες (μηχανική ενέργεια),Hydraulic power motors
42121500-8,42121000-3,5,Πνευματικοί κινητήρες (μηχανική ενέργεια),Pneumatic power motors
42122000-0,42120000-6,4,Αντλίες,Pumps
42122100-1,42122000-0,5,Αντλίες υγρών,Pumps for liquids
42122110-4,42122100-1,6,Αντλίες πυρόσβεσης,Pumps for firefighting
42122120-7,42122100-1,6,Συγκρότημα ανεφοδιασμού καυσίμων ελικοπτέρων,Helicopter refuelling package
42122130-0,42122100-1,6,Αντλίες νερού,Water pumps
42122160-9,42122100-1,6,Αντλίες ψύξης,Cooling pumps
42122161-6,42122160-9,7,Αντλίες νερού ψύξης,Cooling-water pumps
42122170-2,42122100-1,6,Αντλίες λίπανσης,Lubricating pumps
42122180-5,42122100-1,6,Αντλίες καυσίμου,Fuel pumps
42122190-8,42122100-1,6,Αντλίες σκυροδέματος,Concrete pumps
42122200-2,42122000-0,5,Παλινδρομικές αντλίες θετικής μετατόπισης για υγρά,Reciprocating positive-displacement pumps for liquids
42122210-5,42122200-2,6,Υδραυλικά συγκροτήματα παραγωγής ενέργειας,Hydraulic power packs
42122220-8,42122200-2,6,Αντλίες αποχέτευσης,Sewage pumps
42122230-1,42122200-2,6,Αντλίες δοσιμέτρησης,Dosing pumps
42122300-3,42122000-0,5,Συσκευές αύξησης της πίεσης υγρών,Pressure boosters for liquids
42122400-4,42122000-0,5,Φυγοκεντρικές αντλίες και διατάξεις ανύψωσης υγρών,Centrifugal pumps and liquid elevators
42122410-7,42122400-4,6,Αντλίες για ιατρική χρήση,Pumps for medical use
42122411-4,42122410-7,7,Αντλίες παροχής τροφής,Nutritional pumps
42122419-0,42122410-7,7,Αντλίες έκχυσης υγρού,Perfusion pumps
42122420-0,42122400-4,6,Ανυψωτικές διατάξεις υγρών,Liquid elevators
42122430-3,42122400-4,6,Φυγοκεντρικές αντλίες,Centrifugal pumps
42122440-6,42122400-4,6,Περιστροφικές αντλίες,Rotary pumps
42122450-9,42122400-4,6,Αντλίες κενού,Vacuum pumps
42122460-2,42122400-4,6,Αεραντλίες,Air pumps
42122480-8,42122400-4,6,Αντλίες με πτερωτό στροφείο,Impeller pumps
42122500-5,42122000-0,5,Αντλίες και εξαρτήματα εργαστηρίου,Laboratory pumps and accessories
42122510-8,42122500-5,6,Περισταλτικές αντλίες,Peristaltic pumps
42123000-7,42120000-6,4,Συμπιεστές,Compressors
42123100-8,42123000-7,5,Αεριοσυμπιεστές,Gas compressors
42123200-9,42123000-7,5,Περιστροφικοί συμπιεστές,Rotary compressors
42123300-0,42123000-7,5,Συμπιεστές για εξοπλισμό ψύξης,Compressors for refrigerating equipment
42123400-1,42123000-7,5,Αεροσυμπιεστές,Air compressors
42123410-4,42123400-1,6,Συναρμολογημένοι αεροσυμπιεστές,Mounted air compressors
42123500-2,42123000-7,5,Στροβιλοσυμπιεστές,Turbo-compressors
42123600-3,42123000-7,5,Παλινδρομικοί συμπιεστές μετατόπισης,Reciprocating displacement compressors
42123610-6,42123600-3,6,Συγκρότημα πεπιεσμένου αέρα,Compressed-air package
42123700-4,42123000-7,5,Φυγοκεντρικοί συμπιεστές,Centrifugal compressors
42123800-5,42123000-7,5,Συμπιεστές για χρήση σε αεροσκάφη της πολιτικής αεροπορίας,Compressors for use in civil aircraft
42124000-4,42120000-6,4,"Μέρη αντλιών, συμπιεστών, μηχανών ή κινητήρων","Parts of pumps, compressors, engines or motors"
42124100-5,42124000-4,5,Μέρη μηχανών ή κινητήρων,Parts of engines or motors
42124130-4,42124100-5,6,Μέρη πνευματικών μηχανών,Parts of pneumatic engines
42124150-0,42124100-5,6,Μέρη υδραυλικών κινητήρων ή μηχανών,Parts of hydraulic power engines or motors
42124170-6,42124100-5,6,Μέρη κινητήρων αντίδρασης,Parts of reaction engines
42124200-6,42124000-4,5,Μέρη αντλιών ή διατάξεων ανύψωσης υγρών,Parts of pumps or liquid elevators
42124210-9,42124200-6,6,"Μέρη αντλιών καυσίμου, χειροκίνητων αντλιών και αντλιών σκυροδέματος","Parts of fuel, hand and concrete pumps"
42124211-6,42124210-9,7,Μέρη αντλιών καυσίμου,Parts of fuel pumps
42124212-3,42124210-9,7,Μέρη χειροκίνητων αντλιών,Parts of hand pumps
42124213-0,42124210-9,7,Μέρη αντλιών σκυροδέματος,Parts of concrete pumps
42124220-2,42124200-6,6,Μέρη παλινδρομικών αντλιών θετικής μετατόπισης,Parts of reciprocating positive-displacement pumps
42124221-9,42124220-2,7,Μέρη υδραυλικών συγκροτημάτων παραγωγής ενέργειας,Parts of hydraulic power packs
42124222-6,42124220-2,7,Μέρη δοσιμετρικών αντλιών,Parts of dosing pumps
42124230-5,42124200-6,6,Μέρη περιστροφικών αντλιών θετικής μετατόπισης,Parts of rotary positive-displacement pumps
42124290-3,42124200-6,6,Μέρη φυγοκεντρικών αντλιών,Parts of centrifugal pumps
42124300-7,42124000-4,5,"Μέρη αεραντλιών ή αντλιών κενού, αεροσυμπιεστών ή αεριοσυμπιεστών","Parts of air or vacuum pumps, of air or gas compressors"
42124310-0,42124300-7,6,Μέρη αεραντλιών,Parts of air pumps
42124320-3,42124300-7,6,Μέρη αντλιών κενού,Parts of vacuum pumps
42124330-6,42124300-7,6,Μέρη αεροσυμπιεστών,Parts of air compressors
42124340-9,42124300-7,6,Μέρη αεριοσυμπιεστών,Parts of gas compressors
42130000-9,42100000-0,3,"Στρόφιγγες, κρουνοί, δικλείδες και παρόμοια είδη","Taps, cocks, valves and similar appliances"
42131000-6,42130000-9,4,"Στρόφιγγες, κρουνοί και δικλείδες","Taps, cocks and valves"
42131100-7,42131000-6,5,Βαλβίδες συγκεκριμένης λειτουργίας,Valves defined by function
42131110-0,42131100-7,6,Βαλβίδες σωμάτων κεντρικής θέρμανσης,Central-heating radiator valves
42131120-3,42131100-7,6,Βαλβίδες θυρίδος εκροής,Sluice valves
42131130-6,42131100-7,6,Ρυθμιστές θερμοκρασίας,Temperature regulators
42131140-9,42131100-7,6,"Βαλβίδες μείωσης της πίεσης, βαλβίδες ελέγχου, ρυθμιστικές και ασφαλιστικές βαλβίδες","Pressure-reducing, control, check or safety valves"
42131141-6,42131140-9,7,Βαλβίδες μείωσης πίεσης,Pressure-reducing valves
42131142-3,42131140-9,7,Βαλβίδες ελέγχου,Control valves
42131143-0,42131140-9,7,Βαλβίδες ελέγχου ροής,Flood-control valves
42131144-7,42131140-9,7,Βαλβίδες ελέγχου λειτουργιών,Process-control valves
42131145-4,42131140-9,7,Ρυθμιστικές βαλβίδες,Check valves
42131146-1,42131140-9,7,Μη επιστροφικές βαλβίδες,Non-return valves
42131147-8,42131140-9,7,Δικλείδες ασφαλείας,Safety valves
42131148-5,42131140-9,7,Βαλβίδες φραγμού,Stop valves
42131150-2,42131100-7,6,Δικλείδες κατακόρυφων σωλήνων,Standpipe valves
42131160-5,42131100-7,6,Δίκτυο κρουνών υδροληψίας,Hydrants
42131170-8,42131100-7,6,Δικλείδες εξαγωγής κυλινδρικών δοχείων αερίων,Gas-cylinder outlet valves
42131200-8,42131000-6,5,Βαλβίδες προσδιοριζόμενες από την κατασκευή τους,Valves defined by construction
42131210-1,42131200-8,6,Βαλβίδες λεπίδας,Knife valves
42131220-4,42131200-8,6,Δικλείδες πτώσεως,Penstock valves
42131230-7,42131200-8,6,Ρουφράκτες (θυροφράγματα),Gate valves
42131240-0,42131200-8,6,Δικλείδες με σφαίρα,Globe valves
42131250-3,42131200-8,6,Δικλείδες βελόνης,Needle valves
42131260-6,42131200-8,6,Σφαιρικές δικλείδες,Ball valves
42131270-9,42131200-8,6,Δικλείδες με πώμα,Plug valves
42131280-2,42131200-8,6,Στραγγαλισικές δικλείδες,Butterfly valves
42131290-5,42131200-8,6,Δικλείδες διαφράγματος,Diaphragm valves
42131291-2,42131290-5,7,Συρταρωτές δικλείδες,Sliding valves
42131292-9,42131290-5,7,Ποδοβαλβίδες,Flap valves
42131300-9,42131000-6,5,Κωνικές δικλείδες και άλλα συστήματα δικλείδων,Christmas trees and other assemblies of valves
42131310-2,42131300-9,6,Κεφαλές φρέατος πετρελαιοπηγών,Oilrig Christmas trees
42131320-5,42131300-9,6,Πολλαπλές στραγγαλισμού ροής,Choke manifolds
42131390-6,42131300-9,6,Συγκροτήματα βαλβίδων,Assemblies of valves
42131400-0,42131000-6,5,"Στρόφιγγες, κρουνοί ή δικλείδες ειδών υγιεινής","Sanitary taps, cocks"
42132000-3,42130000-9,4,Μέρη στροφίγγων και δικλείδων,Parts of taps and valves
42132100-4,42132000-3,5,Συστήματα ενεργοποίησης δικλείδων,Valve actuators
42132110-7,42132100-4,6,Ηλεκτρικά συστήματα ενεργοποίησης δικλείδων,Electric valve actuators
42132120-0,42132100-4,6,Υδραυλικά συστήματα ενεργοποίησης δικλείδων,Hydraulic valve actuators
42132130-3,42132100-4,6,Πνευματικά συστήματα ενεργοποίησης δικλείδων,Pneumatic valve actuators
42132200-5,42132000-3,5,Μέρη στροφίγγων,Tap parts
42132300-6,42132000-3,5,Μέρη δικλείδων,Valve parts
42140000-2,42100000-0,3,"Οδοντωτοί τροχοί, συστήματα οδοντωτών τροχών και μηχανισμοί μετάδοσης της κίνησης","Gears, gearing and driving elements"
42141000-9,42140000-2,4,"Απλοί οδοντωτοί τροχοί, συστήματα οδοντωτών τροχών και μηχανισμοί μετάδοσης της κίνησης","Plain gears, gearing and driving elements"
42141100-0,42141000-9,5,"Άξονες μετάδοσης κίνησης, εκκεντροφόροι και στροφαλοφόροι άξονες","Transmission, cam- and crank- shafts"
42141110-3,42141100-0,6,Άξονες μετάδοσης της κίνησης,Transmission shafts
42141120-6,42141100-0,6,Εκκεντροφόροι άξονες,Camshafts
42141130-9,42141100-0,6,Στροφαλοφόροι άξονες,Crankshafts
42141200-1,42141000-9,5,Έδρανα τριβέων,Bearing housings
42141300-2,42141000-9,5,Οδοντωτοί τροχοί και συστήματα οδοντωτών τροχών,Gears and gearing
42141400-3,42141000-9,5,Σφόνδυλοι και τροχαλίες,Flywheels and pulleys
42141410-6,42141400-3,6,Βαρούλκα,Winches
42141500-4,42141000-9,5,Συμπλέκτες,Clutches
42141600-5,42141000-9,5,Πολύσπαστο,Pulley blocks
42141700-6,42141000-9,5,Ζεύξεις αξόνων,Shaft couplings
42141800-7,42141000-9,5,Συνδέσεις γενικής χρήσης,Universal joints
42142000-6,42140000-2,4,Μέρη οδοντωτών τροχών και στοιχείων μετάδοσης της κίνησης,Parts of gearing and driving elements
42142100-7,42142000-6,5,Μέρη στοιχείων οδοντωτών τροχών,Parts of gearing elements
42142200-8,42142000-6,5,Μέρη στοιχείων μετάδοσης της κίνησης,Parts of driving elements
42150000-5,42100000-0,3,Πυρηνικοί αντιδραστήρες και μέρη τους,Nuclear reactors and parts
42151000-2,42150000-5,4,Πυρηνικοί αντιδραστήρες,Nuclear reactors
42152000-9,42150000-5,4,Μέρη πυρηνικών αντιδραστήρων,Parts of nuclear reactors
42152100-0,42152000-9,5,Συστήματα ψύξης αντιδραστήρων,Reactor-cooling systems
42152200-1,42152000-9,5,Μέρη δεξαμενών πυρηνικών αντιδραστήρων,Parts of nuclear-reactor vessels
42160000-8,42100000-0,3,Λεβητοστάσια,Boiler installations
42161000-5,42160000-8,4,Λέβητες ζεστού νερού,Hot-water boilers
42162000-2,42160000-8,4,Λέβητες παραγωγής ατμού,Steam-generating boilers
42163000-9,42160000-8,4,Ατμογεννήτριες,Steam generators
42164000-6,42160000-8,4,Βοηθητικός εξοπλισμός για λέβητες,Auxiliary plant for use with boilers
42165000-3,42160000-8,4,Συμπυκνωτές ατμού,Steam condensers
42200000-8,42000000-6,2,"Μηχανήματα επεξεργασίας τροφίμων, ποτών και καπνού και συναφή μέρη αυτών","Machinery for food, beverage and tobacco processing and associated parts"
42210000-1,42200000-8,3,"Μηχανήματα για την επεξεργασία τροφίμων, ποτών και καπνού","Food, beverage and tobacco-processing machinery"
42211000-8,42210000-1,4,Μηχανήματα επεξεργασίας γαλακτοκομικών,Dairy machinery
42211100-9,42211000-8,5,Φυγοκεντρικές μηχανές διαχωρισμού της κρέμας (αποκορύφωσης),Centrifugal cream separators
42212000-5,42210000-1,4,Μηχανήματα επεξεργασίας δημητριακών ή αποξηραμένων λαχανικών,Machinery for processing cereals or dried vegetables
42213000-2,42210000-1,4,Μηχανήματα που χρησιμοποιούνται στην παρασκευή οινοπνευματωδών ποτών ή φρουτοχυμών,Machinery used in the manufacture of alcoholic or fruit beverages
42214000-9,42210000-1,4,"Φούρνοι μαγειρέματος, ξηραντήρες γεωργικών προϊόντων και εξοπλισμός για μαγείρεμα ή ζέσταμα","Cooking ovens, dryers for agricultural products and equipment for cooking or heating"
42214100-0,42214000-9,5,Φούρνοι μαγειρέματος,Cooking ovens
42214110-3,42214100-0,6,Εσχάρες μαγειρέματος,Grills
42214200-1,42214000-9,5,Ξηραντήρες γεωργικών προϊόντων,Dryers for agricultural products
42215000-6,42210000-1,4,Μηχανήματα για τη βιομηχανική προετοιμασία ή παρασκευή τροφίμων ή ποτών,Machinery for the industrial preparation or manufacture of food or drink
42215100-7,42215000-6,5,Μηχανήματα τεμαχισμού τροφίμων,Food-cutting machines
42215110-0,42215100-7,6,Μηχανήματα κοπής ψωμιού σε φέτες,Bread-slicing machines
42215120-3,42215100-7,6,Μηχανήματα κοπής μπέικον σε φέτες,Bacon slicers
42215200-8,42215000-6,5,Μηχανήματα επεξεργασίας τροφίμων,Food-processing machinery
42215300-9,42215000-6,5,Μηχανήματα παραγωγής ζυμαρικών,Pasta-making machines
42216000-3,42210000-1,4,Μηχανήματα κατεργασίας καπνού,Machinery for processing tobacco
42220000-4,42200000-8,3,"Μέρη μηχανημάτων για την επεξεργασία τροφίμων, ποτών και καπνού","Parts of machinery for food, beverage and tobacco processing"
42221000-1,42220000-4,4,Μέρη μηχανημάτων για την επεξεργασία τροφίμων,Parts of machinery for food processing
42221100-2,42221000-1,5,Μέρη μηχανημάτων επεξεργασίας γαλακτοκομικών,Parts of dairy machinery
42221110-5,42221100-2,6,Μέρη αμελκτικών μηχανών,Parts of milking machines
42222000-8,42220000-4,4,Μέρη μηχανημάτων επεξεργασίας ποτών,Parts of machinery for beverage processing
42223000-5,42220000-4,4,Μέρη μηχανημάτων κατεργασίας καπνού,Parts of machinery for tobacco processing
42300000-9,42000000-6,2,"Βιομηχανικοί ή εργαστηριακοί κλίβανοι, καυστήρες και φούρνοι","Industrial or laboratory furnaces, incinerators and ovens"
42310000-2,42300000-9,3,Καυστήρες κλιβάνων,Furnace burners
42320000-5,42300000-9,3,Κλίβανοι αποτέφρωσης απορριμμάτων,Waste incinerators
42330000-8,42300000-9,3,Κλίβανοι τήξης,Smelting furnaces
42340000-1,42300000-9,3,Μη οικιακοί φούρνοι,Non-domestic ovens
42341000-8,42340000-1,4,Επαγγελματικοί φούρνοι,Commercial ovens
42350000-4,42300000-9,3,Αποτεφρωτές,Cremators
42390000-6,42300000-9,3,"Μέρη καυστήρων κλιβάνων, κλιβάνων και φούρνων","Parts of furnace burners, furnaces or ovens"
42400000-0,42000000-6,2,Μέρη και εξοπλισμός ανύψωσης και διακίνησης υλικών,Lifting and handling equipment and parts
42410000-3,42400000-0,3,Εξοπλισμός ανύψωσης και διακίνησης,Lifting and handling equipment
42411000-0,42410000-3,4,Πολύσπαστα και ανυψωτικά βαρούλκα,Pulley tackle and hoists
42412000-7,42410000-3,4,"Μηχανές ανέλκυσης στο στόμιο του φρέατος, βαρούλκα για υπόγεια χρήση και εργάτες","Pithead winding gear, winches for underground use, and capstans"
42412100-8,42412000-7,5,Μηχανές ανέλκυσης στο στόμιο του φρέατος και βαρούλκα για υπόγεια χρήση,Pithead winding gear and winches for use underground
42412110-1,42412100-8,6,Μηχανές ανέλκυσης στο στόμιο του φρέατος,Pithead winding gear
42412120-4,42412100-8,6,Βαρούλκα για υπόγεια χρήση,Winches for use underground
42412200-9,42412000-7,5,Βαρούλκα-εργάτες,Capstans
42413000-4,42410000-3,4,Γρύλοι και ανυψωτικά βαρούλκα οχημάτων,Jacks and vehicle hoists
42413100-5,42413000-4,5,Ενσωματωμένα ανυψωτικά μηχανήματα,Built-in jacking systems
42413200-6,42413000-4,5,Υδραυλικοί γρύλοι,Hydraulic jacks
42413300-7,42413000-4,5,Πνευματικοί γρύλοι,Pneumatic jacks
42413400-8,42413000-4,5,Μηχανικοί γρύλοι,Mechanical jacks
42413500-9,42413000-4,5,Ανυψωτικά συστήματα οχημάτων,Vehicle hoists
42414000-1,42410000-3,4,"Γερανοί, κινητά ανυψωτικά πλαίσια και γερανοφόρα οχήματα κατασκευών","Cranes, mobile lifting frames and works trucks fitted with a crane"
42414100-2,42414000-1,5,Γερανοί,Cranes
42414110-5,42414100-2,6,Γερανοί λιμένων,Harbour cranes
42414120-8,42414100-2,6,Γερανοί για αποβάθρες,Quayside cranes
42414130-1,42414100-2,6,Γερανοί στοιβασίας,Stacker cranes
42414140-4,42414100-2,6,Γερανοί εμπορευματοκιβωτίων,Container cranes
42414150-7,42414100-2,6,Πυργωτοί γερανοί,Tower cranes
42414200-3,42414000-1,5,Υπερκείμενοι κυλιόμενοι γερανοί,Overhead travelling cranes
42414210-6,42414200-3,6,Κυλιόμενοι γερανοί,Travelling crane
42414220-9,42414200-3,6,Γερανογέφυρα,Traversing bridge
42414300-4,42414000-1,5,Φορητοί γερανοί με βραχίονα,Portal jib cranes
42414310-7,42414300-4,6,Γερανογέφυρα επί ικριώματος,Mobile lifting frames
42414320-0,42414300-4,6,Γερανοί με βραχίονα σε βάθρο,Pedestal jib cranes
42414400-5,42414000-1,5,Γερανοί προσαρμοσμένοι επί οχημάτων,Vehicle-mounted cranes
42414410-8,42414400-5,6,Γερανοί για φορτηγά,Cranes for trucks
42414500-6,42414000-1,5,Γερανογέφυρες,Bridge cranes
42415000-8,42410000-3,4,"Περονοφόρα ανυψωτικά οχήματα, οχήματα κατασκευαστικών έργων, ελκυστήρες για αποβάθρες σιδηροδρομικών σταθμών","Forklift trucks, works trucks, railway-station platforms tractors"
42415100-9,42415000-8,5,Ανυψωτικά οχήματα,Lifting trucks
42415110-2,42415100-9,6,Περονοφόρα ανυψωτικά οχήματα,Forklift trucks
42415200-0,42415000-8,5,Οχήματα κατασκευαστικών έργων,Works trucks
42415210-3,42415200-0,6,Οχήματα κατασκευαστικών έργων με εξοπλισμό χειρισμού,Works trucks fitted with handling equipment
42415300-1,42415000-8,5,Ελκυστήρες για αποβάθρες σιδηροδρομικών σταθμών,Railway-station platforms tractors
42415310-4,42415300-1,6,Οχήματα ελεύθερης οδήγησης,Free-steered vehicles (FSVS)
42415320-7,42415300-1,6,Εξοπλισμός οχημάτων έκτακτης ανάγκης,Equipment for emergency vehicles
42416000-5,42410000-3,4,"Ανελκυστήρες, καδοφόροι ανυψωτήρες, ανυψωτικά μηχανήματα, κυλιόμενες σκάλες και κυλιόμενοι τάπητες","Lifts, skip hoists, hoists, escalators and moving walkways"
42416100-6,42416000-5,5,Ανελκυστήρες,Lifts
42416110-9,42416100-6,6,Ανυψωτικοί μηχανισμοί μπάνιου,Bath lifts
42416120-2,42416100-6,6,Αναβατόρια φορτίων,Goods lifts
42416130-5,42416100-6,6,Μηχανικοί ανελκυστήρες,Mechanical lifts
42416200-7,42416000-5,5,Καδοφόροι ανυψωτήρες,Skip hoists
42416210-0,42416200-7,6,Ανυψωτικά μηχανήματα κάδων,Bin-lifts
42416300-8,42416000-5,5,Ανυψωτήρες,Hoists
42416400-9,42416000-5,5,Κυλιόμενες σκάλες,Escalators
42416500-0,42416000-5,5,Κυλιόμενα δάπεδα,Moving walkways
42417000-2,42410000-3,4,Ανυψωτήρες και μεταφορικά συστήματα,Elevators and conveyors
42417100-3,42417000-2,5,Πνευματικοί ανυψωτήρες ή μεταφορικά συστήματα,Pneumatic elevators or conveyors
42417200-4,42417000-2,5,Μεταφορικά συστήματα,Conveyors
42417210-7,42417200-4,6,"Ανυψωτήρες και ταινίες μεταφοράς, συνεχούς λειτουργίας, τύπου κάδου","Bucket-type, continuous-action elevators or conveyors"
42417220-0,42417200-4,6,"Ανυψωτήρες και ταινίες μεταφοράς, συνεχούς λειτουργίας, τύπου ιμάντα",Belt-type continuous-action elevators or conveyors
42417230-3,42417200-4,6,Θωρακισμένοι μεταφορείς για την εκμετάλλευση ορυχείων,Armoured-faced conveyors (AFCS) for mining
42417300-5,42417000-2,5,Μεταφορικός εξοπλισμός,Conveyor equipment
42417310-8,42417300-5,6,Μεταφορικές ταινίες,Conveyor belts
42418000-9,42410000-3,4,"Μηχανήματα ανύψωσης, διακίνησης, φόρτωσης ή εκφόρτωσης","Lifting, handling, loading or unloading machinery"
42418100-0,42418000-9,5,"Προωθητικές διατάξεις βαγονιών ορυχείων, συστήματα προώθησης μηχανών έλξης ή βαγονιών",Mine-wagon pushers and locomotive or wagon traversers
42418200-1,42418000-9,5,Εξοπλισμός μονοτρόχιου σιδηροδρόμου ή ανελκυστήρων χιονοδρόμων,Monorail or ski-lift equipment
42418210-4,42418200-1,6,Εξοπλισμός εναέριου σιδηροδρόμου απλής τροχιάς,Overhead monorail equipment
42418220-7,42418200-1,6,Τελεσιέζ,Chairlifts
42418290-8,42418200-1,6,Ανελκυστήρες χιονοδρόμων,Ski-lift equipment
42418300-2,42418000-9,5,Εξοπλισμός εκσκαφής με ειδικές αιχμές,Flare tip removal equipment
42418400-3,42418000-9,5,Περιστρεφόμενοι μηχανισμοί αποθήκευσης και ανάκτησης υλικού,Carousel storage and retrieval machines
42418500-4,42418000-9,5,Μηχανολογικός εξοπλισμός χειρισμού,Mechanical handling equipment
42418900-8,42418000-9,5,Μηχανήματα φόρτωσης ή διακίνησης,Loading or handling machinery
42418910-1,42418900-8,6,Εξοπλισμός φόρτωσης,Loading equipment
42418920-4,42418900-8,6,Εξοπλισμός εκφόρτωσης,Unloading equipment
42418930-7,42418900-8,6,Πλευρικοί φορτωτές,Sideloaders
42418940-0,42418900-8,6,Εξοπλισμός διακίνησης εμπορευματοκιβωτίων,Container-handling equipment
42419000-6,42410000-3,4,Μέρη εξοπλισμού ανύψωσης και διακίνησης υλικών,Parts of lifting and handling equipment
42419100-7,42419000-6,5,Μέρη γερανών,Parts of cranes
42419200-8,42419000-6,5,Μέρη οχημάτων κατασκευαστικών έργων,Parts of works trucks
42419500-1,42419000-6,5,"Μέρη ανελκυστήρων, καδοφόρων ανυψωτήρων ή κυλιόμενων κλιμάκων","Parts of lift, skip hoists or escalators"
42419510-4,42419500-1,6,Μέρη ανελκυστήρων,Parts of lifts
42419520-7,42419500-1,6,Μέρη καδοφόρων ανυψωτήρων,Parts of skip hoists
42419530-0,42419500-1,6,Μέρη κυλιόμενων κλιμάκων,Parts of escalators
42419540-3,42419500-1,6,Μέρη κυλιόμενων διαδρόμων,Parts of moving walkways
42419800-4,42419000-6,5,Μέρη μεταφορικών ταινιών,Parts of conveyors
42419810-7,42419800-4,6,Μέρη μεταφορικών ταινιών με ιμάντα,Parts of belt conveyors
42419890-1,42419800-4,6,Μέρη μεταφορικών ταινιών με κάδους,Parts of bucket conveyors
42419900-5,42419000-6,5,Μέρη μηχανημάτων ανέλκυσης και άλλου εξοπλισμού ανύψωσης ή διακίνησης,Parts of winding gear and other lifting or handling equipment
42420000-6,42400000-0,3,"Κάδοι, πτύα, αρπάγες και λαβές για γερανούς ή εκσκαφείς","Buckets, shovels, grabs and grips for cranes or excavators"
42500000-1,42000000-6,2,Εξοπλισμός ψύξης και αερισμού,Cooling and ventilation equipment
42510000-4,42500000-1,3,"Μονάδες εναλλαγής θερμότητας, κλιματιστικός και ψυκτικός εξοπλισμός, μηχανήματα διήθησης","Heat-exchange units, air-conditioning and refrigerating equipment, and filtering machinery"
42511000-1,42510000-4,4,Μονάδες εναλλαγής θερμότητας και μηχανήματα υγροποίησης αέρα ή άλλων αερίων,Heat-exchange units and machinery for liquefying air or other gases
42511100-2,42511000-1,5,Μονάδες εναλλαγής θερμότητας,Heat-exchange units
42511110-5,42511100-2,6,Αντλίες θερμότητας,Heat pumps
42511200-3,42511000-1,5,Μηχανές υγροποίησης αέρα ή άλλων αερίων,Machinery for liquefying air or other gases
42512000-8,42510000-4,4,Κλιματιστικές εγκαταστάσεις,Air-conditioning installations
42512100-9,42512000-8,5,Κλιματιστικά μηχανήματα προσαρμοζόμενα επί παραθύρου,Window air-conditioning machines
42512200-0,42512000-8,5,Κλιματιστικά μηχανήματα προσαρμοζόμενα επί τοίχου,Wall air-conditioning machines
42512300-1,42512000-8,5,"Συγκροτήματα θέρμανσης, αερισμού και κλιματισμού",HVAC packages
42512400-2,42512000-8,5,Κλιματιστικές εγκαταστάσεις οχημάτων,Vehicle air conditioners
42512500-3,42512000-8,5,Μέρη κλιματιστικών μηχανημάτων,Parts of air-conditioning machines
42512510-6,42512500-3,6,Υγραντήρες,Dampers
42512520-9,42512500-3,6,Στόμιο αερισμού με περσίδες,Louvres
42513000-5,42510000-4,4,Εξοπλισμός ψύξης και κατάψυξης,Refrigerating and freezing equipment
42513100-6,42513000-5,5,Εξοπλισμός κατάψυξης,Freezing equipment
42513200-7,42513000-5,5,Εξοπλισμός ψύξης,Refrigerating equipment
42513210-0,42513200-7,6,Βιτρίνες-ψυγεία για την έκθεση ειδών διατροφής,Refrigerated showcases
42513220-3,42513200-7,6,Ανοιχτά ψυγεία πώλησης τροφίμων,Refrigerated counters
42513290-4,42513200-7,6,Επαγγελματικός ψυκτικός εξοπλισμός,Commercial refrigerating equipment
42514000-2,42510000-4,4,Μηχανήματα και συσκευές διήθησης ή καθαρισμού αερίων,Machinery and apparatus for filtering or purifying gases
42514200-4,42514000-2,5,Ηλεκτροστατικές συσκευές καθαρισμού αέρα και αερίων,Electrostatic air and gas cleaners
42514300-5,42514000-2,5,Συσκευές διήθησης,Filtering apparatus
42514310-8,42514300-5,6,Φίλτρα αέρα,Air filters
42514320-1,42514300-5,6,Φίλτρα αερίων,Gas filters
42515000-9,42510000-4,4,Λέβητες κεντρικής αστικής θέρμανσης,District heating boiler
42520000-7,42500000-1,3,Εξοπλισμός αερισμού,Ventilation equipment
42521000-4,42520000-7,4,Εξοπλισμός απαγωγής καπναερίων,Smoke-extraction equipment
42522000-1,42520000-7,4,Μη οικιακοί ανεμιστήρες,Non-domestic fans
42522100-2,42522000-1,5,Μέρη ανεμιστήρων,Parts of fans
42530000-0,42500000-1,3,Μέρη εξοπλισμού ψύξης και κατάψυξης και αντλιών θερμότητας,Parts of refrigerating and freezing equipment and heat pumps
42531000-7,42530000-0,4,Μέρη ψυκτικού εξοπλισμού,Parts of refrigerating equipment
42532000-4,42530000-0,4,Μέρη εξοπλισμού κατάψυξης,Parts of freezing equipment
42533000-1,42530000-0,4,Μέρη αντλιών θερμότητας,Parts of heat pumps
42600000-2,42000000-6,2,Εργαλειομηχανές,Machine tools
42610000-5,42600000-2,3,Εργαλειομηχανές που λειτουργούν με λέιζερ και μηχανουργεία,Machine tools operated by laser and machining centres
42611000-2,42610000-5,4,Εργαλειομηχανές ειδικής χρήσης,Special-purpose machine tools
42612000-9,42610000-5,4,Μηχανουργεία,Machining centre
42612100-0,42612000-9,5,Μηχανουργεία κατεργασίας οριζόντιας ατράκτου,Horizontal-spindle machining centre
42612200-1,42612000-9,5,Μηχανουργεία κατεργασίας κατακόρυφης ατράκτου,Vertical-spindle machining centre
42620000-8,42600000-2,3,"Τόρνοι, τρυπάνια και φρέζες","Lathes, boring and milling machine tools"
42621000-5,42620000-8,4,Τόρνοι,Lathes
42621100-6,42621000-5,5,Ηλεκτρονικοί τόρνοι,CNC lathe
42622000-2,42620000-8,4,Μηχανές διαμόρφωσης σπειρωμάτων και ελίκων σε μέταλλα,Threading or tapping machines
42623000-9,42620000-8,4,Φρέζες,Milling machines
42630000-1,42600000-2,3,Εργαλειομηχανές για κατεργασία μετάλλων,Metal-working machine tools
42631000-8,42630000-1,4,Εργαλειομηχανές για φινίρισμα μετάλλων,Machine tools for finishing metals
42632000-5,42630000-1,4,Εργαλειομηχανές ψηφιακού ελέγχου,Numerically-controlled machines for metal
42633000-2,42630000-1,4,"Μηχανές για κάμψη, δίπλωση, ίσιωμα ή επιπεδοποίηση","Bending, folding, straightening or flattening machines"
42634000-9,42630000-1,4,Μηχανές σφυρηλασίας,Forging machines
42635000-6,42630000-1,4,Μηχανές λείανσης σφυρηλατημένων μετάλλων,Die-stamping machines
42636000-3,42630000-1,4,Πρέσες,Presses
42636100-4,42636000-3,5,Υδραυλικές πρέσες,Hydraulic presses
42637000-0,42630000-1,4,"Εργαλειομηχανές για τη διάτρηση, τη διάνοιξη οπών ή το φρεζάρισμα μετάλλων","Machine tools for drilling, boring or milling metal"
42637100-1,42637000-0,5,Εργαλειομηχανές για τη διάτρηση μετάλλων,Machine tools for drilling metal
42637200-2,42637000-0,5,Εργαλειομηχανές για τη διάνοιξη οπών σε μέταλλα,Machine tools for boring metal
42637300-3,42637000-0,5,Εργαλειομηχανές για το φρεζάρισμα μετάλλων,Machine tools for milling metal
42638000-7,42630000-1,4,Μηχανουργεία κατεργασίας μετάλλων,Metal-working machining centre
42640000-4,42600000-2,3,Εργαλειομηχανές για την κατεργασία σκληρών υλικών εκτός από μέταλλα,Machine tools for working hard materials except metals
42641000-1,42640000-4,4,"Εργαλειομηχανές για την κατεργασία λίθων, κεραμικών, σκυροδέματος ή υάλου","Machine tools for working stone, ceramics, concrete or glass"
42641100-2,42641000-1,5,Εργαλειομηχανές για την κατεργασία λίθων,Machine tools for working stone
42641200-3,42641000-1,5,Εργαλειομηχανές για την κατεργασία κεραμικών,Machine tools for working ceramics
42641300-4,42641000-1,5,Εργαλειομηχανές για την κατεργασία σκυροδέματος,Machine tools for working concrete
42641400-5,42641000-1,5,Εργαλειομηχανές για την κατεργασία υάλου,Machine tools for working glass
42642000-8,42640000-4,4,"Εργαλειομηχανές για την κατεργασία ξύλου, φελλού, οστών, σκληρού καουτσούκ, ή σκληρού πλαστικού","Machine tools for working wood, bone, cork, hard rubber or hard plastics"
42642100-9,42642000-8,5,Εργαλειομηχανές για την κατεργασία ξύλου,Machine tools for working wood
42642200-0,42642000-8,5,Εργαλειομηχανές για την κατεργασία οστού,Machine tools for working bone
42642300-1,42642000-8,5,Εργαλειομηχανές για την κατεργασία φελλού,Machine tools for working cork
42642400-2,42642000-8,5,Εργαλειομηχανές για την κατεργασία σκληρού καουτσούκ,Machine tools for working hard rubber
42642500-3,42642000-8,5,Εργαλειομηχανές για την κατεργασία σκληρού πλαστικού,Machine tools for working hard plastics
42650000-7,42600000-2,3,Πνευματικά ή μηχανοκίνητα εργαλεία χειρός,Pneumatic or motorised hand tools
42651000-4,42650000-7,4,Πνευματικά εργαλεία χειρός,Pneumatic hand tools
42652000-1,42650000-7,4,Ηλεκτρομηχανικά εργαλεία χειρός,Hand-held electromechanical tools
42660000-0,42600000-2,3,"Εργαλεία για μαλακή συγκόλληση, σκληρή συγκόλληση και θερμοσυγκόλληση, μηχανές και συσκευές για επιφανειακή βαφή και ψεκασμό εν θερμώ","Soldering, brazing and welding tools, surface tempering and hot-spraying machines and equipment"
42661000-7,42660000-0,4,Εξοπλισμός για μαλακή και σκληρή συγκόλληση,Soldering and brazing equipment
42661100-8,42661000-7,5,Εξοπλισμός για μαλακή συγκόλληση,Soldering equipment
42661200-9,42661000-7,5,Εξοπλισμός για σκληρή συγκόλληση,Brazing equipment
42662000-4,42660000-0,4,Εξοπλισμός συγκόλλησης,Welding equipment
42662100-5,42662000-4,5,Εξοπλισμός ηλεκτροσυγκόλλησης,Electric welding equipment
42662200-6,42662000-4,5,Εξοπλισμός μη ηλεκτρικής συγκόλλησης,Non-electric welding equipment
42663000-1,42660000-0,4,Μηχανήματα σκλήρυνσης επιφανειών,Surface tempering machines
42664000-8,42660000-0,4,Εξοπλισμός τήξης,Fusion equipment
42664100-9,42664000-8,5,Εξοπλισμός θερμοπλαστικής συγκόλλησης,Fusion equipment for plastics
42665000-5,42660000-0,4,Μηχανήματα ψεκασμού μετάλλων,Metal-spraying machinery
42670000-3,42600000-2,3,Μέρη και εξαρτήματα εργαλειομηχανών,Parts and accessories of machine tools
42671000-0,42670000-3,4,Εργαλειοφορεία,Tool holders
42671100-1,42671000-0,5,Εργαλειοφορεία εργαστηρίου,Laboratory tool carriers
42671110-4,42671100-1,6,Σχάρες δοκιμαστικών σωλήνων για υδατόλουτρα,Test tube racks for baths
42672000-7,42670000-3,4,Διατάξεις συγκράτησης των προς επεξεργασία τεμαχίων για εργαλειομηχανές,Machine-tool work holders
42673000-4,42670000-3,4,Ειδικά εξαρτήματα εργαλειομηχανών τεμαχισμού,Machine-tool dividing special attachments
42674000-1,42670000-3,4,Μέρη και εξαρτήματα για εργαλειομηχανές κατεργασίας μετάλλου,Parts and accessories for metal-working machine tools
42675000-8,42670000-3,4,Μέρη και εξαρτήματα για εργαλειομηχανές κατεργασίας σκληρών υλικών,Parts and accessories for hard material-working machine tools
42675100-9,42675000-8,5,Μέρη αλυσοπριόνων,Parts of chain saws
42676000-5,42670000-3,4,Μέρη εργαλείων χειρός,Parts of hand tools
42677000-2,42670000-3,4,Μέρη πνευματικών εργαλείων,Parts of pneumatic tools
42700000-3,42000000-6,2,"Μηχανήματα παραγωγής κλωστοϋφαντουργικών προϊόντων, ειδών ένδυσης και δερμάτινων ειδών","Machinery for textile, apparel and leather production"
42710000-6,42700000-3,3,Μηχανήματα παραγωγής κλωστοϋφαντουργικών προϊόντων,Machinery for textiles
42711000-3,42710000-6,4,Μηχανές επεξεργασίας τεχνητών κλωστοϋφαντουργικών υλικών,Machines for processing man-made textile materials
42712000-0,42710000-6,4,Μηχανές κλώσης κλωστοϋφαντουργικών προϊόντων,Textile spinning machines
42713000-7,42710000-6,4,Υφαντικές μηχανές,Weaving machines
42714000-4,42710000-6,4,Πλεκτομηχανές,Knitting machines
42715000-1,42710000-6,4,Ραπτομηχανές,Sewing machines
42716000-8,42710000-6,4,"Πλυντήρια ρούχων, μηχανές στεγνού καθαρισμού και στεγνωτήρια","Laundry washing, dry-cleaning and drying machines"
42716100-9,42716000-8,5,Εγκατάσταση πλυντηρίου ρούχων,Washing installation
42716110-2,42716100-9,6,Εξοπλισμός πλυσίματος,Washing equipment
42716120-5,42716100-9,6,Πλυντήρια ρούχων,Washing machines
42716130-8,42716100-9,6,Μηχανές στεγνού καθαρισμού,Dry-cleaning machines
42716200-0,42716000-8,5,Στεγνωτήρια,Drying machines
42717000-5,42710000-6,4,Εξοπλισμός σιδερώματος και διπλώματος ρούχων,Linen ironing and folding equipment
42717100-6,42717000-5,5,Εξοπλισμός διπλώματος ρούχων,Linen folding equipment
42718000-2,42710000-6,4,Μηχανήματα για το φινίρισμα κλωστοϋφαντουργικών προϊόντων,Textile-finishing machinery
42718100-3,42718000-2,5,Μηχανήματα σιδερώματος,Ironing machines
42718200-4,42718000-2,5,Πρέσες σιδερώματος,Ironing presses
42720000-9,42700000-3,3,Μέρη μηχανημάτων παραγωγής κλωστοϋφαντουργικών προϊόντων και ειδών ένδυσης,Parts of machinery for textile and apparel production
42800000-4,42000000-6,2,Μηχανήματα παραγωγής χαρτιού και χαρτονιού,Machinery for paper or paperboard production
42810000-7,42800000-4,3,Μέρη μηχανημάτων παραγωγής χαρτιού και χαρτονιού,Parts of machinery for paper or paperboard production
42900000-5,42000000-6,2,Διάφορα μηχανήματα γενικής και ειδικής χρήσης,Miscellaneous general and special-purpose machinery
42910000-8,42900000-5,3,"Συσκευές απόσταξης, διήθησης ή επαναδιύλισης","Distilling, filtering or rectifying apparatus"
42912000-2,42910000-8,4,Μηχανήματα και συσκευές διήθησης ή καθαρισμού υγρών,Liquid filtering or purifying machinery and apparatus
42912100-3,42912000-2,5,Μηχανές και συσκευές διήθησης υγρών,Machinery and apparatus for filtering liquids
42912110-6,42912100-3,6,Συσκευές διήθησης ιλύος γεωτρήσεων,Drilling-mud filtering apparatus
42912120-9,42912100-3,6,Υδροκυκλώνες,Hydrocyclone machinery
42912130-2,42912100-3,6,Συσκευές διήθησης ή καθαρισμού ποτών,Apparatus for filtering or purifying beverages
42912300-5,42912000-2,5,Μηχανήματα και συσκευές διήθησης ή καθαρισμού νερού,Machinery and apparatus for filtering or purifying water
42912310-8,42912300-5,6,Συσκευές διήθησης νερού,Water filtration apparatus
42912320-1,42912300-5,6,Συσκευές απαέρωσης,De-aeration apparatus
42912330-4,42912300-5,6,Συσκευές καθαρισμού νερού,Water-purifying apparatus
42912340-7,42912300-5,6,Συσκευές αφαλάτωσης,Desalination apparatus
42912350-0,42912300-5,6,Εξοπλισμός εγκαταστάσεων διήθησης,Filtration plant equipment
42913000-9,42910000-8,4,"Φίλτρα λαδιού, βενζίνης και αέρα","Oil, petrol and air-intake filters"
42913300-2,42913000-9,5,Φίλτρα λαδιού,Oil filters
42913400-3,42913000-9,5,Φίλτρα βενζίνης,Petrol filters
42913500-4,42913000-9,5,Φίλτρα αέρα για κινητήρες,Air-intake filters
42914000-6,42910000-8,4,Εξοπλισμός ανακύκλωσης,Recycling equipment
42920000-1,42900000-5,3,"Μηχανήματα καθαρισμού φιαλών, συσκευασίας και ζύγισης, μηχανήματα ψεκασμού","Machinery for cleaning bottles, packing and weighing and spraying machinery"
42921000-8,42920000-1,4,"Μηχανήματα καθαρισμού, πλήρωσης, συσκευασίας ή περιτυλίγματος φιαλών ή άλλων δοχείων","Machinery for cleaning, filling, packing or wrapping bottles or other containers"
42921100-9,42921000-8,5,Μηχανήματα καθαρισμού ή στεγνώματος φιαλών ή άλλων δοχείων,Machinery for cleaning or drying bottles or other containers
42921200-0,42921000-8,5,"Μηχανήματα πλήρωσης ή κλεισίματος φιαλών, κυτίων ή άλλων δοχείων","Machinery for filling or closing bottles, cans or other containers"
42921300-1,42921000-8,5,Μηχανήματα συσκευασίας ή περιτυλίγματος,Packing or wrapping machinery
42921310-4,42921300-1,6,Μηχανήματα δεσίματος και συσκευασίας με ιμάντα,Strapping machines
42921320-7,42921300-1,6,Μηχανήματα συσκευασίας,Packaging machines
42921330-0,42921300-1,6,Μηχανήματα περιτυλίγματος,Wrapping machines
42923000-2,42920000-1,4,Μηχανήματα ζύγισης και πλάστιγγες,Weighing machinery and scales
42923100-3,42923000-2,5,Μηχανήματα ζύγισης,Weighing machinery
42923110-6,42923100-3,6,Ζυγαριές,Balances
42923200-4,42923000-2,5,Ζυγοί,Scales
42923210-7,42923200-4,6,Ζυγοί καταστημάτων,Shop scales
42923220-0,42923200-4,6,Ζυγαριές συνεχούς ζύγισης αγαθών,Scales for continuous weighing of goods
42923230-3,42923200-4,6,Ζυγοί ελέγχου βάρους,Checkweigher scales
42924200-1,42920000-1,5,Συσκευές ατμοβολής ή αμμοβολής,Steam or sand blasting machines
42924300-2,42920000-1,5,Εξοπλισμός ψεκασμού,Spraying equipment
42924310-5,42924300-2,6,Πιστόλια-ψεκαστήρες,Spray guns
42924700-6,42920000-1,5,"Μηχανικές συσκευές εκτόξευσης, διασκόρπισης ή ψεκασμού","Mechanical appliances for projecting, dispersing or spraying"
42924710-9,42924700-6,6,Συσκευές διασκόρπισης αερίων,Gas-dispersing apparatus
42924720-2,42924700-6,6,Εξοπλισμός απολύμανσης κυρίως εκ τοξικών ουσιών,Decontamination equipment
42924730-5,42924700-6,6,Συσκευές καθαρισμού με εκτόξευση νερού υπό πίεση,Pressurised water cleaning apparatus
42924740-8,42924700-6,6,Συσκευές καθαρισμού υψηλής πίεσης,High-pressure cleaning apparatus
42924790-3,42924700-6,6,Συσκευές αποσμητικών χώρου,Odour-masking apparatus
42930000-4,42900000-5,3,"Μηχανήματα φυγοκέντρισης, στίλβωσης και αυτόματοι πωλητές","Centrifuges, calendering or vending machines"
42931000-1,42930000-4,4,Μηχανήματα φυγοκέντρισης,Centrifuges
42931100-2,42931000-1,5,Εργαστηριακά μηχανήματα φυγοκέντρησης και εξαρτήματα,Laboratory centrifuges and accessories
42931110-5,42931100-2,6,Επιδαπέδια μηχανήματα φυγοκέντρισης,Floor-model centrifuges
42931120-8,42931100-2,6,Επιτραπέζια μηχανήματα φυγοκέντρισης,Tabletop centrifuges
42931130-1,42931100-2,6,Μειωτήρες για μηχανήματα φυγοκέντρισης,Inserts for centrifuges
42931140-4,42931100-2,6,Περιστροφικός εξοπλισμός για μηχανήματα φυγοκέντρισης,Rotary equipment for centrifuges
42932000-8,42930000-4,4,Μηχανήματα στίλβωσης,Calendering machines
42932100-9,42932000-8,5,Μηχανήματα κυλίνδρωσης,Rolling machines
42933000-5,42930000-4,4,Αυτόματα μηχανήματα πώλησης,Vending machines
42933100-6,42933000-5,5,Αυτόματα μηχανήματα πώλησης ειδών προσωπικής υγιεινής,Sanitary vending machines
42933200-7,42933000-5,5,Αυτόματα μηχανήματα πώλησης γραμματοσήμων,Stamp-vending machines
42933300-8,42933000-5,5,Αυτόματα μηχανήματα πώλησης προϊόντων,Automatic goods-vending machines
42940000-7,42900000-5,3,Μηχανήματα για τη θερμική επεξεργασία υλικών,Machinery for the heat treatment of materials
42941000-4,42940000-7,4,Μηχανήματα θερμικής επεξεργασίας αερίων,Machinery for the heat treatment of gas
42942000-1,42940000-7,4,Κλίβανοι και σχετικά εξαρτήματα,Ovens and accessories
42942200-3,42942000-1,5,Κλίβανοι κενού,Vacuum ovens
42943000-8,42940000-7,4,Θερμοστατικά λουτρά και σχετικά εξαρτήματα,Thermostatic baths and accessories
42943100-9,42943000-8,5,Ψυκτικά πηνία,Refrigeration coils
42943200-0,42943000-8,5,Λουτρά υπερήχων,Ultrasonic baths
42943210-3,42943200-0,6,Θερμοστάτες εμβάπτισης,Immersion thermostats
42943300-1,42943000-8,5,Ψύκτες εμβάπτισης,Immersion coolers
42943400-2,42943000-8,5,Ψυχόμενοι κυκλοφορητές και ψυχόμενοι κυκλοφορητές θέρμανσης,Refrigerated and refrigerated/heating circulators
42943500-3,42943000-8,5,Ψύκτες με σύστημα ανακυκλοφορίας,Recirculating coolers
42943600-4,42943000-8,5,Κυκλοφορητές υψηλής θερμοκρασίας,High-temperature circulators
42943700-5,42943000-8,5,Κυκλοφορητές θέρμανσης,Heating circulators
42943710-8,42943700-5,6,Καλύμματα για διεργασίες λουτρών,Bath covers
42950000-0,42900000-5,3,Μέρη μηχανημάτων γενικής χρήσης,Parts of general-purpose machinery
42952000-4,42950000-0,4,Μέρη φυγοκεντρικών μηχανών,Parts of centrifuges
42953000-1,42950000-0,4,Μέρη στιλβωτικών μηχανημάτων,Parts of calendering machines
42954000-8,42950000-0,4,Μέρη μηχανημάτων κυλίνδρωσης,Parts of rolling machines
42955000-5,42950000-0,4,Μέρη μηχανημάτων διήθησης,Parts of filtering machinery
42956000-2,42950000-0,4,Μέρη μηχανημάτων κάθαρσης,Parts of purifying machinery
42957000-9,42950000-0,4,Μέρη μηχανημάτων ψεκασμού,Parts of spraying machines
42958000-6,42950000-0,4,Σταθμά για ζυγαριές,Weights for weighing machines
42959000-3,42950000-0,4,Πλυντήρια πιάτων επαγγελματικού τύπου,Non-domestic dishwashing machines
42960000-3,42900000-5,3,"Εξοπλισμός συστημάτων χειρισμού και ελέγχου, εκτύπωσης, γραφικών, αυτοματισμών γραφείου και επεξεργασίας πληροφοριών","Command and control system, printing, graphics, office automation and information-processing equipment"
42961000-0,42960000-3,4,Σύστημα χειρισμού και ελέγχου,Command and control system
42961100-1,42961000-0,5,Σύστημα ελέγχου εισόδου,Access control system
42961200-2,42961000-0,5,Σύστημα εποπτικού ελέγχου και απόκτησης δεδομένων (SCADA) ή ισοδύναμο,Scada or equivalent system
42961300-3,42961000-0,5,Σύστημα εντοπισμού οχημάτων,Vehicle location system
42961400-4,42961000-0,5,Σύστημα αποστολής,Dispatch system
42962000-7,42960000-3,4,Εξοπολισμός εκτύπωσης και γραφικών,Printing and graphics equipment
42962100-8,42962000-7,5,Σύστημα εκτύπωσης φιλμ,Film printing system
42962200-9,42962000-7,5,Εκτυπωτική πρέσα,Printing press
42962300-0,42962000-7,5,Σταθμοί επεξεργασίας γραφικών,Graphics workstations
42962400-1,42962000-7,5,Πολύγραφοι,Hectographs
42962500-2,42962000-7,5,Μηχανές χάραξης,Engraving machines
42963000-4,42960000-3,4,Πρέσες νομισμάτων,Coin press
42964000-1,42960000-3,4,Εξοπλισμός αυτοματοποίησης γραφείου,Office automation equipment
42965000-8,42960000-3,4,Εξοπλισμός επεξεργασίας πληροφοριών,Information-processing equipment
42965100-9,42965000-8,5,Σύστημα διαχείρισης αποθήκης,Warehouse management system
42965110-2,42965100-9,6,Σύστημα αποθήκης,Depot system
42967000-2,42960000-3,4,Μονάδες ελεγκτών,Controller unit
42967100-3,42967000-2,5,Μονάδα ψηφιακού τηλεχειρισμού,Digital remote-control unit
42968000-9,42960000-3,4,Συσκευές διανομής,Dispensers
42968100-0,42968000-9,5,Μηχανές πώλησης ποτών,Drinks dispensers
42968200-1,42968000-9,5,Μηχανές πώλησης ειδών υγιεινής,Sanitary dispensing machines
42968300-2,42968000-9,5,Σύστημα διάθεσης χαρτιού υγείας σε ρόλους,Toilet-roll dispenser system
42970000-6,42900000-5,3,"Μέρη πλυντηρίων πιάτων και μηχανών καθαρισμού, πλήρωσης, συσκευασίας ή περιτυλίγματος","Parts of dishwashing machines and of machines for cleaning, filling, packing or wrapping"
42971000-3,42970000-6,4,Μέρη πλυντηρίων πιάτων,Parts of dishwashing machines
42972000-0,42970000-6,4,Μέρη μηχανών καθαρισμού,Parts of cleaning machines
42973000-7,42970000-6,4,Μέρη μηχανών πλήρωσης,Parts of filling machines
42974000-4,42970000-6,4,Μέρη μηχανών συσκευασίας,Parts of packing machines
42975000-1,42970000-6,4,Μέρη μηχανών περιτυλίγματος,Parts of wrapping machines
42980000-9,42900000-5,3,Αεριογεννήτριες,Gas generators
42981000-6,42980000-9,4,Γεννήτριες όζοντος,Ozone generators
42990000-2,42900000-5,3,Διάφορα μηχανήματα ειδικής χρήσης,Miscellaneous special-purpose machinery
42991000-9,42990000-2,4,"Μηχανήματα παραγωγής χαρτιού, εκτύπωσης, βιβλιοδεσίας και μέρη τους","Paper, printing and bookbinding machinery and parts"
42991100-0,42991000-9,5,Μηχανήματα βιβλιοδεσίας,Bookbinding machinery
42991110-3,42991100-0,6,Μηχανήματα συρραφής βιβλίων,Book-sewing machinery
42991200-1,42991000-9,5,Εκτυπωτικά μηχανήματα,Printing machinery
42991210-4,42991200-1,6,Εκτυπωτικά μηχανήματα όφσετ,Offset printing machinery
42991220-7,42991200-1,6,Μηχανήματα στοιχειοθεσίας,Typesetting machinery
42991230-0,42991200-1,6,Εκτυπωτές εισιτηρίων,Ticket printers
42991300-2,42991000-9,5,Σύστημα φωτοστοιχειοθεσίας,Photocomposing system
42991400-3,42991000-9,5,"Ξηραντήρια ξυλείας, χαρτοπολτού, χαρτιού ή χαρτονιού","Dryers for wood, paper pulp, paper or paperboard"
42991500-4,42991000-9,5,Μέρη μηχανημάτων εκτύπωσης και βιβλιοδεσίας,Parts of printing or bookbinding machinery
42992000-6,42990000-2,4,Ηλεκτρικά είδη ειδικής χρήσης,Special-purpose electrical goods
42992100-7,42992000-6,5,Κλωβοί φάραντεϊ,Faraday cage
42992200-8,42992000-6,5,Θάλαμος απαλλαγμένος από ανακλάσεις ήχου,Anechoic chamber
42992300-9,42992000-6,5,Υλικό ηλεκτρομαγνητικής απορρόφησης,Electromagnetic absorbent material
42993000-3,42990000-2,4,Μηχανήματα χημικής βιομηχανίας,Chemical industry machinery
42993100-4,42993000-3,5,Συσκευές χλωρίωσης,Chlorinators
42993200-5,42993000-3,5,Μηχανήματα δοσιμέτρησης,Dosing plant
42994000-0,42990000-2,4,Μηχανήματα για την κατεργασία ελαστικού ή πλαστικού,Machinery for working rubber or plastics
42994100-1,42994000-0,5,Μηχανές παραγωγής παραθύρων και πλαισίων από πλαστικές ύλες,Machines for the production of plastic windows and frames
42994200-2,42994000-0,5,Μηχανήματα για την κατεργασία πλαστικών,Machinery for working plastics
42994220-8,42994200-2,6,Εξαρτήματα στρωματοποίησης,Lamination accessories
42994230-1,42994200-2,6,Συσκευές στρωματοποίησης,Laminators
42995000-7,42990000-2,4,Διάφορα μηχανήματα καθαρισμού,Miscellaneous cleaning machines
42995100-8,42995000-7,5,Εξοπλισμός σήραγγας πλυσίματος,Tunnel washer
42995200-9,42995000-7,5,Μηχανές καθαρισμού ακτών,Beach cleaning machines
42996000-4,42990000-2,4,Μηχανήματα επεξεργασίας λυμάτων,Machinery for the treatment of sewage
42996100-5,42996000-4,5,Κονιοποιητές,Comminutors
42996110-8,42996100-5,6,Πολτοποιητές επεξεργασίας αποβλήτων,Macerators for the treatment of sewage
42996200-6,42996000-4,5,Πρέσες αποβλήτων,Sewage presses
42996300-7,42996000-4,5,Αποξεστήρες,Scrapers
42996400-8,42996000-4,5,Μονάδες ανάμειξης,Mixer units
42996500-9,42996000-4,5,Φίλτρα ακαθάρτων υδάτων,Sewage screens
42996600-0,42996000-4,5,Εξοπλισμός οξυγόνωσης,Oxygenation equipment
42996700-1,42996000-4,5,Κατακρημνιστές,Precipitators
42996800-2,42996000-4,5,Κλίνες ιζηματογένεσης,Sedimentation beds
42996900-3,42996000-4,5,Εξοπλισμός επεξεργασίας ιλύος,Sludge-processing equipment
42997000-1,42990000-2,4,Εξοπλισμός δικτύου αγωγών,Pipeline machinery
42997100-2,42997000-1,5,Μηχανές επιθεώρησης της εσωτερικής επιφάνειας αγωγών,Machines for inspecting the internal surface of pipelines
42997200-3,42997000-1,5,Μηχανές καθαρισμού της εσωτερικής επιφάνειας αγωγών,Machines for cleaning the internal surface of pipelines
42997300-4,42997000-1,5,Βιομηχανικά ρομπότ,Industrial robots
42998000-8,42990000-2,4,Σύστημα ανύψωσης παλετών,Pallet-picking system
42998100-9,42998000-8,5,Σύστημα ανάκτησης παλετών,Pallet-retrieving system
42999000-5,42990000-2,4,Μη οικιακές ηλεκτρικές σκούπες και μηχανές στίλβωσης δαπέδων,Non-domestic vacuum cleaners and floor polishers
42999100-6,42999000-5,5,Μη οικιακές ηλεκτρικές σκούπες,Non-domestic vacuum cleaners
42999200-7,42999000-5,5,Μη οικιακές μηχανές στίλβωσης δαπέδων,Non-domestic floor polishers
42999300-8,42999000-5,5,Μέρη μη οικιακών ηλεκτρικών σαρώθρων,Parts of non-domestic vacuum cleaners
42999400-9,42999000-5,5,Μέρη μη οικιακών μηχανών στίλβωσης δαπέδου,Parts of non-domestic floor polishers
43000000-3,,1,"Μηχανήματα για εξοπλισμό ορυχείων, λατομείων, κατασκευών","Machinery for mining, quarrying, construction equipment"
43100000-4,43000000-3,2,Εξοπλισμός ορυχείων,Mining equipment
43120000-0,43100000-4,3,"Μηχανήματα κοπής άνθρακα ή βράχων και μηχανήματα διάνοιξης σηράγγων, μηχανήματα γεώτρησης και διάνοιξης φρεάτων","Coal or rock cutters and tunnelling machinery, and boring or sinking machinery"
43121000-7,43120000-0,4,Διατρητικά μηχανήματα διάνοιξης φρεάτων,Well-drilling machinery
43121100-8,43121000-7,5,Εργαλεία τοποθέτησης σωλήνωσης γεώτρησης σε κεφαλές φρεατίου,Wellhead running tools
43121200-9,43121000-7,5,Συνδετήρες κατακόρυφων σωλήνων,Riser connector apparatus
43121300-0,43121000-7,5,Εξοπλισμός για την ολοκλήρωση γεωτρήσεων,Well-completion equipment
43121400-1,43121000-7,5,Εξοπλισμός επεμβάσεων σε γεωτρήσεις,Well-intervention equipment
43121500-2,43121000-7,5,Εξοπλισμός δοκιμών γεωτρήσεων,Well-testing equipment
43121600-3,43121000-7,5,Αποφρακτήρες ασφαλείας (BOP),Blowout prevention (BOP) apparatus
43122000-4,43120000-0,4,Μηχανήματα κοπής άνθρακα ή βράχων,Coal or rock-cutting machinery
43123000-1,43120000-0,4,Μηχανήματα διάνοιξης σηράγγων,Tunnelling machinery
43124000-8,43120000-0,4,Μηχανήματα διάτρησης,Boring machinery
43124100-9,43124000-8,5,Σύστημα διάνοιξης σηράγγων,Moles
43124900-7,43124000-8,5,Μηχανήματα διάτρησης βράχων,Rock-drilling equipment
43125000-5,43120000-0,4,Μηχανήματα διάνοιξης φρεάτων,Sinking machinery
43130000-3,43100000-4,3,Εξοπλισμός γεώτρησης,Drilling equipment
43131000-0,43130000-3,4,Εξέδρες παραγωγής ανοικτής θαλάσσης,Offshore production platforms
43131100-1,43131000-0,5,Εξοπλισμός ανοικτής θαλάσσης,Offshore equipment
43131200-2,43131000-0,5,Μονάδα γεώτρησης ανοικτής θαλάσσης,Offshore drilling unit
43132000-7,43130000-3,4,Εξοπλισμός πετρελαιοπηγών,Oil drilling equipment
43132100-8,43132000-7,5,Μηχανήματα γεωτρήσεων,Drilling machinery
43132200-9,43132000-7,5,Γεωτρύπανο,Drilling rig
43132300-0,43132000-7,5,Τρυπάνια,Drills
43132400-1,43132000-7,5,Εξοπλισμός αγωγών,Line equipment
43132500-2,43132000-7,5,Αναρτήρες χιτωνίων αγωγών,Liner hangers
43133000-4,43130000-3,4,Εξοπλισμός εξέδρας παραγωγής πετρελαίου,Oil platform equipment
43133100-5,43133000-4,5,Μονάδες υποβάθρων κινούμενων επί σιδηροτροχιάς,Skid units
43133200-6,43133000-4,5,Εξαρτήματα υποβάθρων κινούμενων επί σιδηροτροχιάς,Skid-mounted modules
43134000-1,43130000-3,4,Μηχανήματα εγκατάστασης άντλησης πετρελαίου,Oil-field machinery
43134100-2,43134000-1,5,Βυθιζόμενες αντλίες,Submersible pumps
43135000-8,43130000-3,4,Υποθαλάσσιος εξοπλισμός,Subsea equipment
43135100-9,43135000-8,5,Υποθαλάσσια συστήματα ελέγχου,Subsea control systems
43136000-5,43130000-3,4,Εξοπλισμός γεώτρησης βάθους,Downhole equipment
43140000-6,43100000-4,3,Κινητά υδραυλικά στηρίγματα στέγης ορυχείων,Mobile hydraulic-powered mine roof supports
43200000-5,43000000-3,2,Μηχανήματα χωματουργικών εργασιών και εκσκαφών και συναφή μέρη,"Earthmoving and excavating machinery, and associated parts"
43210000-8,43200000-5,3,Μηχανήματα χωματουργικών εργασιών,Earthmoving machinery
43211000-5,43210000-8,4,Αυτοκινούμενοι προωθητήρες γαιών,Bulldozers
43212000-2,43210000-8,4,Αρθρωτοί προωθητήρες γαιών,Angle-dozers
43220000-1,43200000-5,3,Αυτοκινούμενοι ισοπεδωτήρες και ομαλυντήρες,Graders and levellers
43221000-8,43220000-1,4,Αυτοκινούμενοι ισοπεδωτήρες,Road graders
43230000-4,43200000-5,3,Αυτοκινούμενοι αποξεστήρες,Scraper machines
43240000-7,43200000-5,3,Αυτοκινούμενοι οδοστρωτήρες,Tamping machines
43250000-0,43200000-5,3,Αυτοκινούμενοι πτυοφόροι φορτωτές πρόσθιας φόρτωσης,Front-end shovel loaders
43251000-7,43250000-0,4,Αυτοκινούμενοι πτυοφόροι φορτωτές πρόσθιας φόρτωσης με ανεστραμμένο πτύο,Front-end shovel loaders with backhoe
43252000-4,43250000-0,4,Αυτοκινούμενοι πτυοφόροι φορτωτές πρόσθιας φόρτωσης χωρίς ανεστραμμένο πτύο,Front-end shovel loaders without backhoe
43260000-3,43200000-5,3,"Αυτοκινούμενα μηχανικά πτύα, εκσκαφείς, πτυοφόροι φορτωτές και αυτοκινούμενα μηχανήματα ορυχείου","Mechanical shovels, excavators and shovel loaders, and mining machinery"
43261000-0,43260000-3,4,Αυτοκινούμενα μηχανικά πτύα,Mechanical shovels
43261100-1,43261000-0,5,Αυτοκινούμενοι πτυοφόροι φορτωτές,Mechanical shovel loaders
43262000-7,43260000-3,4,Μηχανήματα εκσκαφής,Excavating machinery
43262100-8,43262000-7,5,Αυτοκινούμενοι εκσκαφείς,Mechanical excavators
43300000-6,43000000-3,2,Μηχανήματα και εξοπλισμός κατασκευαστικών έργων,Construction machinery and equipment
43310000-9,43300000-6,3,Μηχανήματα δομικών έργων,Civil engineering machinery
43311000-6,43310000-9,4,Μηχανήματα έμπηξης πασσάλων,Pile drivers
43312000-3,43310000-9,4,Μηχανές διάστρωσης οδών,Road-surfacing machinery
43312100-4,43312000-3,5,Ισοπεδωτικά μηχανήματα,Planers
43312200-5,43312000-3,5,Αυτοκινούμενες μηχανές διάστρωσης χαλίκων,Chippers
43312300-6,43312000-3,5,Μηχανήματα οδοστρωσίας,Paving machinery
43312400-7,43312000-3,5,Αυτοκινούμενοι κύλινδροι διάστρωσης οδών,Road rollers
43312500-8,43312000-3,5,Μηχανικοί οδοστρωτήρες,Mechanical rollers
43313000-0,43310000-9,4,Εκχιονιστήρες και φυσητήρες χιονιού,Snowploughs and snowblowers
43313100-1,43313000-0,5,Εκχιονιστήρες,Snowploughs
43313200-2,43313000-0,5,Φυσητήρες χιονιού,Snowblowers
43314000-7,43310000-9,4,Μηχανήματα εξαγωγής πασσάλων,Pile extractors
43315000-4,43310000-9,4,Μηχανήματα δόνησης και συμπύκνωσης,Compacting machinery
43316000-1,43310000-9,4,Μηχανήματα τοποθέτησης καλωδίων,Cable-laying machinery
43320000-2,43300000-6,3,Εξοπλισμός κατασκευαστικών έργων,Construction equipment
43321000-9,43320000-2,4,Εξοπλισμός κρεμαστής γέφυρας,Bridge-suspension equipment
43322000-6,43320000-2,4,Εξοπλισμός αποσυναρμολόγησης,Dismantling equipment
43323000-3,43320000-2,4,Εξοπλισμός άρδευσης,Irrigation equipment
43324000-0,43320000-2,4,Εξοπλισμός αποστράγγισης,Drainage equipment
43324100-1,43324000-0,5,Εξοπλισμός πισίνας,Equipment for swimming pools
43325000-7,43320000-2,4,Εξοπλισμός πάρκων και παιδικής χαράς,Park and playground equipment
43325100-8,43325000-7,5,Εξοπλισμός συντήρησης υπαίθριων χώρων,Grounds-maintenance equipment
43327000-1,43320000-2,4,Προκατασκευασμένος εξοπλισμός,Prefabricated equipment
43328000-8,43320000-2,4,Υδραυλικές εγκαταστάσεις,Hydraulic installations
43328100-9,43328000-8,5,Εξοπλισμός υδραυλικών εγκαταστάσεων,Hydraulic equipment
43329000-5,43320000-2,4,Συγκροτήματα εξοπλισμού,Equipment sets
43400000-7,43000000-3,2,Μηχανήματα επεξεργασίας μεταλλευμάτων και μηχανήματα διαμόρφωσης μητρών χυτηρίων,Mineral-processing and foundry mould-forming machinery
43410000-0,43400000-7,3,Μηχανήματα επεξεργασίας μεταλλευμάτων,Mineral-processing machinery
43411000-7,43410000-0,4,Μηχανήματα διαλογής και κοσκινίσματος,Sorting and screening machines
43412000-4,43410000-0,4,Μηχανήματα ανάμειξης αμμοχάλικου με πίσσα,Machines for mixing gravel with bitumen
43413000-1,43410000-0,4,Μηχανές ανάμειξης σκυροδέματος ή κονιαμάτων,Concrete or mortar mixers
43413100-2,43413000-1,5,Μηχανές ανάμειξης τσιμέντου,Cement mixers
43414000-8,43410000-0,4,Μηχανές εκτριβής,Grinding machines
43414100-9,43414000-8,5,Μύλοι κονιοποίησης άνθρακα,Coal pulverising mills
43415000-5,43410000-0,4,Μήτρες χυτηρίου,Foundry moulds
43420000-3,43400000-7,3,Μηχανήματα κατασκευής μητρών χυτηρίου,Foundry mould-forming machinery
43500000-8,43000000-3,2,Όχημα με ερπύστριες,Track-laying vehicles
43600000-9,43000000-3,2,"Μέρη μηχανημάτων ορυχείων, λατομείων και κατασκευών","Parts of machinery for mining, quarrying and construction"
43610000-2,43600000-9,3,Μέρη μηχανημάτων γεώτρησης,Parts for boring machinery
43611000-9,43610000-2,4,Μέρη για διατρητικά μηχανήματα φρεάτων,Parts for well-drilling machinery
43611100-0,43611000-9,5,Στηρίγματα γεφυρών,Bridge plugs
43611200-1,43611000-9,5,Αιχμές βιομηχανικών τρυπάνων,Industrial drill bits
43611300-2,43611000-9,5,Κρουστικά γεωτρύπανα,Drilling jars
43611400-3,43611000-9,5,Σιδερένιοι εργάτες,Iron roughnecks
43611500-4,43611000-9,5,Περιστρεφόμενες τράπεζες,Rotary tables
43611600-5,43611000-9,5,Εξοπλισμός απαγωγής λάσπης,Mudline suspension equipment
43611700-6,43611000-9,5,Εξοπλισμός σύνδεσης φρεατίων,Tieback equipment
43612000-6,43610000-2,4,Μέρη μηχανημάτων εξόρυξης από φρεάτια,Parts of well-extraction machinery
43612100-7,43612000-6,5,Αναρτήρες περιβλημάτων,Casing hangers
43612200-8,43612000-6,5,Εξοπλισμός ανάρτησης χιτωνίων,Liner hanger equipment
43612300-9,43612000-6,5,Τανυστήρες κατακόρυφων σωλήνων παραγωγής,Production riser tensioners
43612400-0,43612000-6,5,Κεφαλές φρέατος,Wellheads
43612500-1,43612000-6,5,Εξοπλισμός συγκράτησης κατακόρυφων σωλήνων παραγωγής,Production riser tieback equipment
43612600-2,43612000-6,5,Συστήματα ελέγχου κεφαλών φρέατος,Wellhead control system
43612700-3,43612000-6,5,Εξοπλισμός φρέατος,Wellhead equipment
43612800-4,43612000-6,5,Συστήματα ανύψωσης γεωτρύπανου,Rig-jacking systems
43613000-3,43610000-2,4,Μέρη μηχανών τεμαχισμού άνθρακα ή βράχων,Parts of coal or rock cutting machinery
43613100-4,43613000-3,5,Μέρη μηχανών τεμαχισμού άνθρακα,Parts of coal cutting machinery
43613200-5,43613000-3,5,Μέρη μηχανών τεμαχισμού βράχων,Parts of rock cutting machinery
43614000-0,43610000-2,4,Μέρη μηχανών διάνοιξης σηράγγων,Parts of tunnelling machinery
43620000-5,43600000-9,3,Μέρη μηχανημάτων για την επεξεργασία ορυκτών,Parts of mineral-processing machinery
43630000-8,43600000-9,3,Μέρη μηχανημάτων διάνοιξης φρεάτων,Parts of sinking machinery
43640000-1,43600000-9,3,Μέρη μηχανημάτων εκσκαφών,Parts of excavating machinery
43700000-0,43000000-3,2,Μηχανήματα μεταλλουργίας και συναφή μέρη αυτών,Machinery for metallurgy and associated parts
43710000-3,43700000-0,3,Μηχανήματα κυλίνδρωσης μετάλλων,Metal-rolling machinery
43711000-0,43710000-3,4,Μέρη μηχανημάτων κυλίνδρωσης μετάλλων,Parts of metal-rolling machinery
43720000-6,43700000-0,3,Μηχανήματα χύτευσης,Casting machines
43721000-3,43720000-6,4,Μέρη μηχανημάτων χύτευσης,Parts of casting machines
43800000-1,43000000-3,2,Εξοπλισμός συνεργείου,Workshop equipment
43810000-4,43800000-1,3,Εξοπλισμός κατεργασίας ξύλου,Woodworking equipment
43811000-1,43810000-4,4,Μηχανές προσάμμωσης,Sanding machines
43812000-8,43810000-4,4,Εξοπλισμός πριονίσματος,Sawing equipment
43820000-7,43800000-1,3,Εξοπλισμός υποδηματοποιίας,Shoe-making equipment
43830000-0,43800000-1,3,Ηλεκτροκίνητα εργαλεία,Power tools
43840000-3,43800000-1,3,Εξοπλισμός σιδηρουργού,Blacksmiths' equipment
44000000-0,,1,Δομές και υλικά κατασκευαστικών έργων· βοηθήματα κατασκευαστικών έργων (εκτός από ηλεκτρικές συσκευές),Construction structures and materials; auxiliary products to construction (except electric apparatus)
44100000-1,44000000-0,2,Κατασκευαστικά υλικά και παρόμοια είδη,Construction materials and associated items
44110000-4,44100000-1,3,Κατασκευαστικά υλικά,Construction materials
44111000-1,44110000-4,4,Οικοδομικά υλικά,Building materials
44111100-2,44111000-1,5,Τούβλα,Bricks
44111200-3,44111000-1,5,Τσιμέντο,Cement
44111210-6,44111200-3,6,Τσιμέντο γεωτρήσεων,Drilling cement
44111300-4,44111000-1,5,Είδη κεραμικής,Ceramics
44111400-5,44111000-1,5,Χρώματα και επενδύσεις τοίχων,Paints and wallcoverings
44111500-6,44111000-1,5,Μονωτές και εξαρτήματα μόνωσης,Insulators and insulating fittings
44111510-9,44111500-6,6,Μονωτές,Insulators
44111511-6,44111510-9,7,Ηλεκτρικοί μονωτές,Electrical insulators
44111520-2,44111500-6,6,Θερμομονωτικά υλικά,Thermal insulating material
44111530-5,44111500-6,6,Ηλεκτρικά εξαρτήματα μόνωσης,Electrical insulating fittings
44111540-8,44111500-6,6,Μονωτικό γυαλί,Insulating glass
44111600-7,44111000-1,5,Κυβόλιθοι,Blocks
44111700-8,44111000-1,5,Πλακίδια,Tiles
44111800-9,44111000-1,5,Κονίαμα (κατασκευαστικά έργα),Mortar (construction)
44111900-0,44111000-1,5,Κεραμικές πλάκες,Ceramic flags
44112000-8,44110000-4,4,Διάφορες οικοδομικές κατασκευές,Miscellaneous building structures
44112100-9,44112000-8,5,Υπόστεγα,Shelters
44112110-2,44112100-9,6,Μέρη υποστέγων,Shelter parts
44112120-5,44112100-9,6,Διαμορφωμένα τμήματα,Profile sections
44112200-0,44112000-8,5,Επενδύσεις δαπέδων,Floor coverings
44112210-3,44112200-0,6,Άκαμπτες επενδύσεις δαπέδων,Solid flooring
44112220-6,44112200-0,6,Ψευδοδάπεδα,False floors
44112230-9,44112200-0,6,Λινοτάπητες,Linoleum
44112240-2,44112200-0,6,Παρκέ,Parquet
44112300-1,44112000-8,5,Διαχωριστικά στοιχεία,Partitions
44112310-4,44112300-1,6,Διαχωριστικοί τοίχοι,Partition walls
44112400-2,44112000-8,5,Οροφές,Roof
44112410-5,44112400-2,6,Πλαίσια οροφών,Roof frames
44112420-8,44112400-2,6,Υποστηρίγματα οροφών,Roof supports
44112430-1,44112400-2,6,Σκελετοί οροφών,Roof trusses
44112500-3,44112000-8,5,Υλικά οροφών,Roofing materials
44112510-6,44112500-3,6,Ταβανοσάνιδα,Shingles
44112600-4,44112000-8,5,Ηχομονωτικά μέσα,Sound insulation
44112700-5,44112000-8,5,Δοκάρια,Beams
44113000-5,44110000-4,4,Υλικά κατασκευής οδών,Road-construction materials
44113100-6,44113000-5,5,Υλικά πλακόστρωσης,Paving materials
44113120-2,44113100-6,6,Πλάκες οδοστρώματος,Paving slabs
44113130-5,44113100-6,6,Λίθοι οδοστρώματος,Paving stones
44113140-8,44113100-6,6,Λίθοι οδοστρωσίας,Roadstone
44113200-7,44113000-5,5,Πλάκες λιθοστρώσεως,Flagstones
44113300-8,44113000-5,5,Επιχρισμένα υλικά,Coated materials
44113310-1,44113300-8,6,Επιχρισμένα υλικά οδοποιίας,Coated road materials
44113320-4,44113300-8,6,Επιχρισμένοι λίθοι οδοστρώματος,Coated roadstone
44113330-7,44113300-8,6,Υλικά επίχρισης,Coating materials
44113500-0,44113000-5,5,Γυάλινες χάντρες,Glass beads
44113600-1,44113000-5,5,Βιτουμένια και άσφαλτος,Bitumen and asphalt
44113610-4,44113600-1,6,Βιτουμένιο,Bitumen
44113620-7,44113600-1,6,Άσφαλτος,Asphalt
44113700-2,44113000-5,5,Υλικά επισκευής οδών,Road-repair materials
44113800-3,44113000-5,5,Υλικά επιφάνειας οδοστρώματος,Road-surfacing materials
44113810-6,44113800-3,6,Κάλυψη επιφάνειας,Surface dressing
44113900-4,44113000-5,5,Υλικά συντήρησης οδών,Road-maintenance materials
44113910-7,44113900-4,6,Υλικά χειμερινής συντήρησης οδών,Winter-maintenance materials
44114000-2,44110000-4,4,Σκυρόδεμα,Concrete
44114100-3,44114000-2,5,Έτοιμο σκυρόδεμα,Ready-mixed concrete
44114200-4,44114000-2,5,Προϊόντα σκυροδέματος,Concrete products
44114210-7,44114200-4,6,Πάσσαλοι από σκυρόδεμα,Concrete piles
44114220-0,44114200-4,6,Αγωγοί από σκυρόδεμα και προσαρμογές,Concrete pipes and fittings
44114250-9,44114200-4,6,Πλάκες από σκυρόδεμα,Concrete slabs
44115000-9,44110000-4,4,Βοηθητικός οικοδομικός εξοπλισμός,Building fittings
44115100-0,44115000-9,5,Αγωγοί εγκαταστάσεων,Ducting
44115200-1,44115000-9,5,Υλικά υδραυλικών εγκαταστάσεων και εγκαταστάσεων θέρμανσης,Plumbing and heating materials
44115210-4,44115200-1,6,Υλικά υδραυλικών εγκαταστάσεων,Plumbing materials
44115220-7,44115200-1,6,Υλικά εγκαταστάσεων θέρμανσης,Heating materials
44115310-5,44115000-9,6,Παραθυρόφυλλα σε ρολλά,Roller-type shutters
44115400-3,44115000-9,5,Φεγγίτες,Skylights
44115500-4,44115000-9,5,Συστήματα αυτόματης πυρόσβεσης με ψεκαστήρες,Sprinkler systems
44115600-5,44115000-9,5,Μηχανισμοί ανέλκυσης για αναπήρους,Stairlifts
44115700-6,44115000-9,5,Εξωτερικά παραθυρόφυλλα,Exterior blinds
44115710-9,44115700-6,6,Κουβούκλια,Canopies
44115800-7,44115000-9,5,Εσωτερικός εξοπλισμός κτιρίων,Building internal fittings
44115810-0,44115800-7,6,Σιδηρόδρομοι και αναρτήρες για κουρτίνες,Curtain rails and hangings
44115811-7,44115810-0,7,Σιδηρόδρομοι για κουρτίνες,Curtain rails
44115900-8,44115000-9,5,Διατάξεις ηλιοπροστασίας,Sun protection devices
44130000-0,44100000-1,3,Αποχετευτικοί αγωγοί,Sewer mains
44131000-7,44130000-0,4,Θάλαμοι αποχέτευσης,Sewage chambers
44132000-4,44130000-0,4,Βόθροι,Culvert elements
44133000-1,44130000-0,4,Τερματικά καλύμματα από όλκιμο χάλυβα,Ductile-iron end caps
44134000-8,44130000-0,4,Καμπύλες σωληνώσεων,Bends
44140000-3,44100000-1,3,Προϊόντα σε σχέση με κατασκευαστικά υλικά,Products related to construction materials
44141000-0,44140000-3,4,Αγωγοί,Conduit
44141100-1,44141000-0,5,Ηλεκτρικοί αγωγοί,Electric conduit
44142000-7,44140000-3,4,Πλαίσια,Frames
44143000-4,44140000-3,4,Παλέτες,Pallets
44144000-1,44140000-3,4,Πασσαλίσκοι,Posts
44160000-9,44100000-1,3,"Σωλαγωγοί, σωληνώσεις, σωλήνες, περιβλήματα, σωληνωτά υλικά και συναφή είδη","Pipeline, piping, pipes, casing, tubing and related items"
44161000-6,44160000-9,4,Σωληναγωγοί,Pipelines
44161100-7,44161000-6,5,Αγωγοί αερίου,Gas pipelines
44161110-0,44161100-7,6,Δίκτυο διανομής αερίου,Gas-distribution network
44161200-8,44161000-6,5,Σωλήνες ύδρευσης,Water mains
44161400-0,44161000-6,5,Υποβρύχιοι αγωγοί,Underwater pipeline
44161410-3,44161400-0,6,Υποθαλάσσιοι αγωγοί,Subsea pipelines
44161500-1,44161000-6,5,Σωληναγωγοί υψηλής πίεσης,High-pressure pipeline
44161600-2,44161000-6,5,Σωληναγωγοί χαμηλής πίεσης,Low-pressure pipeline
44161700-3,44161000-6,5,Συσκευές για τον εσωτερικό καθαρισμό αγωγών,Pipeline pigs
44161710-6,44161700-3,6,Μηχανισμοί προώθησης συσκευών εσωτερικού καθαρισμού αγωγών,Pig launchers
44161720-9,44161700-3,6,Τερματικοί σταθμοί συσκευών εσωτερικού καθαρισμού αγωγών,Pig receivers
44161730-2,44161700-3,6,Ενδιάμεσοι σταθμοί συσκευών εσωτερικού καθαρισμού αγωγών,Pig traps
44162000-3,44160000-9,4,Συστήματα αγωγών,Piping
44162100-4,44162000-3,5,Εξοπλισμός για αγωγούς,Piping supplies
44162200-5,44162000-3,5,Συστήματα αγωγών διανομής,Distribution piping
44162300-6,44162000-3,5,Στόμια εκροής αγωγών,Outfall piping
44162400-7,44162000-3,5,Φρεάτια επίσκεψης από υαλοποιημένο πηλό,Vitrified clay manholes
44162500-8,44162000-3,5,Σύστημα αγωγών πόσιμου νερού,Drinking-water piping
44163000-0,44160000-9,4,Σωληνώσεις και εξαρτήματα,Pipes and fittings
44163100-1,44163000-0,5,Σωληνώσεις,Pipes
44163110-4,44163100-1,6,Αγωγοί αποστράγγισης,Drainage pipes
44163111-1,44163110-4,7,Αγωγοί εκκένωσης,Drain pipes
44163112-8,44163110-4,7,Σύστημα αποστράγγισης,Drainage system
44163120-7,44163100-1,6,Αγωγοί τηλεθέρμανσης,Distance-heating pipes
44163121-4,44163120-7,7,Αγωγοί θέρμανσης,Heating pipes
44163130-0,44163100-1,6,Αγωγοί αποχέτευσης,Sewer pipes
44163140-3,44163100-1,6,Αγωγοί ατμού και νερού,Steam and water pipes
44163150-6,44163100-1,6,Αγωγοί χαμηλής πίεσης,Low-pressure pipes
44163160-9,44163100-1,6,Αγωγοί διανομής και εξαρτήματα,Distribution pipes and accessories
44163200-2,44163000-0,5,Εξαρτήματα προσαρμογής αγωγών,Pipe fittings
44163210-5,44163200-2,6,Σφιγκτήρες αγωγών,Pipe clamps
44163230-1,44163200-2,6,Σύνδεσμοι αγωγών,Pipe connectors
44163240-4,44163200-2,6,Ζεύξεις αγωγών,Pipe joints
44163241-1,44163240-4,7,Μονωμένες συνδέσεις,Insulated joints
44164000-7,44160000-9,4,Περιβλήματα και σωληνώσεις,Casing and tubing
44164100-8,44164000-7,5,Περιβλήματα,Casing
44164200-9,44164000-7,5,Σωλήνες,Tubing
44164300-0,44164000-7,5,Σωληνοειδή υλικά,Tubular goods
44164310-3,44164300-0,6,Σωλήνες και εξαρτήματα,Tubes and fittings
44165000-4,44160000-9,4,"Εύκαμπτοί σωλήνες, κατακόρυφοι σωλήνες και χιτώνια","Hoses, risers and sleeves"
44165100-5,44165000-4,5,Εύκαμπτοί σωλήνες,Hoses
44165110-8,44165100-5,6,Εύκαμπτοι σωλήνες γεωτρήσεων,Drilling hoses
44165200-6,44165000-4,5,Κατακόρυφοι σωλήνες,Risers
44165210-9,44165200-6,6,Εύκαμπτοι κατακόρυφοι αγωγοί,Flexible risers
44165300-7,44165000-4,5,Χιτώνια,Sleeves
44166000-1,44160000-9,4,Σωλήνες που προορίζονται για τις πετρελαιοπαραγωγικές χώρες,Oil country tubular goods
44167000-8,44160000-9,4,Διάφορα εξαρτήματα σωληνώσεων,Various pipe fittings
44167100-9,44167000-8,5,Σύνδεσμοι,Couplings
44167110-2,44167100-9,6,Φλάντζες,Flanges
44167111-9,44167110-2,7,Προσαρμογείς για φλάντζες,Flange adaptors
44167200-0,44167000-8,5,Σφιγκτήρες επισκευής και δακτύλιοι,Repair clamps and collars
44167300-1,44167000-8,5,"Καμπύλες, ""ταυ"" και εξαρτήματα σωληνώσεων","Bends, tees and pipe fittings"
44167400-2,44167000-8,5,Καμπύλες,Elbows
44170000-2,44100000-1,3,"Πλάκες, φύλλα, ταινίες και λεπτά φύλλα σε σχέση με κατασκευαστικά υλικά","Plates, sheets, strip and foil related to construction materials"
44171000-9,44170000-2,4,Πλάκες (κατασκευαστικά έργα),Plates (construction)
44172000-6,44170000-2,4,Φύλλα (κατασκευαστικά έργα),Sheets (construction)
44173000-3,44170000-2,4,Ταινίες,Strip
44174000-0,44170000-2,4,Λεπτά φύλλα,Foil
44175000-7,44170000-2,4,Φατνώματα,Panels
44176000-4,44170000-2,4,Μεμβράνες,Film
44190000-8,44100000-1,3,Ποικίλα κατασκευαστικά υλικά,Miscellaneous construction materials
44191000-5,44190000-8,4,Ποικίλα κατασκευαστικά υλικά από ξύλο,Miscellaneous construction materials in wood
44191100-6,44191000-5,5,Κόντρα πλακέ,Plywood
44191200-7,44191000-5,5,Ελασματοποιημένο ξύλο,Laminated wood
44191300-8,44191000-5,5,Μοριοσανίδες,Particle board
44191400-9,44191000-5,5,Ινοσανίδες,Fibreboard
44191500-0,44191000-5,5,Συμπυκνωμένη ξυλεία,Densified wood
44191600-1,44191000-5,5,Σανίδες παρκέ,Parquet panels
44192000-2,44190000-8,4,Άλλα ποικίλα κατασκευαστικά υλικά,Other miscellaneous construction materials
44192100-3,44192000-2,5,Αφρός από PVC,PVC foam
44192200-4,44192000-2,5,Καρφιά,Nails
44200000-2,44000000-0,2,Δομικά υλικά,Structural products
44210000-5,44200000-2,3,Κατασκευές και μέρη κατασκευών,Structures and parts of structures
44211000-2,44210000-5,4,Προκατασκευασμένα κτίρια,Prefabricated buildings
44211100-3,44211000-2,5,Αρθρωτά και φορητά κτίρια,Modular and portable buildings
44211110-6,44211100-3,6,Θάλαμοι,Cabins
44211200-4,44211000-2,5,Θαλαμίσκοι,Cubicles
44211300-5,44211000-2,5,Νοσοκομείο εκστρατείας,Field hospital
44211400-6,44211000-2,5,Μαγειρεία εκστρατείας,Field kitchens
44211500-7,44211000-2,5,Θερμοκήπια,Glasshouses
44212000-9,44210000-5,4,Δομικά προϊόντα και μέρη αυτών εκτός από προκατασκευασμένα κτίρια,Structural products and parts except prefabricated buildings
44212100-0,44212000-9,5,Γέφυρα,Bridge
44212110-3,44212100-0,6,Τμήματα γεφυρών,Bridge sections
44212120-6,44212100-0,6,Δομές γεφυρών,Structures of bridges
44212200-1,44212000-9,5,"Πύργοι, δικτυωτοί στύλοι, πύργοι γεωτρήσεως και πυλώνες","Towers, lattice masts, derricks and pylons"
44212210-4,44212200-1,6,Πύργοι φόρτωσης,Derricks
44212211-1,44212210-4,7,Πύργοι γεώτρησης,Drilling derricks
44212212-8,44212210-4,7,Στατικοί πύργοι γεώτρησης,Static drilling derricks
44212220-7,44212200-1,6,"Πυλώνες, στύλοι και παλούκια","Pylons, poles and pickets"
44212221-4,44212220-7,7,Πυλώνες,Pylons
44212222-1,44212220-7,7,Πυλώνες μεταφοράς ηλεκτρικής ενέργειας,Electricity transmission pylons
44212223-8,44212220-7,7,Υποστηρίγματα πυλώνων,Pylon supports
44212224-5,44212220-7,7,Στύλοι για υπέργειες γραμμές,Poles for carrying overhead lines
44212225-2,44212220-7,7,Στύλοι,Poles
44212226-9,44212220-7,7,Στύλοι για τη μεταφορά ηλεκτρικής ενέργειας,Electricity poles
44212227-6,44212220-7,7,Παλούκια,Pickets
44212230-0,44212200-1,6,Πύργοι,Towers
44212233-1,44212230-0,7,Υδατόπυργοι,Water towers
44212240-3,44212200-1,6,Δοκοί,Girders
44212250-6,44212200-1,6,Ιστοί,Masts
44212260-9,44212200-1,6,Ιστοί ραδιοφώνου ή τηλεόρασης,Radio or television masts
44212261-6,44212260-9,7,Ιστοί ραδιοφώνου,Radio masts
44212262-3,44212260-9,7,Ιστοί τηλεόρασης,Television masts
44212263-0,44212260-9,7,Πλεγματοειδείς ιστοί,Lattice masts
44212300-2,44212000-9,5,Κατασκευές και μέρη αυτών,Structures and parts
44212310-5,44212300-2,6,Ικριώματα,Scaffolding
44212311-2,44212310-5,7,Ορθοστάτες αψίδων,Arch struts
44212312-9,44212310-5,7,Βάθρα αψίδων,Arch stilts
44212313-6,44212310-5,7,Υποστηρίγματα,Supports
44212314-3,44212310-5,7,Βραχίονες ανάρτησης σωλήνων,Pipe-hanging brackets
44212315-0,44212310-5,7,Εξοπλισμός ικριωμάτων,Equipment for scaffolding
44212316-7,44212310-5,7,Συνδετήρες αψίδων,Arch clips
44212317-4,44212310-5,7,Κατασκευές ικριωμάτων,Scaffolding structures
44212318-1,44212310-5,7,Στηρίγματα αγωγών,Pipeline supports
44212320-8,44212300-2,6,Διάφορες κατασκευές,Miscellaneous structures
44212321-5,44212320-8,7,Στέγαστρα λεωφορείων,Bus shelters
44212322-2,44212320-8,7,Τηλεφωνικοί θάλαμοι,Telephone booths
44212329-1,44212320-8,7,Διαφράγματα ασφαλείας,Security screens
44212380-6,44212300-2,6,Μέρη κατασκευών,Parts of structures
44212381-3,44212380-6,7,Επενδύσεις,Cladding
44212382-0,44212380-6,7,Θύρες υδροφράκτου,Floodgates
44212383-7,44212380-6,7,Πύλες υδατοφράκτου,Lock gates
44212390-9,44212300-2,6,Κλεισιάδες,Sluices
44212391-6,44212390-9,7,Πύλες κλεισιάδας,Sluice gates
44212400-3,44212000-9,5,Πάσσαλοι,Piling
44212410-6,44212400-3,6,Πασσαλοσανίδες,Sheet piling
44212500-4,44212000-9,5,Γωνίες και τμήματα,Angles and sections
44212510-7,44212500-4,6,Γωνίες,Angles
44212520-0,44212500-4,6,Τμήματα,Sections
44220000-8,44200000-2,3,Είδη ξυλουργικής για χρήση σε οικοδομικές εργασίες,Builders' joinery
44221000-5,44220000-8,4,"Παράθυρα, πόρτες και συναφή είδη","Windows, doors and related items"
44221100-6,44221000-5,5,Παράθυρα,Windows
44221110-9,44221100-6,6,Πλαίσια παραθύρων,Window frames
44221111-6,44221110-9,7,Μονάδες διπλών υαλοπινάκων,Double-glazed units
44221120-2,44221100-6,6,Γαλλικά παράθυρα,French windows
44221200-7,44221000-5,5,Πόρτες,Doors
44221210-0,44221200-7,6,Σώματα πορτών,Door blanks
44221211-7,44221210-0,7,Πλαίσια πορτών,Door frames
44221212-4,44221210-0,7,Σίτες πόρτας,Door screens
44221213-1,44221210-0,7,Κατώφλια θυρών,Door thresholds
44221220-3,44221200-7,6,Θύρες πυροπροστασίας,Fire doors
44221230-6,44221200-7,6,Συρόμενες πόρτες,Sliding doors
44221240-9,44221200-7,6,Γκαραζόπορτες,Garage doors
44221300-8,44221000-5,5,Πύλες,Gates
44221310-1,44221300-8,6,Πύλες εισόδου,Access gates
44221400-9,44221000-5,5,Παραθυρόφυλλα,Shutters
44221500-0,44221000-5,5,Κατώφλια,Thresholds
44230000-1,44200000-2,3,Δομικά στοιχεία για χρήση σε οικοδομικές εργασίες,Builders' carpentry
44231000-8,44230000-1,4,Έτοιμα πλαίσια περίφραξης,Made-up fencing panels
44232000-5,44230000-1,4,Ξύλινοι σκελετοί στέγης,Timber roof trusses
44233000-2,44230000-1,4,Κλίμακες,Staircases
44300000-3,44000000-0,2,"Καλώδια, σύρματα και συναφή προϊόντα","Cable, wire and related products"
44310000-6,44300000-3,3,Προϊόντα από σύρμα,Wire products
44311000-3,44310000-6,4,Πολύκλωνα σύρματα,Stranded wire
44312000-0,44310000-6,4,Σύρμα περιφράξεων,Fencing wire
44312300-3,44312000-0,5,Αγκαθωτό σύρμα,Barbed wire
44313000-7,44310000-6,4,Μεταλλικά πλέγματα,Metal netting
44313100-8,44313000-7,5,Δικτυωτό σύρμα περίφραξης,Wire-mesh fencing
44313200-9,44313000-7,5,Υφασμένες μεταλλικές ίνες,Wire cloth
44315000-1,44310000-6,4,Ράβδοι από σύρμα,Wire rods
44315100-2,44315000-1,5,Εξαρτήματα συγκόλλησης,Welding accessories
44315200-3,44315000-1,5,Υλικά συγκόλλησης,Welding materials
44315300-4,44315000-1,5,Υλικά για κασσιτεροκόλληση ή χαλκοκόλληση,Soldering or brazing materials
44315310-7,44315300-4,6,Υλικά για κασσιτεροκόλληση,Soldering materials
44315320-0,44315300-4,6,Υλικά για χαλκοκόλληση,Brazing materials
44316000-8,44310000-6,4,Σιδηρικά είδη,Ironmongery
44316100-9,44316000-8,5,Αμόνια,Anvils
44316200-0,44316000-8,5,Φορητό σιδηρουργείο,Portable forge
44316300-1,44316000-8,5,Εσχάρες,Grilles
44316400-2,44316000-8,5,Υλικά σιδηρουργείου,Hardware
44316500-3,44316000-8,5,Υλικά σιδηρουργού,Smiths' wares
44316510-6,44316500-3,6,Σιδηρουργικά είδη,Blacksmiths' wares
44317000-5,44310000-6,4,Αρτάνες από σίδηρο ή χάλυβα,Iron or steel slings
44318000-2,44310000-6,4,Συρματαγωγοί,Conductors
44320000-9,44300000-3,3,Καλώδια και συναφή είδη,Cable and related products
44321000-6,44320000-9,4,Καλώδια,Cable
44322000-3,44320000-9,4,Εξαρτήματα καλωδίων,Cable accessories
44322100-4,44322000-3,5,Αγωγοί καλωδίων,Cable conduits
44322200-5,44322000-3,5,Συνδέσεις καλωδίων,Cable connectors
44322300-6,44322000-3,5,Σωληνοειδή περιβλήματα καλωδίων,Cable ducts
44322400-7,44322000-3,5,Διατάξεις στερέωσης καλωδίων,Cable fasteners
44330000-2,44300000-3,3,"Ράβδοι, ράβδοι κυκλικής διατομής, σύρμα και διατομές για χρήση σε κατασκευαστικές εργασίες","Bars, rods, wire and profiles used in construction"
44331000-9,44330000-2,4,Ράβδοι (κατασκευαστικές εργασίες),Bars
44332000-6,44330000-2,4,Ράβδοι κυκλικής διατομής,Rods (construction)
44333000-3,44330000-2,4,Σύρμα,Wire
44334000-0,44330000-2,4,Διατομές,Profiles
44400000-4,44000000-0,2,Διάφορα κατασκευασμένα προϊόντα και συναφή είδη,Miscellaneous fabricated products and related items
44410000-7,44400000-4,3,Είδη μπάνιου και κουζίνας,Articles for the bathroom and kitchen
44411000-4,44410000-7,4,Είδη εγκαταστάσεων υγιεινής,Sanitary ware
44411100-5,44411000-4,5,Κρουνοί,Taps
44411200-6,44411000-4,5,Μπανιέρες,Baths
44411300-7,44411000-4,5,Νιπτήρες,Washbasins
44411400-8,44411000-4,5,Ντουζιέρες,Shower basins
44411600-0,44411000-4,5,Μπιντέδες,Bidets
44411700-1,44411000-4,5,"Καθίσματα λεκανών τουαλέτας, καλύμματα λεκανών τουαλέτας, λεκάνες τουαλέτας, λεκάνες και καζανάκια αποχωρητηρίου","Lavatory seats, covers, bowls and cisterns"
44411710-4,44411700-1,6,Καθίσματα λεκανών τουαλέτας,Lavatory seats
44411720-7,44411700-1,6,Καλύμματα λεκανών τουαλέτας,Lavatory covers
44411740-3,44411700-1,6,Λεκάνες αποχωρητηρίου,Lavatory bowls
44411750-6,44411700-1,6,Καζανάκια αποχωρητηρίου,Lavatory cisterns
44411800-2,44411000-4,5,Ουρητήρια,Urinals
44420000-0,44400000-4,3,Είδη για χρήση σε κατασκευαστικά έργα,Goods used in construction
44421000-7,44420000-0,4,"Θωρακισμένα ή ενισχυμένα θησαυροφυλάκια, χρηματοκιβώτια και πόρτες","Armoured or reinforced safes, strongboxes and doors"
44421300-0,44421000-7,5,Χρηματοκιβώτια,Safes
44421500-2,44421000-7,5,Θωρακισμένες ή ενισχυμένες πόρτες,Armoured or reinforced doors
44421600-3,44421000-7,5,Θησαυροφυλάκια,Safe-deposit lockers
44421700-4,44421000-7,5,Κουτιά και θυρίδες φύλαξης,Boxes and lockers
44421710-7,44421700-4,6,Ερμάρια φύλαξης αποσκευών,Left-luggage lockers
44421720-0,44421700-4,6,Κλειδωτά ερμάρια,Lockers
44421721-7,44421720-0,7,Σκευοθήκες ασφαλείας,Safe-deposit boxes
44421722-4,44421720-0,7,Θυρίδες ασφαλείας,Safety cases
44421780-8,44421700-4,6,Κουτιά για χρεόγραφα,Deed boxes
44421790-1,44421700-4,6,Χρηματοφυλάκια,Cash boxes
44422000-4,44420000-0,4,Γραμματοκιβώτια,Letterboxes
44423000-1,44420000-0,4,Διάφορα είδη,Miscellaneous articles
44423100-2,44423000-1,5,Κώδωνες,Bells
44423200-3,44423000-1,5,Σκάλες,Ladders
44423220-9,44423200-3,6,Πτυσσόμενες βαθμίδες-σκαλοπάτια,Folding steps
44423230-2,44423200-3,6,Σκαμνιά με βαθμίδες,Step stools
44423300-4,44423000-1,5,Εξοπλισμός διακίνησης εμπορευμάτων,Goods-handling equipment
44423330-3,44423300-4,6,Πλατφόρμες διακίνησης εμπορευμάτων,Platforms for handling goods
44423340-6,44423300-4,6,Εξαρτήματα συρματόσχοινων για τη διακίνηση εμπορευμάτων,Wire-rope accessories for handling goods
44423400-5,44423000-1,5,Σήματα και συναφή είδη,Signs and related items
44423450-0,44423400-5,6,Επιγραφές ονομάτων,Nameplates
44423460-3,44423400-5,6,Επιγραφές διευθύνσεων,Address plates
44423700-8,44423000-1,5,Στοιχεία φρεατίων επίσκεψης,Manhole elements
44423710-1,44423700-8,6,Καλύμματα επιφανείας,Surface boxes
44423720-4,44423700-8,6,Πλαίσια οριοθέτησης για την τοποθέτηση οργάνων,Boundary boxes
44423730-7,44423700-8,6,Πλαίσια φρεατίων επίσκεψης,Manhole frames
44423740-0,44423700-8,6,Καλύμματα φρεατίων επίσκεψης,Manhole covers
44423750-3,44423700-8,6,Καλύμματα υπονόμων,Drain covers
44423760-6,44423700-8,6,Καλύμματα εισόδου,Access covers
44423790-5,44423700-8,6,Σιδηρά σκαλοπάτια φρεατίων επίσκεψης,Manhole step irons
44423800-9,44423000-1,5,Μεταλλικές μήτρες,Metal stamps
44423810-2,44423800-9,6,Σφραγίδες από καουτσούκ,Rubber stamps
44423850-4,44423800-9,6,Καλούπια,Shapes
44423900-0,44423000-1,5,Θυσιαζόμενοι άνοδοι,Sacrificial anodes
44424000-8,44420000-0,4,Κουτιά και ταινίες υποδοχών μετρητών,Meter-housing boxes and tape
44424100-9,44424000-8,5,Κουτιά υποδοχών μετρητών,Meter-housing boxes
44424200-0,44424000-8,5,Κολλητική ταινία,Adhesive tape
44424300-1,44424000-8,5,Ανακλαστικές ταινίες,Reflective tape
44425000-5,44420000-0,4,"Δακτύλιοι, παρεμβύσματα, ταινίες, στελέχη και μηχανήματα συσκευασίας υγρού κονιάματος","Rings, seals, bands, sticks and grout packers"
44425100-6,44425000-5,5,Ελαστικοί δακτύλιοι,Elastic rings
44425110-9,44425100-6,6,Αυτοκόλλητοι ενισχυτικοί δακτύλιοι,Self-adhesive reinforcement rings
44425200-7,44425000-5,5,Παρεμβύσματα από καουτσούκ,Rubber seals
44425300-8,44425000-5,5,Ταινίες από καουτσούκ,Rubber bands
44425400-9,44425000-5,5,Μηχανήματα συσκευασίας υγρού κονιάματος,Grout packers
44425500-0,44425000-5,5,Πλαστικά στελέχη,Plastic sticks
44430000-3,44400000-4,3,Ενισχυμένα ελάσματα,Armour plating
44431000-0,44430000-3,4,Ελάσματα κάλυψης,Cover plates
44440000-6,44400000-4,3,Τριβεία,Bearings
44441000-3,44440000-6,4,Μικροσφαιρίδια,Microbeads
44442000-0,44440000-6,4,Κυλινδρικοί τριβείς,Roller bearings
44450000-9,44400000-4,3,Εύκαμπτος χάλυβας,Mild steel
44451000-6,44450000-9,4,Δίσκοι για την κοπή κερμάτων,Coin blanks
44452000-3,44450000-9,4,Κυτία παραλαβής κερμάτων μηχανών πώλησης,Coin boxes
44460000-2,44400000-4,3,Υποστηρίγματα και δοκοί ορυχείων,Props and mining struts
44461000-9,44460000-2,4,Στυλοβάτες,Props
44461100-0,44461000-9,5,Υποστηρίγματα ορυχείων,Mine props
44462000-6,44460000-2,4,Δοκοί ορυχείων,Mining struts
44464000-0,44460000-2,4,Οχήματα κινούμενα επί ερπυστριών,Caterpillar tracks
44470000-5,44400000-4,3,Διάφορα προϊόντα από χυτοσίδηρο,Cast-iron products
44480000-8,44400000-4,3,Ποικίλος εξοπλισμός πυροπροστασίας,Miscellaneous fire-protection equipment
44481000-5,44480000-8,4,Πυροσβεστικές κλίμακες,Platforms ladders
44481100-6,44481000-5,5,Κλίμακες πυρόσβεσης,Fire ladders
44482000-2,44480000-8,4,Συσκευές πυροπροστασίας,Fire-protection devices
44482100-3,44482000-2,5,Πυροσβεστικοί υδροσωλήνες,Fire hoses
44482200-4,44482000-2,5,Κρουνοί υδροληψίας για πυρόσβεση,Fire hydrants
44500000-5,44000000-0,2,"Εργαλεία, κλειδαριές, κλειδιά, μεντεσέδες, συνδετήρες, αλυσίδες και ελατήρια","Tools, locks, keys, hinges, fasteners, chain and springs"
44510000-8,44500000-5,3,Εργαλεία,Tools
44511000-5,44510000-8,4,Εργαλεία χειρός,Hand tools
44511100-6,44511000-5,5,Τσάπες και φτυάρια,Spades and shovels
44511110-9,44511100-6,6,Τσάπες,Spades
44511120-2,44511100-6,6,Φτυάρια,Shovels
44511200-7,44511000-5,5,Πιρούνες κηπουρικής,Gardening forks
44511300-8,44511000-5,5,"Αξίνες, σκαπάνες, σκαλιστήρια, τσουγκράνες και τσουγκράνες για την εκκαθάριση παραλιών","Mattocks, picks, hoes, rakes and beach rakes"
44511310-1,44511300-8,6,Αξίνες,Mattocks
44511320-4,44511300-8,6,Σκαπάνες,Picks
44511330-7,44511300-8,6,Σκαλιστήρια,Hoes
44511340-0,44511300-8,6,Τσουγκράνες,Rakes
44511341-7,44511340-0,7,Τσουγκράνες για την εκκαθάριση παραλιών,Beach rakes
44511400-9,44511000-5,5,Τσεκούρια,Axes
44511500-0,44511000-5,5,Χειροπρίονα,Hand saws
44511510-3,44511500-0,6,Λεπίδες για χειροπρίονα,Handsaw blades
44512000-2,44510000-8,4,Διάφορα εργαλεία χειρός,Miscellaneous hand tools
44512100-3,44512000-2,5,Σμίλες,Chisels
44512200-4,44512000-2,5,Πένσες,Pliers
44512210-7,44512200-4,6,Σφιγκτήρες,Crimping pliers
44512300-5,44512000-2,5,Σφυριά,Hammers
44512400-6,44512000-2,5,Λαβές σύρματος,Wire grips
44512500-7,44512000-2,5,Ρυθμιζόμενα κλειδιά,Spanners
44512600-8,44512000-2,5,Εργαλεία έργων οδοποιίας,Roadworking tools
44512610-1,44512600-8,6,Αιχμηρά εργαλεία διάτρησης επιφανειών οδοστρώματος,Spikes for piercing road surfaces
44512700-9,44512000-2,5,Λίμες για μέταλλα ή λίμες για ξύλα,Files or rasps
44512800-0,44512000-2,5,Κατσαβίδια,Screwdrivers
44512900-1,44512000-2,5,"Αιχμές τρυπανιών, κατσαβιδιών και άλλα εξαρτήματα","Drill bits, screwdriver bits and other accessories"
44512910-4,44512900-1,6,Αιχμές τρυπανιών,Drill bits
44512920-7,44512900-1,6,Αιχμές κατσαβιδιών,Screwdriver bits
44512930-0,44512900-1,6,Εργαλειοφορείς,Tool carriers
44512940-3,44512900-1,6,Εργαλειοθήκες,Tool kits
44513000-9,44510000-8,4,Ποδοκίνητα εργαλεία,Treadle-operated tools
44514000-6,44510000-8,4,Εργαλεία χειρός και μέρη εργαλείων,Tool handles and tool parts
44514100-7,44514000-6,5,Λαβές εργαλείων,Tool handles
44514200-8,44514000-6,5,Μέρη εργαλείων,Tool parts
44520000-1,44500000-5,3,"Κλειδαριές, κλειδιά και μεντεσέδες","Locks, keys and hinges"
44521000-8,44520000-1,4,Διάφορα λουκέτα και κλειδαριές,Miscellaneous padlocks and locks
44521100-9,44521000-8,5,Κλειδαριές,Locks
44521110-2,44521100-9,6,Κλειδαριές για πόρτες,Door locks
44521120-5,44521100-9,6,Ηλεκτρονικές κλειδαριές ασφαλείας,Electronic security lock
44521130-8,44521100-9,6,Ενισχυμένες κλειδαριές ασφαλείας,Enhanced security lock
44521140-1,44521100-9,6,Κλειδαριές για έπιπλα,Furniture locks
44521200-0,44521000-8,5,Λουκέτα και αλυσίδες,Padlocks and chains
44521210-3,44521200-0,6,Λουκέτα,Padlocks
44522000-5,44520000-1,4,"Πόρπες, μέρη κλειδαριών και κλειδιά","Clasps, lock parts and keys"
44522100-6,44522000-5,5,Πόρπες,Clasps
44522200-7,44522000-5,5,Κλειδιά,Keys
44522300-8,44522000-5,5,Μέρη λουκέτων,Parts of padlocks
44522400-9,44522000-5,5,Μέρη κλειδαριών,Parts of locks
44523000-2,44520000-1,4,"Μεντεσέδες, συνδέσεις και εξαρτήματα","Hinges, mountings and fittings"
44523100-3,44523000-2,5,Μεντεσέδες,Hinges
44523200-4,44523000-2,5,Διατάξεις σύνδεσης,Mountings
44523300-5,44523000-2,5,Εξαρτήματα,Fittings
44530000-4,44500000-5,3,Συνδετήρες,Fasteners
44531000-1,44530000-4,4,Κοχλιωτοί συνδετήρες,Threaded fasteners
44531100-2,44531000-1,5,Ξυλόβιδες,Wood screws
44531200-3,44531000-1,5,Παξιμάδια ή ροδέλες για βίδες,Screw hooks or screw rings
44531300-4,44531000-1,5,Αυτοκοχλιούμενοι κοχλίες,Self-tapping screws
44531400-5,44531000-1,5,Μπουλόνια,Bolts
44531500-6,44531000-1,5,Σύστημα φλαντζωτών συνδέσμων,Flange jointing sets
44531510-9,44531500-6,6,Μπουλόνια και βίδες,Bolts and screws
44531520-2,44531500-6,6,Καρόβιδες και βίδες,Coach bolts and screws
44531600-7,44531000-1,5,Περικόχλια,Nuts
44531700-8,44531000-1,5,Κοχλιωτά είδη από σίδηρο ή χάλυβα,Iron or steel threaded articles
44532000-8,44530000-4,4,Μη κοχλιωτοί συνδετήρες,Non-threaded fasteners
44532100-9,44532000-8,5,Πριτσίνια,Rivets
44532200-0,44532000-8,5,Ροδέλες,Washers
44532300-1,44532000-8,5,Ασφαλιστικές περόνες,Cotter pins
44532400-2,44532000-8,5,Αμφιδέτες από χάλυβα,Steel fishplates
44533000-5,44530000-4,4,Συνδετήρες από χαλκό,Copper fasteners
44540000-7,44500000-5,3,Αλυσίδες,Chain
44541000-4,44540000-7,4,Αρθρωτές αλυσίδες,Articulated chain
44542000-1,44540000-7,4,Μέρη αλυσίδας,Parts of chain
44550000-0,44500000-5,3,Ελατήρια,Springs
44600000-6,44000000-0,2,"Δεξαμενές, ταμιευτήρες και δοχεία· σώματα καλοριφέρ και λέβητες","Tanks, reservoirs and containers; central-heating radiators and boilers"
44610000-9,44600000-6,3,"Δεξαμενές, ταμιευτήρες, δοχεία και δοχεία υπό πίεση","Tanks, reservoirs, containers and pressure vessels"
44611000-6,44610000-9,4,Δεξαμενές,Tanks
44611100-7,44611000-6,5,Κυλινδροειδή δοχεία αέρος,Air cylinders
44611110-0,44611100-7,6,Κυλινδροειδή δοχεία πεπιεσμένου αέρος,Compressed-air cylinders
44611200-8,44611000-6,5,Αναπνευστικές συσκευές,Breathing apparatus
44611400-0,44611000-6,5,Δεξαμενές αποθήκευσης,Storage tanks
44611410-3,44611400-0,6,Δεξαμενές αποθήκευσης πετρελαίου,Oil-storage tanks
44611420-6,44611400-0,6,Δεξαμενές αποθήκευσης ιλύος,Sludge-storage tanks
44611500-1,44611000-6,5,Δεξαμενές νερού,Water tanks
44611600-2,44611000-6,5,Ταμιευτήρες,Reservoirs
44612000-3,44610000-9,4,Δοχεία για υγροποιημένα αέρια,Liquefied-gas containers
44612100-4,44612000-3,5,Κυλινδροειδή δοχεία αερίου,Gas cylinders
44612200-5,44612000-3,5,Δεξαμενές αερίου,Gas tanks
44613000-0,44610000-9,4,Μεγάλοι κάδοι,Large containers
44613110-4,44613000-0,6,Σιλό,Silos
44613200-2,44613000-0,5,Κάδοι ψύξης,Refrigerated containers
44613210-5,44613200-2,6,Ταμιευτήρες νερού,Water chambers
44613300-3,44613000-0,5,Τυποποιημένα εμπορευματοκιβώτια,Standard freight containers
44613400-4,44613000-0,5,Κάδοι αποθήκευσης,Storage containers
44613500-5,44613000-0,5,Βυτία νερού,Water containers
44613600-6,44613000-0,5,Τροχοφόροι κάδοι,Wheeled containers
44613700-7,44613000-0,5,Απορριμματοφόροι κάδοι,Refuse skips
44613800-8,44613000-0,5,Κάδοι αποβλήτων,Containers for waste material
44614000-7,44610000-9,4,Κάδος,Casks
44614100-8,44614000-7,5,Κιβώτια αποθήκευσης,Storage bins
44614300-0,44614000-7,5,Σύστημα αποθήκευσης εμπορευματοκιβωτίων,Container storage system
44614310-3,44614300-0,6,Μηχανήματα στοίβαξης,Stacking machinery
44615000-4,44610000-9,4,Δοχεία υπό πίεση,Pressure vessels
44615100-5,44615000-4,5,Χαλύβδινα δοχεία υπό πίεση,Steel pressure vessels
44616000-1,44610000-9,4,Κυλινδρικά δοχεία,Drums
44616200-3,44616000-1,5,Κυλινδρικά δοχεία αποβλήτων,Waste drums
44617000-8,44610000-9,4,Κιβώτια,Boxes
44617100-9,44617000-8,5,Χαρτοκιβώτια,Cartons
44617200-0,44617000-8,5,Πλαίσια μετρητών,Meter housings
44617300-1,44617000-8,5,Προκατασκευασμένα κιβώτια,Prefabricated boxes
44618000-5,44610000-9,4,"Ελαφριά δοχεία, πώματα-στεφάνες, καπάκια δοχείων, σκάφες και καπάκια","Light containers, corks, tops for containers, vats and lids"
44618100-6,44618000-5,5,Ελαφριά δοχεία,Light containers
44618300-8,44618000-5,5,"Πώματα στεφάνες, πώματα, καπάκια δοχείων και καπάκια","Corks, stoppers, tops for containers and lids"
44618310-1,44618300-8,6,Πώματα-στεφάνες,Corks
44618320-4,44618300-8,6,Πώματα,Stoppers
44618330-7,44618300-8,6,Καπάκια δοχείων,Tops for containers
44618340-0,44618300-8,6,Σκέπαστρα,Lids
44618350-3,44618300-8,6,Πλαστικά καπάκια,Plastic caps
44618400-9,44618000-5,5,Μεταλλικό δοχείο,Cans
44618420-5,44618400-9,6,Κυτία τροφίμων,Food cans
44618500-0,44618000-5,5,Σκάφες,Vats
44619000-2,44610000-9,4,Άλλα δοχεία,Other containers
44619100-3,44619000-2,5,Θήκες,Cases
44619200-4,44619000-2,5,Τύμπανα για καλώδια,Cable drums
44619300-5,44619000-2,5,Κλούβες,Crates
44619400-6,44619000-2,5,Βαρέλια,Barrels
44619500-7,44619000-2,5,Πλαίσια για παλέτες,Pallet boxes
44620000-2,44600000-6,3,"Σώματα καλοριφέρ, λέβητες κεντρικής θέρμανσης και μέρη τους",Central-heating radiators and boilers and parts
44621000-9,44620000-2,4,Σώματα καλοριφέρ και λέβητες,Radiators and boilers
44621100-0,44621000-9,5,Σώματα καλοριφέρ,Radiators
44621110-3,44621100-0,6,Σώματα καλοριφέρ κεντρικής θέρμανσης,Central-heating radiators
44621111-0,44621110-3,7,Μη ηλεκτρικώς θερμαινόμενα σώματα καλοριφέρ κεντρικής θέρμανσης,Non-electrically-heated central-heating radiators
44621112-7,44621110-3,7,Μέρη σωμάτων καλοριφέρ κεντρικής θέρμανσης,Parts of central-heating radiators
44621200-1,44621000-9,5,Λέβητες,Boilers
44621210-4,44621200-1,6,Λέβητες νερού,Water boilers
44621220-7,44621200-1,6,Λέβητες κεντρικής θέρμανσης,Central-heating boilers
44621221-4,44621220-7,7,Μέρη λεβήτων κεντρικής θέρμανσης,Parts of central-heating boilers
44622000-6,44620000-2,4,Συστήματα ανάκτησης θερμότητας,Heat-recovery systems
44622100-7,44622000-6,5,Εξοπλισμός ανάκτησης θερμότητας,Heat-recovery equipment
44800000-8,44000000-0,2,"Βαφές, βερνίκια και μαστίχες","Paints, varnishes and mastics"
44810000-1,44800000-8,3,Χρώματα επίχρισης,Paints
44811000-8,44810000-1,4,Χρώμα διαγράμμισης οδών,Road paint
44812000-5,44810000-1,4,Χρώματα ζωγραφικής,Artists' paints
44812100-6,44812000-5,5,Εφυαλώματα και υαλοβερνίκια,Enamels and glazes
44812200-7,44812000-5,5,Λαδομπογιές και νερομπογιές,Oil and water paints
44812210-0,44812200-7,6,Λαδομπογιές,Oil paints
44812220-3,44812200-7,6,Νερομπογιές,Water paints
44812300-8,44812000-5,5,Χρώματα ως εκπαιδευτικό υλικό,Students' paints
44812310-1,44812300-8,6,Σετ χρωμάτων,Colours in sets
44812320-4,44812300-8,6,Χρώματα για επιγραφοποιούς,Signboard painters' colours
44812400-9,44812000-5,5,Είδη διακόσμησης,Decorating supplies
44820000-4,44800000-8,3,Βερνίκια,Varnishes
44830000-7,44800000-8,3,"Μαστίχες, πληρωτικά, στόκος και διαλύτες","Mastics, fillers, putty and solvents"
44831000-4,44830000-7,4,"Μαστίχες, πληρωτικά, στόκος","Mastics, fillers, putty"
44831100-5,44831000-4,5,Μαστίχες,Mastics
44831200-6,44831000-4,5,Υλικά πλήρωσης,Fillers
44831300-7,44831000-4,5,Στόκος,Putty
44831400-8,44831000-4,5,Ρευστό κονίαμα,Grout
44832000-1,44830000-7,4,Διαλύτες,Solvents
44832100-2,44832000-1,5,Μέσα αφαίρεσης χρώματος,Paint stripper
44832200-3,44832000-1,5,Αραιωτικά,Thinners
44900000-9,44000000-0,2,"Λίθοι για κατασκευές, ασβεστόλιθος, γύψος και σχιστόλιθος","Stone for construction, limestone, gypsum and slate"
44910000-2,44900000-9,3,Λίθοι για κατασκευές,Stone for construction
44911000-9,44910000-2,4,Μάρμαρο και ασβεστούχοι οικοδομικοί λίθοι,Marble and calcarous building stone
44911100-0,44911000-9,5,Μάρμαρο,Marble
44911200-1,44911000-9,5,Τραβερτίνης,Travertine
44912000-6,44910000-2,4,Διάφοροι οικοδομικοί λίθοι,Miscellaneous building stone
44912100-7,44912000-6,5,Γρανίτης,Granite
44912200-8,44912000-6,5,Ψαμμίτης,Sandstone
44912300-9,44912000-6,5,Βασάλτης,Basalt
44912400-0,44912000-6,5,Λίθοι κρασπέδου,Kerbstones
44920000-5,44900000-9,3,"Ασβεστόλιθος, γύψος και κιμωλία","Limestone, gypsum and chalk"
44921000-2,44920000-5,4,Ασβεστόλιθος και γύψος,Limestone and gypsum
44921100-3,44921000-2,5,Γύψος,Gypsum
44921200-4,44921000-2,5,Άσβεστος,Lime
44921210-7,44921200-4,6,Σκόνη ασβέστου,Powdered lime
44921300-5,44921000-2,5,Ασβεστόλιθος,Limestone
44922000-9,44920000-5,4,Κιμωλία και δολομίτης,Chalk and dolomite
44922100-0,44922000-9,5,Κιμωλία,Chalk
44922200-1,44922000-9,5,Δολομίτης,Dolomite
44930000-8,44900000-9,3,Σχιστόλιθος,Slate
45000000-7,,1,Κατασκευαστικές εργασίες,Construction work
45100000-8,45000000-7,2,Εργασίες προπαρασκευής εργοταξίων,Site preparation work
45110000-1,45100000-8,3,Εργασίες κατεδάφισης και αποξήλωσης εγκαταστάσεων κτιρίων και εργασίες μετακίνησης γαιών,Building demolition and wrecking work and earthmoving work
45111000-8,45110000-1,4,"Εργασίες κατεδάφισης, διευθέτησης και εκκαθάρισης εργοταξίου","Demolition, site preparation and clearance work"
45111100-9,45111000-8,5,Εργασίες κατεδάφισης,Demolition work
45111200-0,45111000-8,5,Εργασίες διευθέτησης και εκκαθάρισης εργοταξίου,Site preparation and clearance work
45111210-3,45111200-0,6,Εργασίες ανατίναξης και εκβραχισμού,Blasting and associated rock-removal work
45111211-0,45111210-3,7,Εργασίες ανατίναξης,Blasting work
45111212-7,45111210-3,7,Εργασίες εκβραχισμού,Rock-removal work
45111213-4,45111210-3,7,Εργασίες εκκαθάρισης εργοταξίου,Site-clearance work
45111214-1,45111210-3,7,Εργασίες εκκαθάρισης διά εκρήξεων,Blast-clearing work
45111220-6,45111200-0,6,Εργασίες απομάκρυνσης μπάζων,Scrub-removal work
45111230-9,45111200-0,6,Εργασίες σταθεροποίησης εδάφους,Ground-stabilisation work
45111240-2,45111200-0,6,Εργασίες αποστράγγισης εδάφους,Ground-drainage work
45111250-5,45111200-0,6,Εργασίες εδαφολογικών ερευνών,Ground investigation work
45111260-8,45111200-0,6,Εργασίες προπαρασκευής εργοταξίων για ορυχεία,Site-preparation work for mining
45111290-7,45111200-0,6,Προπαρασκευαστικές εργασίες για την παροχή υπηρεσιών,Primary works for services
45111291-4,45111290-7,7,Εργασίες αξιοποίησης περιοχής,Site-development work
45111300-1,45111000-8,5,Υπηρεσίες αποσυναρμολόγησης,Dismantling works
45111310-4,45111300-1,6,Υπηρεσίες αποσυναρμολόγησης για στρατιωτικές εγκαταστάσεις,Dismantling works for military installations
45111320-7,45111300-1,6,Υπηρεσίες αποσυναρμολόγησης για εγκαταστάσεις ασφαλείας,Dismantling works for security installations
45112000-5,45110000-1,4,Εργασίες εκσκαφών και μετακίνησης γαιών,Excavating and earthmoving work
45112100-6,45112000-5,5,Εργασίες διάνοιξης τάφρων,Trench-digging work
45112200-7,45112000-5,5,Εργασίες αφαίρεσης μολυσμένου εδάφους,Soil-stripping work
45112210-0,45112200-7,6,Εργασίες αφαίρεσης μολυσμένου επιφανειακού εδάφους,Topsoil-stripping work
45112300-8,45112000-5,5,Εργασίες προσχώσεων και αξιοποίησης εκτάσεων γης,Infill and land-reclamation work
45112310-1,45112300-8,6,Εργασίες προσχώσεων,Infill work
45112320-4,45112300-8,6,Εργασίες αποκατάστασης εκτάσεων γης,Land-reclamation work
45112330-7,45112300-8,6,Εργασίες αποκατάστασης περιοχής,Site-reclamation work
45112340-0,45112300-8,6,Εργασίες απορρύπανσης εδάφους,Soil-decontamination work
45112350-3,45112300-8,6,Αποκατάσταση χώρου απόθεσης απορριμμάτων,Reclamation of waste land
45112360-6,45112300-8,6,Υπηρεσίες αποκατάστασης εδαφών,Land rehabilitation work
45112400-9,45112000-5,5,Εργασίες εκσκαφών,Excavating work
45112410-2,45112400-9,6,Εργασίες εκσκαφής τάφων,Grave-digging work
45112420-5,45112400-9,6,Εργασίες εκσκαφής θεμελίων,Basement excavation work
45112440-1,45112400-9,6,Βαθμίδωση λόφων,Terracing of hillsides
45112441-8,45112440-1,7,Εργασίες σχηματισμού βαθμίδων,Terracing work
45112450-4,45112400-9,6,Εργασίες εκσκαφής αρχαιολογικών χώρων,Excavation work at archaeological sites
45112500-0,45112000-5,5,Εργασίες μετακίνησης γαιών,Earthmoving work
45112600-1,45112000-5,5,Εργασίες αφαίρεσης και πλήρωσης γαιών,Cut and fill
45112700-2,45112000-5,5,Εργασίες διαμόρφωσης τοπίου,Landscaping work
45112710-5,45112700-2,6,Εργασίες διαμόρφωσης τοπίου για χώρους πρασίνου,Landscaping work for green areas
45112711-2,45112710-5,7,Εργασίες διαμόρφωσης τοπίου για πάρκα,Landscaping work for parks
45112712-9,45112710-5,7,Εργασίες διαμόρφωσης τοπίου για κήπους,Landscaping work for gardens
45112713-6,45112710-5,7,Εργασίες διαμόρφωσης τοπίου για κήπους δωμάτων,Landscaping work for roof gardens
45112714-3,45112710-5,7,Εργασίες διαμόρφωσης τοπίου για νεκροταφεία,Landscaping work for cemeteries
45112720-8,45112700-2,6,Εργασίες διαμόρφωσης τοπίου για γήπεδα αθλητισμού και χώρους αναψυχής,Landscaping work for sports grounds and recreational areas
45112721-5,45112720-8,7,Εργασίες διαμόρφωσης τοπίου για γήπεδα γκολφ,Landscaping work for golf courses
45112722-2,45112720-8,7,Εργασίες διαμόρφωσης τοπίου για κέντρα ιππασίας,Landscaping work for riding areas
45112723-9,45112720-8,7,Εργασίες διαμόρφωσης τοπίου για παιχνιδιότοπους,Landscaping work for playgrounds
45112730-1,45112700-2,6,Εργασίες διαμόρφωσης τοπίου για οδούς και αυτοκινητοδρόμους,Landscaping work for roads and motorways
45112740-4,45112700-2,6,Εργασίες διαμόρφωσης τοπίου για αεροδρόμια,Landscaping work for airports
45113000-2,45110000-1,4,Εργασίες εργοταξίου,Siteworks
45120000-4,45100000-8,3,Δοκιμαστικές διατρήσεις και γεωτρήσεις,Test drilling and boring work
45121000-1,45120000-4,4,Δοκιμαστικές διατρήσεις,Test drilling work
45122000-8,45120000-4,4,Δοκιμαστικές γεωτρήσεις,Test boring work
45200000-9,45000000-7,2,Εργασίες για ολόκληρες κατασκευές ή μέρη κατασκευών και έργα πολιτικού μηχανικού,Works for complete or part construction and civil engineering work
45210000-2,45200000-9,3,Εργασίες κατασκευής κτιρίων,Building construction work
45211000-9,45210000-2,4,Γενικές κατασκευαστικές εργασίες για πολυκατοικίες και μονοκατοικίες,Construction work for multi-dwelling buildings and individual houses
45211100-0,45211000-9,5,Κατασκευαστικές εργασίες για κατοικίες,Construction work for houses
45211200-1,45211000-9,5,Κατασκευαστικές εργασίες για καταλύματα υπερηλίκων με φύλακα,Sheltered housing construction work
45211300-2,45211000-9,5,Κατασκευαστικές εργασίες για σπίτια,Houses construction work
45211310-5,45211300-2,6,Κατασκευαστικές εργασίες για λουτρά,Bathrooms construction work
45211320-8,45211300-2,6,Κατασκευαστικές εργασίες για βεράντες,Porches construction work
45211340-4,45211300-2,6,Κατασκευαστικές εργασίες για πολυκατοικίες,Multi-dwelling buildings construction work
45211341-1,45211340-4,7,Κατασκευαστικές εργασίες για διαμερίσματα,Flats construction work
45211350-7,45211300-2,6,Κατασκευαστικές εργασίες για πολυλειτουργικά κτίρια,Multi-functional buildings construction work
45211360-0,45211300-2,6,Κατασκευαστικές εργασίες για ανάπυξη αστικής περιοχής,Urban development construction work
45211370-3,45211300-2,6,Κατασκευαστικές εργασίες για σάουνες,Construction works for saunas
45212000-6,45210000-2,4,"Κατασκευαστικές εργασίες για κτίρια αναψυχής, αθλητισμού, πολιτιστικών εκδηλώσεων, στέγασης και εστιατορίων","Construction work for buildings relating to leisure, sports, culture, lodging and restaurants"
45212100-7,45212000-6,5,Κατασκευή εγκαταστάσεων χώρων ψυχαγωγίας,Construction work of leisure facilities
45212110-0,45212100-7,6,Κατασκευαστικές εργασίες για κέντρα αναψυχής,Leisure centre construction work
45212120-3,45212100-7,6,Κατασκευαστικές εργασίες για πάρκα ψυχαγωγικών εκδηλώσεων,Theme park construction work
45212130-6,45212100-7,6,Κατασκευαστικές εργασίες για πάρκα ψυχαγωγίας,Amusement park construction work
45212140-9,45212100-7,6,Εγκατάσταση αναψυχής,Recreation installation
45212150-2,45212100-7,6,Κατασκευαστικές εργασίες για κινηματογράφους,Cinema construction work
45212160-5,45212100-7,6,Κατασκευαστικές εργασίες για καζίνο,Casino construction work
45212170-8,45212100-7,6,Κατασκευαστικές εργασίες για κτίρια ψυχαγωγίας,Entertainment building construction work
45212171-5,45212170-8,7,Κατασκευαστικές εργασίες για κέντρα ψυχαγωγίας,Entertainment centre construction work
45212172-2,45212170-8,7,Κατασκευαστικές εργασίες για κέντρα αναψυχής,Recreation centre construction work
45212180-1,45212100-7,6,Κατασκευαστικές εργασίες για γραφεία έκδοσης εισιτηρίων,Ticket offices construction work
45212190-4,45212100-7,6,Έργα ηλιοπροστασίας,Sun-protection works
45212200-8,45212000-6,5,Κατασκευαστικές εργασίες για αθλητικές εγκαταστάσεις,Construction work for sports facilities
45212210-1,45212200-8,6,Κατασκευαστικές εργασίες για συγκεκριμένα αθλήματα,Single-purpose sports facilities construction work
45212211-8,45212210-1,7,Κατασκευαστικές εργασίες για παγοδρόμια,Ice rink construction work
45212212-5,45212210-1,7,Κατασκευαστικές εργασίες για κολυμβητήριο,Construction work for swimming pool
45212213-2,45212210-1,7,Εργασίες σήμανσης αθλητικών εγκαταστάσεων,Sport markings works
45212220-4,45212200-8,6,Κατασκευαστικές εργασίες για αθλητικές εγκαταστάσεις πολλαπλών αθλημάτων,Multi-purpose sports facilities construction work
45212221-1,45212220-4,7,Κατασκευαστικές εργασίες κατασκευών για γήπεδο αθλοπαιδιών,Construction work in connection with structures for sports ground
45212222-8,45212220-4,7,Κατασκευαστικές εργασίες για γυμναστήρια,Gymnasium construction work
45212223-5,45212220-4,7,Κατασκευαστικές εργασίες για εγκαταστάσεις χειμερινών σπορ,Winter-sports facilities construction work
45212224-2,45212220-4,7,Κατασκευαστικές εργασίες για στάδια,Stadium construction work
45212225-9,45212220-4,7,Κατασκευαστικές εργασίες για κλειστή αθλητική εγκατάσταση,Sports hall construction work
45212230-7,45212200-8,6,Εγκατάσταση αποδυτηρίων,Installation of changing rooms
45212290-5,45212200-8,6,Επισκευή και συντήρηση αθλητικών εγκαταστάσεων,Repair and maintenance work in connection with sports facilities
45212300-9,45212000-6,5,Κατασκευαστικές εργασίες για καλλιτεχνικά και πολιτιστικά κτίρια,Construction work for art and cultural buildings
45212310-2,45212300-9,6,Κατασκευαστικές εργασίες για κτίρια εκθέσεων,Construction work for buildings relating to exhibitions
45212311-9,45212310-2,7,Κατασκευαστικές εργασίες για γκαλερί,Art gallery construction work
45212312-6,45212310-2,7,Κατασκευαστικές εργασίες για εκθεσιακά κέντρα,Exhibition centre construction work
45212313-3,45212310-2,7,Κατασκευαστικές εργασίες για μουσεία,Museum construction work
45212314-0,45212310-2,7,Κατασκευαστικές εργασίες για ιστορικά μνημεία ή μνημεία,Historical monument or memorial construction work
45212320-5,45212300-9,6,Κατασκευαστικές εργασίες για κτίρια καλλιτεχνικών εκδηλώσεων,Construction work for buildings relating to artistic performances
45212321-2,45212320-5,7,Κατασκευαστικές εργασίες για αίθουσες θεάτρου,Auditorium construction work
45212322-9,45212320-5,7,Κατασκευαστικές εργασίες για θέατρα,Theatre construction work
45212330-8,45212300-9,6,Κατασκευαστικές εργασίες για βιβλιοθήκες,Library construction work
45212331-5,45212330-8,7,Κατασκευαστικές εργασίες για βιβλιοθήκες πολυμέσων,Multimedia library construction work
45212340-1,45212300-9,6,Κατασκευαστικές εργασίες για αίθουσες διαλέξεων,Lecture hall construction work
45212350-4,45212300-9,6,Κτίρια με ιδιαίτερο ιστορικό ή αρχιτεκτονικό ενδιαφέρον,Buildings of particular historical or architectural interest
45212351-1,45212350-4,7,Κατασκευαστικές εργασίες για προϊοστορικά μνημεία,Prehistoric monument construction work
45212352-8,45212350-4,7,Κατασκευαστικές εργασίες για βιομηχανικά μνημεία,Industrial monument construction work
45212353-5,45212350-4,7,Κατασκευαστικές εργασίες για ανάκτορα,Palace construction work
45212354-2,45212350-4,7,Κατασκευαστικές εργασίες για πύργους,Castle construction work
45212360-7,45212300-9,6,Κατασκευαστικές εργασίες για θρησκευτικά κτίρια,Religious buildings construction work
45212361-4,45212360-7,7,Κατασκευαστικές εργασίες για εκκλησίες,Church construction work
45212400-0,45212000-6,5,Κτίρια παροχής καταλύματος και εστίασης,Accommodation and restaurant buildings
45212410-3,45212400-0,6,Κατασκευαστικές εργασίες για κτίρια στέγασης,Construction work for lodging buildings
45212411-0,45212410-3,7,Κατασκευαστικές εργασίες για ξενοδοχεία,Hotel construction work
45212412-7,45212410-3,7,Κατασκευαστικές εργασίες για ξενώνες,Hostel construction work
45212413-4,45212410-3,7,Κατασκευαστικές εργασίες για καταλύματα μικρής διάρκειας παραμονής,Short-stay accommodation construction work
45212420-6,45212400-0,6,Κατασκευαστικές εργασίες για κτίρια εστιατορίων και παρόμοιων διευκολύνσεων,Construction work for restaurants and similar facilities
45212421-3,45212420-6,7,Κατασκευαστικές εργασίες για εστιατόρια,Restaurant construction work
45212422-0,45212420-6,7,Κατασκευαστικές εργασίες για κυλικεία,Canteen construction work
45212423-7,45212420-6,7,Κατασκευαστικές εργασίες για καφετέριες,Cafeteria construction work
45212500-1,45212000-6,5,Μετατροπή κουζινών ή εστιατορίων,Kitchen or restaurant conversion
45212600-2,45212000-6,5,Κατασκευαστικές εργασίες για περίπτερα,Pavilion construction work
45213000-3,45210000-2,4,"Κατασκευαστικές εργασίες για εμπορικά κτίρια, αποθήκες και βιομηχανικά κτίρια, για κτίρια σχετιζόμενα με τις μεταφορές","Construction work for commercial buildings, warehouses and industrial buildings, buildings relating to transport"
45213100-4,45213000-3,5,Κατασκευαστικές εργασίες για εμπορικά κτίρια,Construction work for commercial buildings
45213110-7,45213100-4,6,Κατασκευαστικές εργασίες για κτίρια καταστημάτων,Shop buildings construction work
45213111-4,45213110-7,7,Κατασκευαστικές εργασίες για εμπορικά κέντρα,Shopping centre construction work
45213112-1,45213110-7,7,Κατασκευαστικές εργασίες για καταστήματα,Shop units construction work
45213120-0,45213100-4,6,Κατασκευαστικές εργασίες για ταχυδρομεία,Post office construction work
45213130-3,45213100-4,6,Κατασκευαστικές εργασίες για τράπεζες,Bank construction work
45213140-6,45213100-4,6,Κατασκευαστικές εργασίες για αγορές,Market construction work
45213141-3,45213140-6,7,Κατασκευαστικές εργασίες για κλειστές αγορές,Covered market construction work
45213142-0,45213140-6,7,Κατασκευαστικές εργασίες για υπαίθριες αγορές,Open-air market construction work
45213150-9,45213100-4,6,Κατασκευαστικές εργασίες για συγκροτήματα γραφείων,Office block construction work
45213200-5,45213000-3,5,Κατασκευαστικές εργασίες για αποθήκες και βιομηχανικά κτίρια,Construction work for warehouses and industrial buildings
45213210-8,45213200-5,6,Εγκαταστάσεις ψυγείων αποθήκευσης,Cold-storage installations
45213220-1,45213200-5,6,Κατασκευαστικές εργασίες για μεγάλες αποθήκες,Construction work for warehouses
45213221-8,45213220-1,7,Κατασκευαστικές εργασίες για αποθήκες εμπορευμάτων,Warehouse stores construction work
45213230-4,45213200-5,6,Κατασκευαστικές εργασίες για σφαγεία,Abattoir construction work
45213240-7,45213200-5,6,Κατασκευαστικές εργασίες για γεωργικά κτίρια,Agricultural buildings construction work
45213241-4,45213240-7,7,Κατασκευαστικές εργασίες για αχυρώνες,Barn construction work
45213242-1,45213240-7,7,Κατασκευαστικές εργασίες για σταύλους αγελάδων,Cowsheds construction work
45213250-0,45213200-5,6,Κατασκευαστικές εργασίες βιομηχανικών κτιρίων,Construction work for industrial buildings
45213251-7,45213250-0,7,Κατασκευαστικές εργασίες για βιομηχανικές μονάδες,Industrial units construction work
45213252-4,45213250-0,7,Κατασκευαστικές εργασίες για εργαστήρια,Workshops construction work
45213260-3,45213200-5,6,Κατασκευαστικές εργασίες για αποθήκες καταστημάτων,Stores depot construction work
45213270-6,45213200-5,6,Κατασκευαστικές εργασίες για σταθμούς ανακύκλωσης,Construction works for recycling station
45213280-9,45213200-5,6,Κατασκευαστικές εργασίες για εγκαταστάσεις παραγωγής λιπάσματος μέσω αποσύνθεσης οργανικών υλών,Construction works for compost facility
45213300-6,45213000-3,5,Κτίρια σχετιζόμενα με τις μεταφορές,Buildings associated with transport
45213310-9,45213300-6,6,Κατασκευαστικές εργασίες για κτίρια σχετιζόμενα με τις οδικές μεταφορές,Construction work for buildings relating to road transport
45213311-6,45213310-9,7,Κατασκευαστικές εργασίες για σταθμούς λεωφορείων,Bus station construction work
45213312-3,45213310-9,7,Κατασκευαστικές εργασίες για κτίρια στάθμευσης αυτοκινήτων,Car park building construction work
45213313-0,45213310-9,7,Κατασκευαστικές εργασίες για σταθμούς οδικής εξυπηρέτησης,Service-area building construction work
45213314-7,45213310-9,7,Κατασκευαστικές εργασίες για χώρους στάθμευσης λεωφορείων,Bus garage construction work
45213315-4,45213310-9,7,Κατασκευαστικές εργασίες για στάσεις λεωφορείων,Bus-stop shelter construction work
45213316-1,45213310-9,7,Κατασκευαστικές εργασίες για διαδρόμους,Installation works of walkways
45213320-2,45213300-6,6,Κατασκευαστικές εργασίες για κτίρια σχετιζόμενα με τις σιδηροδρομικές μεταφορές,Construction work for buildings relating to railway transport
45213321-9,45213320-2,7,Κατασκευαστικές εργασίες για σιδηροδρομικούς σταθμούς,Railway station construction work
45213322-6,45213320-2,7,Κατασκευαστικές εργασίες για τερματικούς σιδηροδρομικούς σταθμούς,Rail terminal building construction work
45213330-5,45213300-6,6,Κατασκευαστικές εργασίες για κτίρια σχετιζόμενα με τις αερομεταφορές,Construction work for buildings relating to air transport
45213331-2,45213330-5,7,Κατασκευαστικές εργασίες για κτίρια αεροδρομίων,Airport buildings construction work
45213332-9,45213330-5,7,Κατασκευαστικές εργασίες για πύργους ελέγχου αεροδρομίου,Airport control tower construction work
45213333-6,45213330-5,7,Κατασκευαστικές εργασίες για έλεγχο εισιτηρίων σε αεροδρόμια,Installation works of airport check-in counters
45213340-8,45213300-6,6,Κατασκευαστικές εργασίες για κτίρια σχετιζόμενα με τις πλωτές μεταφορές,Construction work for buildings relating to water transport
45213341-5,45213340-8,7,Κατασκευαστικές εργασίες για τερματικούς σταθμούς πορθμείων,Ferry terminal building construction work
45213342-2,45213340-8,7,Κατασκευαστικές εργασίες για τερματικούς σταθμούς σκαφών τύπου Ro-Ro,Ro-ro terminal construction work
45213350-1,45213300-6,6,Κατασκευαστικές εργασίες για κτίρια σχετιζόμενα με διάφορα μεταφορικά μέσα,Construction work for buildings relating to various means of transport
45213351-8,45213350-1,7,Κατασκευαστικές εργασίες για υπόστεγα συντήρησης αεροσκαφών,Maintenance hangar construction work
45213352-5,45213350-1,7,Κατασκευαστικές εργασίες για συνεργεία συντήρησης,Service depot construction work
45213353-2,45213350-1,7,Υπηρεσίες εγκατάστασης για γέφυρες επιβίβασης επιβατών,Installation works of passenger boarding bridges
45213400-7,45213000-3,5,Υπηρεσίες εγκατάστασης για αίθουσες προσωπικού,Installation of staff rooms
45214000-0,45210000-2,4,Κατασκευαστικές εργασίες για κτίρια εκπαίδευσης ή έρευνας,Construction work for buildings relating to education and research
45214100-1,45214000-0,5,Κατασκευαστικές εργασίες για παιδικούς σταθμούς,Construction work for kindergarten buildings
45214200-2,45214000-0,5,Κατασκευαστικές εργασίες για σχολικά κτίρια,Construction work for school buildings
45214210-5,45214200-2,6,Κατασκευαστικές εργασίες για σχολεία πρωτοβάθμιας εκπαίδευσης,Primary school construction work
45214220-8,45214200-2,6,Κατασκευαστικές εργασίες για σχολεία δευτεροβάθμιας εκπαίδευσης,Secondary school construction work
45214230-1,45214200-2,6,Κατασκευαστικές εργασίες για ειδικά σχολεία,Special school construction work
45214300-3,45214000-0,5,Κατασκευαστικές εργασίες για κτίρια μέσης εκπαίδευσης,Construction work for college buildings
45214310-6,45214300-3,6,Κατασκευαστικές εργασίες για επαγγελματικές σχολές,Vocational college construction work
45214320-9,45214300-3,6,Κατασκευαστικές εργασίες για τεχνικές σχολές,Technical college construction work
45214400-4,45214000-0,5,Κατασκευαστικές εργασίες για κτίρια πανεπιστημίου,Construction work for university buildings
45214410-7,45214400-4,6,Κατασκευαστικές εργασίες για πολυτεχνεία,Polytechnic construction work
45214420-0,45214400-4,6,Κατασκευαστικές εργασίες για αμφιθεατρικές αίθουσες διδασκαλίας,Lecture theatre construction work
45214430-3,45214400-4,6,Κατασκευαστικές εργασίες για εργαστήρια εκμάθησης γλωσσών,Language laboratory construction work
45214500-5,45214000-0,5,Κατασκευαστικές εργασίες για κτίρια συνεχιζόμενης εκπαίδευσης,Construction work for buildings of further education
45214600-6,45214000-0,5,Κατασκευαστικές εργασίες για κτίρια έρευνας,Construction work for research buildings
45214610-9,45214600-6,6,Κατασκευαστικές εργασίες για κτίρια εργαστηρίου,Laboratory building construction work
45214620-2,45214600-6,6,Κατασκευαστικές εργασίες για εγκαταστάσεις έρευνας και δοκιμών,Research and testing facilities construction work
45214630-5,45214600-6,6,Επιστημονικές εγκαταστάσεις,Scientific installations
45214631-2,45214630-5,7,Κατασκευαστικές εργασίες για αποστειρωμένους χώρους,Installation works of cleanrooms
45214640-8,45214600-6,6,Κατασκευαστικές εργασίες για μετεωρολογικούς σταθμούς,Meteorological stations construction work
45214700-7,45214000-0,5,Κατασκευαστικές εργασίες για φοιτητικές εστίες,Construction work for halls of residence
45214710-0,45214700-7,6,Κατασκευαστικές εργασίες για αίθουσες υποδοχής,Entrance hall construction work
45214800-8,45214000-0,5,Κτίριο εκπαιδευτικών εγκαταστάσεων,Training facilities building
45215000-7,45210000-2,4,"Κατασκευαστικές εργασίες για κτίρια υπηρεσιών υγείας ή κοινωνικών υπηρεσιών, κρεματόριων και δημόσιων αποχωρητηρίων","Construction work for buildings relating to health and social services, for crematoriums and public conveniences"
45215100-8,45215000-7,5,Κατασκευαστικές εργασίες για κτίρια υπηρεσιών υγείας,Construction work for buildings relating to health
45215110-1,45215100-8,6,Κατασκευαστικές εργασίες για ιαματικά λουτρά,Spa construction work
45215120-4,45215100-8,6,Κατασκευαστικές εργασίες για ειδικά ιατρεία,Special medical building construction work
45215130-7,45215100-8,6,Κατασκευαστικές εργασίες για κλινικές,Clinic construction work
45215140-0,45215100-8,6,Κατασκευαστικές εργασίες για εγκαταστάσεις νοσοκομείου,Hospital facilities construction work
45215141-7,45215140-0,7,Κατασκευαστικές εργασίες για χειρουργεία,Operating theatre construction work
45215142-4,45215140-0,7,Κατασκευαστικές εργασίες για μονάδες εντατικής παρακολούθησης,Intensive-care unit construction work
45215143-1,45215140-0,7,Κατασκευαστικές εργασίες για θαλάμους διάγνωσης,Diagnostic screening room construction work
45215144-8,45215140-0,7,Κατασκευαστικές εργασίες για θαλάμους μη διαγνωστικής εξέτασης,Screening rooms construction work
45215145-5,45215140-0,7,Κατασκευαστικές εργασίες για θαλάμους ακτινοσκόπησης,Fluoroscopy room construction work
45215146-2,45215140-0,7,Κατασκευαστικές εργασίες για θαλάμους παθολογικής εξέτασης,Pathology room construction work
45215147-9,45215140-0,7,Κατασκευαστικές εργασίες για νεκροτομεία,Forensic room construction work
45215148-6,45215140-0,7,Κατασκευαστικές εργασίες για θαλάμους καθετηριασμού,Catheter room construction work
45215200-9,45215000-7,5,Κατασκευαστικές εργασίες για κτίρια κοινωνικών υπηρεσιών,Construction work for social services buildings
45215210-2,45215200-9,6,Κατασκευαστικές εργασίες για γηροκομεία κοινωνικής πρόνοιας,Construction work for subsidised residential accommodation
45215212-6,45215210-2,7,Κατασκευαστικές εργασίες για οίκους ευγηρίας,Retirement home construction work
45215213-3,45215210-2,7,Κατασκευαστικές εργασίες για γηροκομεία στα οποία παρέχεται και περίθαλψη,Nursing home construction work
45215214-0,45215210-2,7,Κατασκευαστικές εργασίες για κοινωνικές κατοικίες,Residential homes construction work
45215215-7,45215210-2,7,Κατασκευαστικές εργασίες για οικοτροφεία παιδιών,Children's home construction work
45215220-5,45215200-9,6,Κατασκευαστικές εργασίες για κτίρια κοινωνικής πρόνοιας εκτός από γηροκομεία,Construction work for social facilities other than subsidised residential accommodation
45215221-2,45215220-5,7,Κατασκευαστικές εργασίες για κέντρα ημερήσιας φροντίδας,Daycare centre construction work
45215222-9,45215220-5,7,Κατασκευαστικές εργασίες για δημοτικά κέντρα,Civic centre construction work
45215300-0,45215000-7,5,Κατασκευαστικές εργασίες για κρεματόρια,Construction work for crematoriums
45215400-1,45215000-7,5,Νεκροταφείο,Cemetery works
45215500-2,45215000-7,5,Δημόσια αφοδευτήρια,Public conveniences
45216000-4,45210000-2,4,Κατασκευαστικές εργασίες για κτίρια υπηρεσιών δημόσιας τάξης ή έκτακτης ανάγκης και στρατιωτικά κτίρια,Construction work for buildings relating to law and order or emergency services and for military buildings
45216100-5,45216000-4,5,Κατασκευαστικές εργασίες για κτίρια υπηρεσιών δημόσιας τάξης ή έκτακτης ανάγκης,Construction work for buildings relating to law and order or emergency services
45216110-8,45216100-5,6,Κατασκευαστικές εργασίες για κτίρια υπηρεσιών δημόσιας τάξης,Construction work for buildings relating to law and order
45216111-5,45216110-8,7,Κατασκευαστικές εργασίες για αστυνομικά τμήματα,Police station construction work
45216112-2,45216110-8,7,Κατασκευαστικές εργασίες για κτίρια δικαστηρίου,Court building construction work
45216113-9,45216110-8,7,Κατασκευαστικές εργασίες για φυλακές,Prison building construction work
45216114-6,45216110-8,7,Κοινοβουλευτικά κτίρια και κτίρια δημοσίων συνελεύσεων,Parliament and public assembly buildings
45216120-1,45216100-5,6,Κατασκευαστικές εργασίες για κτίρια έκτακτης ανάγκης,Construction work for buildings relating to emergency services
45216121-8,45216120-1,7,Κατασκευαστικές εργασίες για πυροσβεστικούς σταθμούς,Fire station construction work
45216122-5,45216120-1,7,Κατασκευαστικές εργασίες για σταθμούς ασθενοφόρων,Ambulance station construction work
45216123-2,45216120-1,7,Κατασκευαστικές εργασίες για κτίρια διάσωσης πυροσβεστών,Mountain-rescue building construction work
45216124-9,45216120-1,7,Κατασκευαστικές εργασίες για σταθμούς σωσίβιων λέμβων,Lifeboat station construction work
45216125-6,45216120-1,7,Κατασκευαστικές εργασίες για κτίρια υπηρεσιών έκτακτης ανάγκης,Emergency-services building construction work
45216126-3,45216120-1,7,Κατασκευαστικές εργασίες για κτίρια ακτοφυλακής,Coastguard building construction work
45216127-0,45216120-1,7,Κατασκευαστικές εργασίες για σταθμούς υπηρεσιών διάσωσης,Rescue-service station construction work
45216128-7,45216120-1,7,Κατασκευαστικές εργασίες για φάρους,Lighthouse construction work
45216129-4,45216120-1,7,Καταφύγια προστασίας,Protective shelters
45216200-6,45216000-4,5,Κατασκευαστικές εργασίες για στρατιωτικά κτίρια και εγκαταστάσεις,Construction work for military buildings and installations
45216220-2,45216200-6,6,Κατασκευαστικές εργασίες για οχυρά,Military bunker construction work
45216230-5,45216200-6,6,Κατασκευαστικές εργασίες για στρατιωτικά καταφύγια,Military shelter construction work
45216250-1,45216200-6,6,Κατασκευαστικές εργασίες για χαρακώματα,Trench defences construction work
45217000-1,45210000-2,4,Κατασκευαστικές εργασίες για φουσκωτά κτίρια,Inflatable buildings construction work
45220000-5,45200000-9,3,Εργασίες μηχανικού και δομικές εργασίες,Engineering works and construction works
45221000-2,45220000-5,4,"Κατασκευαστικές εργασίες για γέφυρες και σήραγγες, φρέατα και υπόγειες διαβάσεις","Construction work for bridges and tunnels, shafts and subways"
45221100-3,45221000-2,5,Κατασκευαστικές εργασίες σε γέφυρες,Construction work for bridges
45221110-6,45221100-3,6,Κατασκευαστικές εργασίες για γέφυρες,Bridge construction work
45221111-3,45221110-6,7,Κατασκευαστικές εργασίες για οδικές γέφυρες,Road bridge construction work
45221112-0,45221110-6,7,Κατασκευαστικές εργασίες για σιδηροδρομικές γέφυρες,Railway bridge construction work
45221113-7,45221110-6,7,Κατασκευαστικές εργασίες για γέφυρες διάβασης πεζών,Footbridge construction work
45221114-4,45221110-6,7,Κατασκευαστικές εργασίες για σιδηρές γέφυρες,Construction work for iron bridges
45221115-1,45221110-6,7,Κατασκευαστικές εργασίες για χαλύβδινες γέφυρες,Construction work for steel bridges
45221117-5,45221110-6,7,Κατασκευαστικές εργασίες για πλάστιγγες ζύγισης οχημάτων,Weighbridge construction work
45221118-2,45221110-6,7,Κατασκευαστικές εργασίες για γέφυρες αγωγών,Pipeline-carrying bridge construction work
45221119-9,45221110-6,7,Κατασκευαστικές εργασίες για ανακαίνιση γεφυρών,Bridge renewal construction work
45221120-9,45221100-3,6,Κατασκευαστικές εργασίες για κοιλαδογέφυρες,Viaduct construction work
45221121-6,45221120-9,7,Κατασκευαστικές εργασίες για επίστυλες οδογέφυρες,Road viaduct construction work
45221122-3,45221120-9,7,Κατασκευαστικές εργασίες για επίστυλες σιδηροδομικές γέφυρες,Railway viaduct construction work
45221200-4,45221000-2,5,"Κατασκευαστικές εργασίες για σήραγγες, φρέατα και υπόγειες διαβάσεις","Construction work for tunnels, shafts and subways"
45221210-7,45221200-4,6,Καλυμμένες ή εν μέρει καλυμμένες εκσκαφές,Covered or partially-covered excavations
45221211-4,45221210-7,7,Υπόγεια διάβαση πεζών,Underpass
45221213-8,45221210-7,7,Καλυμμένες ή εν μέρει καλυμμένες σιδηροδρομικές εκσκαφές,Covered or partially-covered railway excavations
45221214-5,45221210-7,7,Καλυμμένες ή εν μέρει καλυμμένες οδικές εκσκαφές,Covered or partially-covered road excavations
45221220-0,45221200-4,6,Οχετός,Culverts
45221230-3,45221200-4,6,Φρέατα,Shafts
45221240-6,45221200-4,6,Κατασκευαστικές εργασίες για σήραγγες,Construction work for tunnels
45221241-3,45221240-6,7,Κατασκευαστικές εργασίες για οδικές σήραγγες,Road tunnel construction work
45221242-0,45221240-6,7,Κατασκευαστικές εργασίες για σιδηροδρομικές σήραγγες,Railway tunnel construction work
45221243-7,45221240-6,7,Κατασκευαστικές εργασίες για σήραγγες διάβασης πεζών,Pedestrian tunnel construction work
45221244-4,45221240-6,7,Κατασκευαστικές εργασίες για σήραγγες καναλιού,Canal tunnel construction work
45221245-1,45221240-6,7,Κατασκευαστικές εργασίες για σήραγγες κάτω από τον ποταμό,Under-river tunnel construction work
45221246-8,45221240-6,7,Κατασκευαστικές εργασίες για υποθαλάσσιες σήραγγες,Undersea tunnel construction work
45221247-5,45221240-6,7,Εργασίες διάνοιξης σήραγγας,Tunnelling works
45221248-2,45221240-6,7,Κατασκευαστικές εργασίες για επενδύσεις σήραγγας,Tunnel linings construction work
45221250-9,45221200-4,6,"Υπόγεια έργα εκτός από σήραγγες, φρέατα και υπόγειες διαβάσεις","Underground work other than tunnels, shafts and subways"
45222000-9,45220000-5,4,"Κατασκευαστικές εργασίες για τεχνικά έργα εκτός από γέφυρες και σήραγγες, φρέατα και υπόγειες διαβάσεις","Construction work for engineering works except bridges, tunnels, shafts and subways"
45222100-0,45222000-9,5,Κατασκευαστικές εργασίες για μονάδες επεξεργασίας αποβλήτων,Waste-treatment plant construction work
45222110-3,45222100-0,6,Κατασκευαστικές εργασίες για χώρους απόθεσης απορριμμάτων,Waste disposal site construction work
45222200-1,45222000-9,5,Τεχνικά έργα για στρατιωτικές εγκαταστάσεις,Engineering work for military installations
45222300-2,45222000-9,5,Τεχνικά έργα για εγκαταστάσεις ασφαλείας,Engineering work for security installations
45223000-6,45220000-5,4,Κατασκευαστικές εργασίες για δομικές κατασκευές,Structures construction work
45223100-7,45223000-6,5,Συναρμολόγηση μεταλλικών δομικών κατασκευών,Assembly of metal structures
45223110-0,45223100-7,6,Τοποθέτηση μεταλλικών δομικών κατασκευών,Installation of metal structures
45223200-8,45223000-6,5,Εργασίες δομικού σκελετού,Structural works
45223210-1,45223200-8,6,Χαλύβδινες δομικές κατασκευές,Structural steelworks
45223220-4,45223200-8,6,Έργα κατασκευής δομικού σκελετού,Structural shell work
45223300-9,45223000-6,5,Κατασκευαστικές εργασίες για χώρους στάθμευσης,Parking lot construction work
45223310-2,45223300-9,6,Κατασκευαστικές εργασίες για υπόγειους χώρους στάθμευσης,Underground car park construction work
45223320-5,45223300-9,6,Κατασκευαστικές εργασίες για χώρους P+R,Park-and-ride facility construction work
45223400-0,45223000-6,5,Κατασκευαστικές εργασίες για σταθμούς ραντάρ,Radar station construction work
45223500-1,45223000-6,5,Κατασκευές από οπλισμένο σκυρόδεμα,Reinforced-concrete structures
45223600-2,45223000-6,5,Κατασκευαστικές εργασίες για σπίτια σκύλων,Dog kennels construction work
45223700-3,45223000-6,5,Κατασκευαστικές εργασίες για χώρους εξυπηρέτησης,Service area construction work
45223710-6,45223700-3,6,Κατασκευαστικές εργασίες για σταθμούς εξυπηρέτησης σε αυτοκινητόδρομο,Motorway service area construction work
45223720-9,45223700-3,6,Κατασκευαστικές εργασίες για πρατήρια βενζίνης/αερίου,Petrol/gas stations construction work
45223800-4,45223000-6,5,Συναρμολόγηση και ανέγερση κατασκευών από προκατασκευασμένα στοιχεία,Assembly and erection of prefabricated structures
45223810-7,45223800-4,6,Κατασκευές από προκατασκευασμένα στοιχεία,Prefabricated constructions
45223820-0,45223800-4,6,Προκατασκευασμένες μονάδες και στοιχεία,Prefabricated units and components
45223821-7,45223820-0,7,Προκατασκευασμένες μονάδες,Prefabricated units
45223822-4,45223820-0,7,Προκατασκευασμένα στοιχεία,Prefabricated components
45230000-8,45200000-9,3,"Κατασκευαστικές εργασίες για αγωγούς μεγάλων αποστάσεων, καλώδια επικοινωνιών και μεταφοράς ενέργειας, αυτοκινητόδρομους, οδούς, αεροδρόμια και σιδηρόδρομους· εργασίες διάστρωσης","Construction work for pipelines, communication and power lines, for highways, roads, airfields and railways; flatwork"
45231000-5,45230000-8,4,"Κατασκευαστικές εργασίες για αγωγούς μεγάλων αποστάσεων, καλώδια επικοινωνιών και μεταφοράς ενέργειας","Construction work for pipelines, communication and power lines"
45231100-6,45231000-5,5,Γενικές κατασκευαστικές εργασίες για αγωγούς μεγάλων αποστάσεων,General construction work for pipelines
45231110-9,45231100-6,6,Κατασκευαστικές εργασίες για τοποθέτηση αγωγών,Pipelaying construction work
45231111-6,45231110-9,7,Εξαγωγή και επανατοποθέτηση αγωγού,Pipeline lifting and relaying
45231112-3,45231110-9,7,Εγκατάσταση συστήματος αγωγών,Installation of pipe system
45231113-0,45231110-9,7,Εργασίες επανατοποθέτησης αγωγού μεγάλης απόστασης,Pipeline relaying works
45231200-7,45231000-5,5,Κατασκευαστικές εργασίες αγωγών μεγάλων αποστάσεων για τη μεταφορά πετρελαίου και αερίου,Construction work for oil and gas pipelines
45231210-0,45231200-7,6,Κατασκευαστικές εργασίες για πετρελαιαγωγούς,Construction work for oil pipelines
45231220-3,45231200-7,6,Κατασκευαστικές εργασίες για αγωγούς μεταφοράς αερίου,Construction work for gas pipelines
45231221-0,45231220-3,7,Κατασκευαστικές εργασίες για κεντρικούς αγωγούς παροχής αερίου,Gas supply mains construction work
45231222-7,45231220-3,7,Εργασίες σε αεριοφυλάκια,Gasholder works
45231223-4,45231220-3,7,Εργασίες σχετιζόμενες με τη διανομή αερίου,Gas distribution ancillary work
45231300-8,45231000-5,5,Κατασκευαστικές εργασίες για αγωγούς ύδρευσης και αποχέτευσης,Construction work for water and sewage pipelines
45231400-9,45231000-5,5,Κατασκευαστικές εργασίες για γραμμές ηλεκτροδότησης,Construction work for electricity power lines
45231500-0,45231000-5,5,Εργασίες σε αγωγούς πεπιεσμένου αέρα,Compressed-air pipeline work
45231510-3,45231500-0,6,Εργασίες σε αγωγούς πεπιεσμένου αέρα για παράδοση αλληλογραφίας,Compressed-air pipeline work for mailing system
45231600-1,45231000-5,5,Κατασκευαστικές εργασίες για γραμμές επικοινωνιών,Construction work for communication lines
45232000-2,45230000-8,4,Επικουρικά έργα για αγωγούς μεγάλων αποστάσων και καλωδιώσεις,Ancillary works for pipelines and cables
45232100-3,45232000-2,5,Επικουρικά έργα για αγωγούς ύδρευσης,Ancillary works for water pipelines
45232120-9,45232100-3,6,Αρδευτικά έργα,Irrigation works
45232121-6,45232120-9,7,Κατασκευαστικές εργασίες για σωληνώσεις διανομής νερού άρδευσης,Irrigation piping construction work
45232130-2,45232100-3,6,Κατασκευαστικές εργασίες για σωληνώσεις ομβρίων υδάτων,Storm-water piping construction work
45232140-5,45232100-3,6,Κατασκευαστικές εργασίες κεντρικών αγωγών τηλεθέρμανσης,District-heating mains construction work
45232141-2,45232140-5,7,Εργασίες σε εγκαταστάσεις θέρμανσης,Heating works
45232142-9,45232140-5,7,Κατασκευαστικές εργασίες για σταθμούς μετάδοσης θερμότητας,Heat-transfer station construction work
45232150-8,45232100-3,6,Εργασίες σχετιζόμενες με τους αγωγούς διανομής νερού,Works related to water-distribution pipelines
45232151-5,45232150-8,7,Κατασκευαστικές εργασίες για ανακαίνιση κεντρικών αγωγών νερού,Water-main refurbishment construction work
45232152-2,45232150-8,7,Κατασκευαστικές εργασίες για αντλιοστάσια,Pumping station construction work
45232153-9,45232150-8,7,Κατασκευαστικές εργασίες για υδατόπυργους,Construction work for water towers
45232154-6,45232150-8,7,Κατασκευαστικές εργασίες για υπερυψωμένες δεξαμενές πόσιμου νερού,Construction work of elevated tanks for drinking water
45232200-4,45232000-2,5,Επικουρικά έργα για γραμμές ηλεκτρικής ενέργειας,Ancillary works for electricity power lines
45232210-7,45232200-4,6,Κατασκευή εναέριας γραμμής,Overhead line construction
45232220-0,45232200-4,6,Κατασκευαστικές εργασίες για υποσταθμούς,Substation construction work
45232221-7,45232220-0,7,Υποσταθμός μετασχηματιστών,Transformer substation
45232300-5,45232000-2,5,Κατασκευαστικές εργασίες και επικουρικά έργα για γραμμές τηλεφώνου και επικοινωνιών,Construction and ancillary works for telephone and communication lines
45232310-8,45232300-5,6,Κατασκευαστικές εργασίες για τηλεφωνικές γραμμές,Construction work for telephone lines
45232311-5,45232310-8,7,Τηλέφωνα έκτακτης ανάγκης κατά μήκος του οδικού δικτύου,Roadside emergency telephone lines
45232320-1,45232300-5,6,Γραμμές καλωδιακής ραδιοφωνικής εκπομπής,Cable broadcasting lines
45232330-4,45232300-5,6,Τοποθέτηση κεραιών,Erection of aerials
45232331-1,45232330-4,7,Εργασίες σχετιζόμενες με εγκαταστάσεις ραδιοφωνικής μετάδοσης,Ancillary works for broadcasting
45232332-8,45232330-4,7,Εργασίες σχετιζόμενες με εγκαταστάσεις τηλεπικοινωνιών,Ancillary works for telecommunications
45232340-7,45232300-5,6,Κατασκευαστικές εργασίες για σταθμούς βάσης κινητής τηλεφωνίας,Mobile-telephone base-stations construction work
45232400-6,45232000-2,5,Έργα κατασκευής αποχετεύσεων,Sewer construction work
45232410-9,45232400-6,6,Έργα σε υπονόμους,Sewerage work
45232411-6,45232410-9,7,Κατασκευαστικές εργασίες για σωληνώσεις ακάθαρτων υδάτων,Foul-water piping construction work
45232420-2,45232400-6,6,Κατασκευαστικές εργασίες αποχετευτικών δικτύων,Sewage work
45232421-9,45232420-2,7,Εργασίες επεξεργασίας λυμάτων,Sewage treatment works
45232422-6,45232420-2,7,Εργασίες επεξεργασίας ιλύος,Sludge-treatment works
45232423-3,45232420-2,7,Κατασκευαστικές εργασίες για αντλιοστάσια νερών υπονόμων,Sewage pumping stations construction work
45232424-0,45232420-2,7,Κατασκευαστικές εργασίες για εκβολείς υπονόμου,Sewage outfall construction work
45232430-5,45232400-6,6,Εργασίες επεξεργασίας του νερού,Water-treatment work
45232431-2,45232430-5,7,Αντλιοστάσιο λυμάτων,Wastewater pumping station
45232440-8,45232400-6,6,Κατασκευαστικές εργασίες για αγωγούς αποχετεύσεων,Construction work for sewage pipes
45232450-1,45232400-6,6,Εργασίες κατασκευής δικτύου αποστράγγισης,Drainage construction works
45232451-8,45232450-1,7,Εργασίες σε δίκτυο αποστράγγισης και έργα επιφανείας,Drainage and surface works
45232452-5,45232450-1,7,Εργασίες αποστράγγισης,Drainage works
45232453-2,45232450-1,7,Κατασκευαστικές εργασίες για αποχετεύσεις,Drains construction work
45232454-9,45232450-1,7,Κατασκευαστικές εργασίες για λεκάνες συλλογής ομβρίων υδάτων,Rain-water basin construction work
45232460-4,45232400-6,6,Εργασίες σε εγκαταστάσεις ειδών υγιεινής,Sanitary works
45232470-7,45232400-6,6,Σταθμός διαμετακόμισης αποβλήτων,Waste transfer station
45233000-9,45230000-8,4,"Κατασκευαστικά έργα, έργα θεμελίωσης και επιφανειακά έργα σε αυτοκινητοδρόμους και οδούς","Construction, foundation and surface works for highways, roads"
45233100-0,45233000-9,5,Κατασκευή αυτοκινητοδρόμων και οδών,"Construction work for highways, roads"
45233110-3,45233100-0,6,Κατασκευαστικές εργασίες για αυτοκινητόδρομους,Motorway construction works
45233120-6,45233100-0,6,Έργα οδοποιίας,Road construction works
45233121-3,45233120-6,7,Κατασκευαστικά έργα σε κύριες οδούς,Main road construction works
45233122-0,45233120-6,7,Κατασκευαστικές εργασίες για περιφερειακές οδούς,Ring road construction work
45233123-7,45233120-6,7,Κατασκευαστικές εργασίες για δευτερεύουσες οδούς,Secondary road construction work
45233124-4,45233120-6,7,Κατασκευαστικές εργασίες για κύριες οδικές αρτηρίες,Trunk road construction work
45233125-1,45233120-6,7,Κατασκευαστικές εργασίες για οδικούς κόμβους,Road junction construction work
45233126-8,45233120-6,7,Κατασκευαστικές εργασίες για ανισόπεδους κόμβους,Grade-separated junction construction work
45233127-5,45233120-6,7,Κατασκευαστικές εργασίες για κόμβους τύπου Τ,T-junction construction work
45233128-2,45233120-6,7,Κατασκευαστικές εργασίες για κυκλικούς κόμβους,Roundabout construction work
45233129-9,45233120-6,7,Κατασκευαστικές εργασίες για σταυροδρόμια,Crossroad construction work
45233130-9,45233100-0,6,Κατασκευαστικές εργασίες για κεντρικές οδικές αρτηρίες,Construction work for highways
45233131-6,45233130-9,7,Κατασκευαστικές εργασίες για υπερυψωμένους αυτοκινητόδρομους,Construction work for elevated highways
45233139-3,45233130-9,7,Συντήρηση κεντρικών οδικών αρτηριών,Highway maintenance work
45233140-2,45233100-0,6,Οδικά έργα,Roadworks
45233141-9,45233140-2,7,Εργασίες συντήρησης οδών,Road-maintenance works
45233142-6,45233140-2,7,Εργασίες επισκευής οδών,Road-repair works
45233144-0,45233140-2,7,Κατασκευαστικές εργασίες για άνω διαβάσεις,Overpass construction work
45233150-5,45233100-0,6,Έργα αποσυμφόρησης της κυκλοφορίας,Traffic-calming works
45233160-8,45233100-0,6,Δίοδοι προσπέλασης και λοιπές μη ασφαλτοστρωμένες επιφάνειες,Paths and other metalled surfaces
45233161-5,45233160-8,7,Κατασκευαστικές εργασίες για διόδους προσπέλασης,Footpath construction work
45233162-2,45233160-8,7,Κατασκευαστικές εργασίες για οδούς για ποδήλατα,Cycle path construction work
45233200-1,45233000-9,5,Διάφορες εργασίες επικάλυψης του οδοστρώματος,Various surface works
45233210-4,45233200-1,6,Επιφανειακές εργασίες του οδοστρώματος κεντρικών αρτηριών,Surface work for highways
45233220-7,45233200-1,6,Επιφανειακές εργασίες οδοστρώματος οδών,Surface work for roads
45233221-4,45233220-7,7,Εργασίες διαγράμμισης οδικών επιφανειών,Road-surface painting work
45233222-1,45233220-7,7,Κατασκευαστικές εργασίες για έργα οδοστρωσίας και ασφαλτόστρωσης,Paving and asphalting works
45233223-8,45233220-7,7,Επαναδιάστρωση οδοστρώματος,Carriageway resurfacing works
45233224-5,45233220-7,7,Κατασκευαστικές εργασίες για οδούς διαχωρισμένου οδοστρώματος με δύο λωρίδες κυκλοφορίας,Dual carriageway construction work
45233225-2,45233220-7,7,Κατασκευαστικές εργασίες για οδούς διαχωρισμένου οδοστρώματος με μια λωρίδα κυκλοφορίας,Single carriageway construction work
45233226-9,45233220-7,7,Κατασκευαστικές εργασίες για συνδετήριες οδούς,Access road construction work
45233227-6,45233220-7,7,Κατασκευαστικές εργασίες για εξόδους αυτοκινητοδρόμου,Slip road construction work
45233228-3,45233220-7,7,Κατασκευαστικές εργασίες για επίχριση επιφάνειας οδού,Surface coating construction work
45233229-0,45233220-7,7,Συντήρησης ερεισμάτων,Verge maintenance work
45233250-6,45233200-1,6,Εργασίες επίστρωσης εκτός από οδοστρώσεις,Surfacing work except for roads
45233251-3,45233250-6,7,Εργασίες επαναδιάστρωσης,Resurfacing works
45233252-0,45233250-6,7,Επιφανειακές εργασίες οδοστρώματος δρόμων,Surface work for streets
45233253-7,45233250-6,7,Επιφανειακές εργασίες πεζοδρόμων,Surface work for footpaths
45233260-9,45233200-1,6,Κατασκευαστικές εργασίες για πεζοδρόμους,Pedestrian ways construction work
45233261-6,45233260-9,7,Κατασκευαστικές εργασίες για άνω διάβαση πεζών,Pedestrian overpass construction work
45233262-3,45233260-9,7,Κατασκευαστικές εργασίες για ζώνη πεζοδρόμου,Pedestrian zone construction work
45233270-2,45233200-1,6,Διαγράμμιση χώρου στάθμευσης,Parking-lot-surface painting work
45233280-5,45233200-1,6,Τοποθέτηση φραγμάτων ασφαλείας οδών,Erection of road-barriers
45233290-8,45233200-1,6,Εγκατάσταση οδικών πινακίδων,Installation of road signs
45233291-5,45233290-8,7,Εγκατάσταση μικρών οδικών στύλων,Installation of bollards
45233292-2,45233290-8,7,Εγκατάσταση εξοπλισμού ασφαλείας,Installation of safety equipment
45233293-9,45233290-8,7,Εγκατάσταση οδικής επίπλωσης,Installation of street furniture
45233294-6,45233290-8,7,Εγκατάσταση οδικών σημάτων,Installation of road signals
45233300-2,45233000-9,5,"Εργασίες θεμελιώσεων για αυτοκινητόδρομους, οδούς, δρόμους και πεζοδρόμους","Foundation work for highways, roads, streets and footpaths"
45233310-5,45233300-2,6,Εργασίες θεμελιώσεων για αυτοκινητόδρομους,Foundation work for highways
45233320-8,45233300-2,6,Εργασίες θεμελιώσεων για οδούς,Foundation work for roads
45233330-1,45233300-2,6,Εργασίες θεμελιώσεων για δρόμους,Foundation work for streets
45233340-4,45233300-2,6,Εργασίες θεμελιώσεων για πεζόδρομους,Foundation work for footpaths
45234000-6,45230000-8,4,Κατασκευαστικές εργασίες για σιδηρόδρομους και συστήματα καλωδιακής έλξης,Construction work for railways and cable transport systems
45234100-7,45234000-6,5,Κατασκευαστικές εργασίες για σιδηρόδρομους,Railway construction works
45234110-0,45234100-7,6,Εργασίες σε υπεραστικούς σιδηρόδρομους,Intercity railway works
45234111-7,45234110-0,7,Κατασκευαστικές εργασίες για αστικούς σιδηροδρόμους,City railway construction work
45234112-4,45234110-0,7,Κατασκευαστικές εργασίες για χώρους στάθμευσης τροχαίου υλικού,Railway depot construction work
45234113-1,45234110-0,7,Αποξήλωση σιδηροδρομικών γραμμών,Demolition of tracks
45234114-8,45234110-0,7,Κατασκευαστικές εργασίες για επιχωματώσεις σιδηροδρομικών γραμμών,Railway embankment construction work
45234115-5,45234110-0,7,Εργασίες σηματοδότησης σιδηροδρομικών γραμμών,Railway signalling works
45234116-2,45234110-0,7,Εργασίες διάστρωσης σιδηροτροχιών,Track construction works
45234120-3,45234100-7,6,Εργασίες σε αστικό σιδηρόδρομο,Urban railway works
45234121-0,45234120-3,7,Εργασίες σε τροχιόδρομο,Tramway works
45234122-7,45234120-3,7,Έργα σε υπόγειο σιδηρόδρομο,Underground railway works
45234123-4,45234120-3,7,Εργασίες σε μερικώς υπόγειο σιδηρόδρομο,Partially underground railway works
45234124-1,45234120-3,7,Μεταφορά επιβατών με υπόγειο σιδηρόδρομο,Underground passenger railway transport
45234125-8,45234120-3,7,Σταθμός υπόγειου σιδηρόδρομου,Underground railway station
45234126-5,45234120-3,7,Κατασκευή γραμμής τραμ,Tramline construction works
45234127-2,45234120-3,7,Κατασκευαστικές εργασίες για χώρους στάθμευσης τραμ,Tramway depot construction work
45234128-9,45234120-3,7,Κατασκευαστικές εργασίες για εξέδρες γραμμής τραμ,Tramway platforms construction work
45234129-6,45234120-3,7,Εργασίες διάστρωσης σιδηροτροχιών σε αστικό σιδηρόδρομο,Urban railway track construction works
45234130-6,45234100-7,6,Κατασκευαστικές εργασίες με έρμα,Ballast construction works
45234140-9,45234100-7,6,Κατασκευαστικές εργασίες για ισόπεδες διαβάσεις,Level crossing construction works
45234160-5,45234100-7,6,Κατασκευαστικές εργασίες για γραμμές επαφής με αιώρηση αλυσοειδούς (κατενέρ),Catenary's construction works
45234170-8,45234100-7,6,Κατασκευαστικές εργασίες για υποσταθμούς σιδηροδρομικών μηχανών,Locomotive-substations construction works
45234180-1,45234100-7,6,Κατασκευαστικές εργασίες για μηχανοστάσια,Construction work for railways workshop
45234181-8,45234180-1,7,Κατασκευαστικές εργασίες για συνεργεία διαχωρισμού σιδηροτροχιών,Construction work for rail track sectioning cabins
45234200-8,45234000-6,5,Συστήματα μεταφοράς υποστηριζόμενα από καλώδια,Cable-supported transport systems
45234210-1,45234200-8,6,Συστήματα μεταφοράς με καμπίνες υποστηριζόμενα από καλώδια,Cable-supported transport systems with cabins
45234220-4,45234200-8,6,Κατασκευαστικές εργασίες για ανελκυστήρες χιονοδρόμων,Construction work for ski lifts
45234230-7,45234200-8,6,Κατασκευαστικές εργασίες για τελεσιέζ,Construction work for chair lifts
45234240-0,45234200-8,6,Οδοντωτός σιδηρόδρομος,Funicular railway system
45234250-3,45234200-8,6,Κατασκευαστικές εργασίες για τελεφερίκ,Teleferic construction work
45235000-3,45230000-8,4,"Γενικές κατασκευαστικές εργασίες για αεροδρόμια, διαδρόμους προσγείωσης-απογείωσης και επιφάνειες ελιγμών","Construction work for airfields, runways and manoeuvring surfaces"
45235100-4,45235000-3,5,Κατασκευαστικές εργασίες για αερολιμένες,Construction work for airports
45235110-7,45235100-4,6,Κατασκευαστικές εργασίες για αεροδρόμια,Construction work for airfields
45235111-4,45235110-7,7,Κατασκευαστικές εργασίες για επίστρωση επιφάνειας αεροδρομίου,Airfield pavement construction work
45235200-5,45235000-3,5,Εργασίες κατακευής διαδρόμου προσγείωσης-απογείωσης,Runway construction works
45235210-8,45235200-5,6,Επανεπίστρωση διαδρόμου προσγείωσης-απογείωσης,Runway resurfacing
45235300-6,45235000-3,5,Κατασκευαστικές εργασίες χώρων ελιγμού αεροσκαφών,Construction work for aircraft-manoeuvring surfaces
45235310-9,45235300-6,6,Κατασκευαστικές εργασίες για διαδρόμους τροχοδρόμησης αεροσκαφών,Taxiway construction work
45235311-6,45235310-9,7,Κατασκευαστικές εργασίες για επίστρωση διαδρόμων τροχοδρόμησης αεροσκαφών,Taxiway pavement construction work
45235320-2,45235300-6,6,Κατασκευαστικές εργασίες για χώρους στάθμευσης και φόρτωσης αεροσκαφών,Construction work for aircraft aprons
45236000-0,45230000-8,4,Εργασίες διάστρωσης,Flatwork
45236100-1,45236000-0,5,Εργασίες διάστρωσης επιφανειών διαφόρων εγκαταστάσεων άθλησης,Flatwork for miscellaneous sports installations
45236110-4,45236100-1,6,Εργασίες διάστρωσης επιφανειών για γήπεδα αθλητισμού,Flatwork for sports fields
45236111-1,45236110-4,7,Εργασίες διάστρωσης γηπέδου γκολφ,Flatwork for golf course
45236112-8,45236110-4,7,Εργασίες διάστρωσης γηπέδου τένις,Flatwork for tennis court
45236113-5,45236110-4,7,Εργασίες διάστρωσης ιπποδρόμου,Flatwork for racecourse
45236114-2,45236110-4,7,Εργασίες διάστρωσης διαδρομών δρομέων,Flatwork for running tracks
45236119-7,45236110-4,7,Εργασίες επισκευής γηπέδων αθλητισμού,Repair work on sports fields
45236200-2,45236000-0,5,Εργασίες διάστρωσης εγκαταστάσεων αναψυχής,Flatwork for recreation installations
45236210-5,45236200-2,6,Εργασίες διάστρωσης παιδικής χαράς,Flatwork for children's play area
45236220-8,45236200-2,6,Εργασίες διάστρωσης ζωολογικού κήπου,Flatwork for zoo
45236230-1,45236200-2,6,Εργασίες διάστρωσης κήπων,Flatwork for gardens
45236250-7,45236200-2,6,Εργασίες διάστρωσης για πάρκα,Flatwork for parks
45236290-9,45236200-2,6,Εργασίες επισκευής χώρων ψυχαγωγίας,Repair work on recreational areas
45236300-3,45236000-0,5,Χωματουργικές εργασίες νεκροταφείων,Flatwork for cemeteries
45237000-7,45230000-8,4,Κατασκευαστικές εργασίες για σκηνές χώρων εκδηλώσεων,Stage construction works
45240000-1,45200000-9,3,Κατασκευαστικές εργασίες για υδραυλικά έργα,Construction work for water projects
45241000-8,45240000-1,4,Κατασκευαστικές εργασίες για λιμάνια,Harbour construction works
45241100-9,45241000-8,5,Κατασκευαστικές εργασίες για προκυμαίες,Quay construction work
45241200-0,45241000-8,5,Επιτόπιες κατασκευαστικές εργασίες τερματικού σταθμού ανοικτής θαλάσσης,Offshore terminal in situ construction work
45241300-1,45241000-8,5,Κατασκευαστικές εργασίες για προβλήτες,Pier construction work
45241400-2,45241000-8,5,Κατασκευαστικές εργασίες για αποβάθρες,Dock construction work
45241500-3,45241000-8,5,Κατασκευαστικές εργασίες για προκυμαίες πλεύρισης σκαφών,Wharf construction work
45241600-4,45241000-8,5,Εγκατάσταση εξοπλισμού φωτισμού λιμένα,Installation of port lighting equipment
45242000-5,45240000-1,4,Κατασκευαστικές εργασίες για παραθαλάσσιες εγκαταστάσεις αναψυχής,Waterside leisure facilities construction work
45242100-6,45242000-5,5,Κατασκευαστικές εργασίες εγκαταστάσεων θαλάσσιων σπορ,Water-sports facilities construction work
45242110-9,45242100-6,6,Κατασκευαστικές εργασίες εγκατάστασης καθέλκυσης,Launchway construction work
45242200-7,45242000-5,5,Κατασκευαστικές εργασίες για μαρίνες,Marina construction work
45242210-0,45242200-7,6,Κατασκευαστικές εργασίες για λιμένες σκαφών αναψυχής,Yacht harbour construction work
45243000-2,45240000-1,4,Παράκτια αμυντικά έργα,Coastal-defence works
45243100-3,45243000-2,5,Εργασίες προστασίας γκρεμού,Cliff-protection works
45243110-6,45243100-3,6,Εργασίες σταθεροποίησης γκρεμού,Cliff-stabilisation works
45243200-4,45243000-2,5,Κατασκευαστικές εργασίες για κυματοθραύστες,Breakwater construction work
45243300-5,45243000-2,5,Κατασκευαστικές εργασίες για λιμενοβραχίονες,Sea wall construction work
45243400-6,45243000-2,5,Εργασίες σταθεροποίησης ακτής,Beach-consolidation works
45243500-7,45243000-2,5,Κατασκευαστικές εργασίες για θαλάσσια αμυντικά έργα,Sea defences construction work
45243510-0,45243500-7,6,Εργασίες επιχωμάτωσης,Embankment works
45243600-8,45243000-2,5,Κατασκευαστικές εργασίες για κρηπιδότοιχους,Quay wall construction work
45244000-9,45240000-1,4,Κατασκευή μαρίνας,Marine construction works
45244100-0,45244000-9,5,Εγκαταστάσεις μαρίνας,Marine installations
45244200-1,45244000-9,5,Προβλήτες,Jetties
45245000-6,45240000-1,4,Εργασίες βυθοκόρισης και άντλησης για εγκαταστάσεις μονάδων επεξεργασίας ύδατος,Dredging and pumping works for water treatment plant installations
45246000-3,45240000-1,4,Έργα ρύθμισης ροής ποταμού και αντιπλημμυρικά έργα,River regulation and flood control works
45246100-4,45246000-3,5,Κατασκευή παρόχθιου τοίχου,River-wall construction
45246200-5,45246000-3,5,Έργα παρόχθιας προστασίας,Riverbank protection works
45246400-7,45246000-3,5,Αντιπλημμυρικά έργα,Flood-prevention works
45246410-0,45246400-7,6,Συντήρηση αντιπλημμυρικών έργων,Flood-defences maintenance works
45246500-8,45246000-3,5,Κατασκευαστικές εργασίες για χώρους περιπάτου,Promenade construction work
45246510-1,45246500-8,6,Κατασκευαστικές εργασίες για χώρους περιπάτου στην προκυμαία,Boardwalk construction work
45247000-0,45240000-1,4,"Κατασκευαστικές εργασίες φραγμάτων, διωρύγων, αρδευτικών καναλιών και υδραγωγείων","Construction work for dams, canals, irrigation channels and aqueducts"
45247100-1,45247000-0,5,Κατασκευαστικές εργασίες υδάτινων οδών,Construction work for waterways
45247110-4,45247100-1,6,Κατασκευή διώρυγας,Canal construction
45247111-1,45247110-4,7,Κατασκευαστικές εργασίες για αρδευτικά κανάλια,Irrigation channel construction work
45247112-8,45247110-4,7,Κατασκευαστικές εργασίες για κανάλια αποστράγγισης,Drainage canal construction work
45247120-7,45247100-1,6,Υδάτινες οδοί εκτός από διώρυγες,Waterways except canals
45247130-0,45247100-1,6,Κατασκευαστικές εργασίες για υδραγωγεία,Aqueduct construction work
45247200-2,45247000-0,5,Κατασκευαστικές εργασίες φραγμάτων και παρόμοιων μόνιμων κατασκευών,Construction work for dams and similar fixed structures
45247210-5,45247200-2,6,Κατασκευαστικές εργασίες για φράγματα,Dam construction work
45247211-2,45247210-5,7,Κατασκευαστικές εργασίες για τοίχους φραγμάτων,Dam wall construction work
45247212-9,45247210-5,7,Εργασίες ενίσχυσης φράγματος,Dam-reinforcement works
45247220-8,45247200-2,6,Κατασκευαστικές εργασίες για μικρά ποτάμια φράγματα,Weir construction work
45247230-1,45247200-2,6,Κατασκευαστικές εργασίες για αντιπλημμυρικά αναχώματα,Dyke construction work
45247240-4,45247200-2,6,Κατασκευαστικές εργασίες για στατικά φράγματα,Static barrage construction work
45247270-3,45247200-2,6,Κατασκευαστικές εργασίες δεξαμενής,Reservoir construction works
45248000-7,45240000-1,4,Κατασκευαστικές εργασίες υδραυλικών-μηχανολογικών κατασκευών,Construction work for hydro-mechanical structures
45248100-8,45248000-7,5,Κατασκευαστικές εργασίες για θυροφράγματα διώρυγας,Canal locks construction work
45248200-9,45248000-7,5,Κατασκευαστικές εργασίες για δεξαμενές επισκευής πλοίων,Dry docks construction work
45248300-0,45248000-7,5,Κατασκευαστικές εργασίες για πλωτές αποβάθρες,Construction work for floating docks
45248400-1,45248000-7,5,Κατασκευαστικές εργασίες για εξέδρες αποβίβασης,Landing stages construction work
45248500-2,45248000-7,5,Κατασκευαστικές εργασίες για κινητά φράγματα,Movable barrages construction work
45250000-4,45200000-9,3,"Κατασκευαστικές εργασίες για μονάδες ηλεκτροπαραγωγής, καθώς και για τον εξορυκτικό και μεταποιητικό τομέα και για κτίρια βιομηχανίας πετρελαίου και αερίου","Construction works for plants, mining and manufacturing and for buildings relating to the oil and gas industry"
45251000-1,45250000-4,4,Κατασκευαστικές εργασίες για μονάδες ηλεκτροπαραγωγής και θερμοηλεκτρισμού,Construction works for power plants and heating plants
45251100-2,45251000-1,5,Κατασκευαστικές εργασίες για μονάδα ηλεκτροπαραγωγής,Construction work for power plant
45251110-5,45251100-2,6,Κατασκευαστικές εργασίες για πυρηνικούς σταθμούς παραγωγής ενέργειας,Nuclear-power station construction work
45251111-2,45251110-5,7,Κατασκευαστικές εργασίες για πυρηνικούς αντιδραστήρες,Construction work for nuclear reactors
45251120-8,45251100-2,6,Κατασκευαστικές εργασίες για υδροηλεκτρικές εγκαταστάσεις,Hydro-electric plant construction work
45251140-4,45251100-2,6,Κατασκευαστικές εργασίες για σταθμούς παραγωγής θερμικής ενέργειας,Thermal power plant construction work
45251141-1,45251140-4,7,Κατασκευαστικές εργασίες για σταθμούς γεωθερμικής ενέργειας,Geothermal power station construction work
45251142-8,45251140-4,7,Κατασκευαστικές εργασίες για σταθμούς παραγωγής ενέργειας από την καύση ξύλου,Wood-fired power station construction work
45251143-5,45251140-4,7,Κατασκευαστικές εργασίες για εγκαταστάσεις παραγωγής πεπιεσμένου αέρα,Compressed-air generating plant construction work
45251150-7,45251100-2,6,Κατασκευαστικές εργασίες για πύργους ψύξης,Construction work for cooling towers
45251160-0,45251100-2,6,Εργασίες εγκαταστάσεων αιολικής ενέργειας,Wind-power installation works
45251200-3,45251000-1,5,Κατασκευαστικές εργασίες για θερμοηλεκτρικούς σταθμούς,Heating plant construction work
45251220-9,45251200-3,6,Κατασκευαστικές εργασίες για σταθμούς συνδυασμένης παραγωγής,Cogeneration plant construction work
45251230-2,45251200-3,6,Κατασκευαστικές εργασίες για μονάδες παραγωγής ατμού,Steam-generation plant construction work
45251240-5,45251200-3,6,Κατασκευαστικές εργασίες για σταθμούς παραγωγής ηλεκτρικής ενέργειας με χρήση αερίου παραγόμενου σε χωματερή,Landfill-gas electricity generating plant construction work
45251250-8,45251200-3,6,Κατασκευαστικές εργασίες για μονάδες κεντρικής θέρμανσης περιοχής,District-heating plant construction work
45252000-8,45250000-4,4,"Κατασκευαστικές εργασίες για σταθμούς επεξεργασίας λυμάτων, εγκαταστάσεις καθαρισμού και σταθμούς αποτέφρωσης απορριμμάτων","Construction works for sewage treatment plants, purification plants and refuse incineration plants"
45252100-9,45252000-8,5,Κατασκευαστικές εργασίες για σταθμούς επεξεργασίας ακάθαρτων υδάτων,Sewage-treatment plant construction work
45252110-2,45252100-9,6,Κατασκευαστικές εργασίες για κινητές μονάδες,Mobile plant construction work
45252120-5,45252100-9,6,Κατασκευαστικές εργασίες για σταθμούς επεξεργασίας υδάτων,Water-treatment plant construction work
45252121-2,45252120-5,7,Εγκαταστάσεις καθίζησης,Sedimentation installations
45252122-9,45252120-5,7,Χωνευτήρες ακαθάρτων υδάτων,Sewage digesters
45252123-6,45252120-5,7,Εγκαταστάσεις κοσκινίσματος,Screening installations
45252124-3,45252120-5,7,Εργασίες βυθοκόρησης και άντλησης,Dredging and pumping works
45252125-0,45252120-5,7,Εργασίες απόθεσης βράχων,Rock-dumping work
45252126-7,45252120-5,7,Κατασκευαστικές εργασίες για εγκαταστάσεις επεξεργασίας πόσιμου νερού,Drinking-water treatment plant construction work
45252127-4,45252120-5,7,Κατασκευαστικές εργασίες για σταθμούς επεξεργασίας λυμάτων,Wastewater treatment plant construction work
45252130-8,45252100-9,6,Εξοπλισμός σταθμού επεξεργασίας λυμάτων,Sewage plant equipment
45252140-1,45252100-9,6,Κατασκευαστικές εργασίες για μονάδες αφυδάτωσης ιλύος,Sludge-dewatering plant construction work
45252150-4,45252100-9,6,Κατασκευαστικές εργασίες για μονάδες κατεργασίας άνθρακα,Coal-handling plant construction work
45252200-0,45252000-8,5,Εξοπλισμός εγκαταστάσεων καθαρισμού,Purification plant equipment
45252210-3,45252200-0,6,Κατασκευαστικές εργασίες για εγκαταστάσεις καθαρισμού νερού,Water purification plant construction work
45252300-1,45252000-8,5,Κατασκευαστικές εργασίες για σταθμούς αποτέφρωσης απορριμμάτων,Refuse-incineration plant construction work
45253000-5,45250000-4,4,Κατασκευαστικές εργασίες για εγκαταστάσεις επεξεργασίας χημικών προϊόντων,Construction work for chemical-processing plant
45253100-6,45253000-5,5,Κατασκευαστικές εργασίες για μονάδες αποσκλήρυνσης,Demineralisation plant construction work
45253200-7,45253000-5,5,Κατασκευαστικές εργασίες για μονάδες αποθείωσης,Desulphurisation plant construction work
45253300-8,45253000-5,5,Κατασκευαστικές εργασίες για εγκαταστάσεις απόσταξης ή επαναδιύλισης,Distilling or rectifying plant construction work
45253310-1,45253300-8,6,Κατασκευαστικές εργασίες για εγκαταστάσεις απόσταξης νερού,Water-distillation plants construction work
45253320-4,45253300-8,6,Κατασκευαστικές εργασίες για εγκαταστάσεις απόσταξης οινοπνεύματος,Alcohol-distillation plants construction work
45253400-9,45253000-5,5,Κατασκευαστικές εργασίες για πετροχημικές εγκαταστάσεις,Construction work for petrochemical plant
45253500-0,45253000-5,5,Κατασκευαστικές εργασίες για εγκαταστάσεις φαρμακοβιομηχανίας,Construction work for pharmaceutical plant
45253600-1,45253000-5,5,Κατασκευαστικές εργασίες για μονάδες απιονισμού,Deionisation plant construction work
45253700-2,45253000-5,5,Κατασκευαστικές εργασίες για μονάδες βιοχημικής αποσύνθεσης οργανικών υλών,Digestion plant construction work
45253800-3,45253000-5,5,Κατασκευαστικές εργασίες για μονάδες λιπασματοποίησης,Composting plant construction work
45254000-2,45250000-4,4,Κατασκευαστικές εργασίες για τον εξορυκτικό και μεταποιητικό τομέα,Construction work for mining and manufacturing
45254100-3,45254000-2,5,Κατασκευαστικές εργασίες για ορυχεία,Construction work for mining
45254110-6,45254100-3,6,Κατασκευαστικές εργασίες για προθαλάμους ορυχείου,Pithead construction work
45254200-4,45254000-2,5,Κατασκευαστικές εργασίες για μεταποιητικές εγκαταστάσεις,Construction work for manufacturing plant
45255000-9,45250000-4,4,Κατασκευαστικές εργασίες για τη βιομηχανία πετρελαίου και αερίου,Construction work for the oil and gas industry
45255100-0,45255000-9,5,Κατασκευαστικά έργα για πλατφόρμες παραγωγής,Construction work for production platforms
45255110-3,45255100-0,6,Κατασκευαστικές εργασίες για πετρελαιοπηγές,Wells construction work
45255120-6,45255100-0,6,Κατασκευαστικές εργασίες για εγκαταστάσεις εξέδρας,Platforms facilities construction work
45255121-3,45255120-6,7,Κατασκευαστικές εργασίες για εγκαταστάσεις επιφάνειας εξέδρας,Topside facilities construction work
45255200-1,45255000-9,5,Κατασκευαστικές εργασίες για διυλιστήρια πετρελαίου,Oil refinery construction work
45255210-4,45255200-1,6,Κατασκευαστικές εργασίες για τερματικούς σταθμούς πετρελαίου,Oil terminal construction work
45255300-2,45255000-9,5,Κατασκευαστικές εργασίες για τερματικούς σταθμούς αερίου,Gas terminal construction work
45255400-3,45255000-9,5,Εργασίες κατασκευών,Fabrication work
45255410-6,45255400-3,6,Κατασκευαστικές εργασίες σε εγκαταστάσεις ανοικτής θαλάσσης,Offshore fabrication work
45255420-9,45255400-3,6,Κατασκευαστικές εργασίες σε εγκαταστάσεις ξηράς,Onshore fabrication work
45255430-2,45255400-3,6,Διάλυση εξεδρών εξόρυξης πετρελαίου,Demolition of oil platforms
45255500-4,45255000-9,5,Εργασίες γεώτρησης και εξερεύνησης,Drilling and exploration work
45255600-5,45255000-9,5,Εργασίες σε φρέατα με σπειροειδείς σωληνώσεις,Coiled-tubing wellwork
45255700-6,45255000-9,5,Κατασκευαστικές εργασίες για εγκαταστάσεις αεριοποίησης άνθρακα,Coal-gasification plant construction work
45255800-7,45255000-9,5,Κατασκευαστικές εργασίες για εγκαταστάσεις παραγωγής αερίου,Gas-production plant construction work
45259000-7,45250000-4,4,Επισκευή και συντήρηση εγκαταστάσεων,Repair and maintenance of plant
45259100-8,45259000-7,5,Επισκευή και συντήρηση εγκατάστασης επεξεργασίας ακάθαρτων υδάτων,Wastewater-plant repair and maintenance work
45259200-9,45259000-7,5,Επισκευή και συντήρηση εγκαταστάσεων καθαρισμού,Purification-plant repair and maintenance work
45259300-0,45259000-7,5,Επισκευή και συντήρηση εγκαταστάσεων θέρμανσης,Heating-plant repair and maintenance work
45259900-6,45259000-7,5,Εργασίες αναβάθμισης εγκαταστάσεων,Plant upgrade work
45260000-7,45200000-9,3,Στεγαστικές εργασίες και άλλες κατασκευαστικές εργασίες ειδικής φύσης,Roof works and other special trade construction works
45261000-4,45260000-7,4,Οικοδομικές και συναφείς εργασίες επικάλυψης στεγών και κατασκευής διαχωριστικών πλαισίων,Erection and related works of roof frames and coverings
45261100-5,45261000-4,5,Εργασίες κατασκευής πλαισίων στεγών,Roof-framing work
45261200-6,45261000-4,5,Εργασίες επικάλυψης και βαφής στεγών,Roof-covering and roof-painting work
45261210-9,45261200-6,6,Εργασίες κάλυψης στέγης,Roof-covering work
45261211-6,45261210-9,7,Επίστρωση στεγών με πλακίδια,Roof-tiling work
45261212-3,45261210-9,7,Επίστρωση στεγών με σχιστολιθικά πλακίδια,Roof-slating work
45261213-0,45261210-9,7,Εργασίες μεταλλικής κάλυψης οροφής,Metal roof-covering work
45261214-7,45261210-9,7,Εργασίες επικάλυψης στέγης με πίσσα,Bituminous roof-covering work
45261215-4,45261210-9,7,Εργασίες επικάλυψης στέγης για ηλιακούς συλλέκτες,Solar panel roof-covering work
45261220-2,45261200-6,6,Εργασίες βαφής και άλλες εργασίες επίχρισης στέγης,Roof-painting and other coating work
45261221-9,45261220-2,7,Εργασίες βαφής στέγης,Roof-painting work
45261222-6,45261220-2,7,Εργασίες επίχρισης στέγης με τσιμέντο,Cement roof-coating work
45261300-7,45261000-4,5,Εργασίες τοποθέτησης στεγανωτικών ελασμάτων και υδρορροών,Flashing and guttering work
45261310-0,45261300-7,6,Εργασίες τοποθέτησης στεγανωτικών ελασμάτων,Flashing work
45261320-3,45261300-7,6,Εργασίες τοποθέτησης υδρορροών,Guttering work
45261400-8,45261000-4,5,Τοποθέτηση ελασμάτων,Sheeting work
45261410-1,45261400-8,6,Εργασίες μόνωσης στέγης,Roof insulation work
45261420-4,45261400-8,6,Εργασίες υδατοστεγάνωσης,Waterproofing work
45261900-3,45261000-4,5,Εργασίες επισκευής και συντήρησης στέγης,Roof repair and maintenance work
45261910-6,45261900-3,6,Εργασίες επισκευής στέγης,Roof repair
45261920-9,45261900-3,6,Εργασίες συντήρησης στέγης,Roof maintenance work
45262000-1,45260000-7,4,Κατασκευαστικές εργασίες ειδικής φύσης εκτός από εργασίες στέγης,Special trade construction works other than roof works
45262100-2,45262000-1,5,Εργασίες ικριωμάτων,Scaffolding work
45262110-5,45262100-2,6,Εργασίες αποξήλωσης ικριωμάτων,Scaffolding dismantling work
45262120-8,45262100-2,6,Εργασίες ανέγερσης ικριωμάτων,Scaffolding erection work
45262200-3,45262000-1,5,Εργασίες θεμελιώσεων και διάνοιξης φρεάτων ύδατος,Foundation work and water-well drilling
45262210-6,45262200-3,6,Εργασίες θεμελιώσεων,Foundation work
45262211-3,45262210-6,7,Πασσάλωση,Pile driving
45262212-0,45262210-6,7,Εργασίες σταθεροποίησης ορυγμάτων,Trench sheeting work
45262213-7,45262210-6,7,Τεχνική διαφραγματικού τοίχου,Diaphragm wall technique
45262220-9,45262200-3,6,Διάνοιξη φρεάτων ύδατος,Water-well drilling
45262300-4,45262000-1,5,Εργασίες σκυροδέματος,Concrete work
45262310-7,45262300-4,6,Εργασίες οπλισμένου σκυροδέματος,Reinforced-concrete work
45262311-4,45262310-7,7,Εργασίες καλουπώματος για την έγχυση σκυροδέματος,Concrete carcassing work
45262320-0,45262300-4,6,Εργασίες επικάλυψης δαπέδων,Screed works
45262321-7,45262320-0,7,Εργασίες ρύθμισης πάχους επίστρωσης δαπέδων,Floor-screed works
45262330-3,45262300-4,6,Εργασίες επισκευής κατασκευών σκυροδέματος,Concrete repair work
45262340-6,45262300-4,6,Εργασίες πλήρωσης με ρευστό κονίαμα,Grouting work
45262350-9,45262300-4,6,Εργασίες μη οπλισμένου σκυροδέματος,Unreinforced-concrete work
45262360-2,45262300-4,6,Εργασίες με τσιμεντοκονίαμα,Cementing work
45262370-5,45262300-4,6,Εργασίες επίχρισης σκυροδέματος,Concrete-coating work
45262400-5,45262000-1,5,Εργασίες ανέγερσης χαλύβδινων δομικών μερών,Structural steel erection work
45262410-8,45262400-5,6,Εργασίες ανέγερσης χαλύβδινων δομικών μερών για κτίρια,Structural steel erection work for buildings
45262420-1,45262400-5,6,Εργασίες ανέγερσης χαλύβδινων δομικών μερών για κατασκευές,Structural steel erection work for structures
45262421-8,45262420-1,7,Εργασίες αγκυροβολίων ανοικτής θαλάσσης,Offshore mooring work
45262422-5,45262420-1,7,Εργασίες υποβρύχιων γεωτρήσεων,Subsea drilling work
45262423-2,45262420-1,7,Εργασίες κατασκευής καταστρωμάτων,Deck-fabrication work
45262424-9,45262420-1,7,Εργασίες κατασκευής τμημάτων κατασκευών ανοικτής θαλάσσης,Offshore-module fabrication work
45262425-6,45262420-1,7,Εργασίες κατασκευής περιβλήματος,Jacket-fabrication work
45262426-3,45262420-1,7,Εργασίες κατασκευής πασσάλων,Pile-fabrication work
45262500-6,45262000-1,5,Εργασίες τοιχοποιίας και οπτοπλινθοδομών,Masonry and bricklaying work
45262510-9,45262500-6,6,Λιθοκατασκευές,Stonework
45262511-6,45262510-9,7,Λάξευση λίθων,Stone carving
45262512-3,45262510-9,7,Κατασκευές με λαξευτούς λίθους,Dressed stonework
45262520-2,45262500-6,6,Εργασίες οπτοπλινθοδομής,Bricklaying work
45262521-9,45262520-2,7,Οπτοπλινθοδομές πρόσοψης,Facing brickwork
45262522-6,45262520-2,7,Εργασίες τοιχοποιίας,Masonry work
45262600-7,45262000-1,5,Διάφορες κατασκευαστικές εργασίες ειδικής φύσης,Miscellaneous special-trade construction work
45262610-0,45262600-7,6,Βιομηχανικές καπνοδόχοι,Industrial chimneys
45262620-3,45262600-7,6,Φέροντες τοίχοι,Supporting walls
45262630-6,45262600-7,6,Κατασκευή κλιβάνων,Construction of furnaces
45262640-9,45262600-7,6,Έργα αναβάθμισης περιβάλλοντος,Environmental improvement works
45262650-2,45262600-7,6,Εργασίες επικάλυψης,Cladding works
45262660-5,45262600-7,6,Εργασίες αφαίρεσης αμιάντου,Asbestos-removal work
45262670-8,45262600-7,6,Εργασίες κατεργασίας μετάλλων,Metalworking
45262680-1,45262600-7,6,Εργασίες συγκόλλησης,Welding
45262690-4,45262600-7,6,Εργασίες ανακαίνισης υποβαθμισμένων κτιρίων,Refurbishment of run-down buildings
45262700-8,45262000-1,5,Εργασίες μετατροπής κτιρίου,Building alteration work
45262710-1,45262700-8,6,Εργασίες συντήρησης νωπογραφιών,Fresco maintenance work
45262800-9,45262000-1,5,Εργασίες επέκτασης κτιρίου,Building extension work
45262900-0,45262000-1,5,Εργασίες μπαλκονιών,Balcony work
45300000-0,45000000-7,2,Εργασίες κτιριακών εγκαταστάσεων,Building installation work
45310000-3,45300000-0,3,Εργασίες ηλεκτρολογικών εγκαταστάσεων,Electrical installation work
45311000-0,45310000-3,4,Εγκατάσταση ηλεκτρικών καλωδιώσεων και εξαρτημάτων,Electrical wiring and fitting work
45311100-1,45311000-0,5,Εργασίες ηλεκτρικής καλωδίωσης,Electrical wiring work
45311200-2,45311000-0,5,Εγκατάσταση ηλεκτρικών εξαρτημάτων,Electrical fitting work
45312000-7,45310000-3,4,Εργασίες εγκατάστασης συστημάτων συναγερμού και κεραιών,Alarm system and antenna installation work
45312100-8,45312000-7,5,Εργασίες εγκατάστασης συστήματος συναγερμού πυρκαγιάς,Fire-alarm system installation work
45312200-9,45312000-7,5,Εργασίες εγκατάστασης συστήματος αντικλεπτικού συναγερμού,Burglar-alarm system installation work
45312300-0,45312000-7,5,Εργασίες εγκατάστασης κεραίας,Antenna installation work
45312310-3,45312300-0,6,Εργασίες προστασίας από τον κεραυνό,Lightning-protection works
45312311-0,45312310-3,7,Εργασίες εγκατάστασης αλεξικέραυνου,Lightning-conductor installation work
45312320-6,45312300-0,6,Εργασίες εγκατάστασης κεραίας τηλεόρασης,Television aerial installation work
45312330-9,45312300-0,6,Εργασίες εγκατάστασης κεραίας ραδιοφωνικής λήψης,Radio aerial installation work
45313000-4,45310000-3,4,Εργασίες εγκατάστασης ανελκυστήρων και κυλιομένων κλιμάκων,Lift and escalator installation work
45313100-5,45313000-4,5,Εργασίες εγκατάστασης ανελκυστήρα,Lift installation work
45313200-6,45313000-4,5,Εργασίες εγκατάστασης κυλιόμενης κλίμακας,Escalator installation work
45313210-9,45313200-6,6,Εργασίες εγκατάστασης κυλιόμενου διάδρομου,Travelator installation work
45314000-1,45310000-3,4,Εγκατάσταση τηλεπικοινωνιακού εξοπλισμού,Installation of telecommunications equipment
45314100-2,45314000-1,5,Εγκατάσταση τηλεφωνικών κέντρων,Installation of telephone exchanges
45314120-8,45314100-2,6,Εγκατάσταση πινάκων ελέγχου,Installation of switchboards
45314200-3,45314000-1,5,Εγκατάσταση τηλεφωνικών γραμμών,Installation of telephone lines
45314300-4,45314000-1,5,Καλωδιακή υποδομή,Installation of cable infrastructure
45314310-7,45314300-4,6,Τοποθέτηση καλωδίων,Installation of cable laying
45314320-0,45314300-4,6,Εγκατάσταση καλωδίωσης υπολογιστών,Installation of computer cabling
45315000-8,45310000-3,4,Ηλεκτρολογικές εργασίες εγκατάστασης θέρμανσης και άλλου ηλεκτρολογικού εξοπλισμού κτιρίων,Electrical installation work of heating and other electrical building-equipment
45315100-9,45315000-8,5,Εργασίες τοποθέτησης ηλεκτρολογικών εγκαταστάσεων,Electrical engineering installation works
45315200-0,45315000-8,5,Εργασίες σε μονάδες με στροβιλοκινητήρα,Turbine works
45315300-1,45315000-8,5,Εγκαταστάσεις ηλεκτρικής παροχής,Electricity supply installations
45315400-2,45315000-8,5,Ηλεκτρολογικές εργασίες εγκαταστάσεων υψηλής τάσης,High voltage installation work
45315500-3,45315000-8,5,Ηλεκτρολογικές εργασίες εγκαταστάσεων μέσης τάσης,Medium-voltage installation work
45315600-4,45315000-8,5,Ηλεκτρολογικές εργασίες εγκαταστάσεων χαμηλής τάσης,Low-voltage installation work
45315700-5,45315000-8,5,Εργασίες εγκατάστασης σταθμών ηλεκτρικών πινάκων,Switching station installation work
45316000-5,45310000-3,4,Εργασίες εγκατάστασης συστημάτων φωτισμού και σηματοδότησης,Installation work of illumination and signalling systems
45316100-6,45316000-5,5,Τοποθέτηση εξοπλισμού φωτισμού εξωτερικών χώρων,Installation of outdoor illumination equipment
45316110-9,45316100-6,6,Εγκατάσταση εξοπλισμού φωτισμού οδών,Installation of road lighting equipment
45316200-7,45316000-5,5,Τοποθέτηση εξοπλισμού σηματοδότησης,Installation of signalling equipment
45316210-0,45316200-7,6,Εγκατάσταση εξοπλισμού παρακολούθησης της κυκλοφορίας,Installation of traffic monitoring equipment
45316211-7,45316210-0,7,Εγκατάσταση φωτεινών οδικών πινακίδων,Installation of illuminated road signs
45316212-4,45316210-0,7,Εγκατάσταση φωτεινών σηματοδοτών για τη ρύθμιση της κυκλοφορίας,Installation of traffic lights
45316213-1,45316210-0,7,Τοποθέτηση εξοπλισμού καθοδήγησης της κυκλοφορίας,Installation of traffic guidance equipment
45316220-3,45316200-7,6,Τοποθέτηση εξοπλισμού φωτεινής σηματοδότησης αεροδρομίου,Installation of airport signalling equipment
45316230-6,45316200-7,6,Εγκατάσταση εξοπλισμού σηματοδότησης λιμένων,Installation of port signalling equipment
45317000-2,45310000-3,4,Άλλες εργασίες ηλεκτρολογικών εγκαταστάσεων,Other electrical installation work
45317100-3,45317000-2,5,Εργασίες ηλεκτρικής εγκατάστασης εξοπλισμού άντλησης,Electrical installation work of pumping equipment
45317200-4,45317000-2,5,Εργασίες ηλεκτρικής εγκατάστασης μετασχηματιστών,Electrical installation work of transformers
45317300-5,45317000-2,5,Εργασίες ηλεκτρικής εγκατάστασης συσκευών διανομής ρεύματος,Electrical installation work of electrical distribution apparatus
45317400-6,45317000-2,5,Εργασίες ηλεκτρικής εγκατάστασης εξοπλισμού διήθησης,Electrical installation work of filtration equipment
45320000-6,45300000-0,3,Εργασίες μόνωσης,Insulation work
45321000-3,45320000-6,4,Εργασίες θερμομόνωσης,Thermal insulation work
45323000-7,45320000-6,4,Εργασίες ηχομόνωσης,Sound insulation work
45324000-4,45320000-6,4,Εργασίες τοποθέτησης γυψοσανίδων,Plasterboard works
45330000-9,45300000-0,3,Υδραυλικές εργασίες,Plumbing and sanitary works
45331000-6,45330000-9,4,"Εργασίες εγκαταστάσεων θέρμανσης, αερισμού και κλιματισμού","Heating, ventilation and air-conditioning installation work"
45331100-7,45331000-6,5,Εργασίες εγκατάστασης κεντρικής θέρμανσης,Central-heating installation work
45331110-0,45331100-7,6,Εργασίες εγκατάστασης λεβήτων,Boiler installation work
45331200-8,45331000-6,5,Εργασίες εγκαταστάσεων αερισμού και κλιματισμού,Ventilation and air-conditioning installation work
45331210-1,45331200-8,6,Εργασίες εγκατάστασης αερισμού,Ventilation installation work
45331211-8,45331210-1,7,Εργασίες εξωτερικής εγκατάστασης αερισμού,Outdoor ventilation installation work
45331220-4,45331200-8,6,Εργασίες εγκατάστασης συστημάτων κλιματισμού,Air-conditioning installation work
45331221-1,45331220-4,7,Εργασίες εγκατάστασης συστημάτων μερικού κλιματισμού,Partial air-conditioning installation work
45331230-7,45331200-8,6,Εργασίες εγκατάστασης ψυκτικού εξοπλισμού,Installation work of cooling equipment
45331231-4,45331230-7,7,Εργασίες εγκατάστασης εξοπλισμού ψύξης,Installation work of refrigeration equipment
45332000-3,45330000-9,4,Εργασίες υδραυλικών εγκαταστάσεων και τοποθέτησης αποχετευτικών αγωγών,Plumbing and drain-laying work
45332200-5,45332000-3,5,Υδραυλικά έργα,Water plumbing work
45332300-6,45332000-3,5,Εργασίες τοποθέτησης αποχετευτικών αγωγών,Drain-laying work
45332400-7,45332000-3,5,Εργασίες εγκατάστασης εξαρτημάτων υγιεινής,Sanitary fixture installation work
45333000-0,45330000-9,4,Εργασίες τοποθέτησης εξαρτημάτων εγκαταστάσεων αερίου,Gas-fitting installation work
45333100-1,45333000-0,5,Εργασίες εγκατάστασης εξοπλισμού ρύθμισης αερίου,Gas regulation equipment installation work
45333200-2,45333000-0,5,Εργασίες εγκατάστασης μετρητών αερίου,Gas meter installation work
45340000-2,45300000-0,3,"Εργασίες τοποθέτησης περιφράξεων, κιγκλιδωμάτων και εξοπλισμού ασφαλείας","Fencing, railing and safety equipment installation work"
45341000-9,45340000-2,4,Τοποθέτηση κιγκλιδωμάτων,Erection of railings
45342000-6,45340000-2,4,Τοποθέτηση περιφράξεων,Erection of fencing
45343000-3,45340000-2,4,Εργασίες εγκαταστάσεων πρόληψης πυρκαγιάς,Fire-prevention installation works
45343100-4,45343000-3,5,Εργασίες πυροπροστασίας,Fireproofing work
45343200-5,45343000-3,5,Εργασίες εγκατάστασης εξοπλισμών πυρόσβεσης,Firefighting equipment installation work
45343210-8,45343200-5,6,Εργασίες εγκατάστασης εξοπλισμών κατάσβεσης με διοξείδιο του άνθρακα,CO2 fire-extinguishing equipment installation work
45343220-1,45343200-5,6,Εργασίες εγκατάστασης πυροσβεστήρων,Fire-extinguishers installation work
45343230-4,45343200-5,6,Εργασίες εγκατάστασης αυτόματων συστημάτων πυρόσβεσης (σπρίνκλερ),Sprinkler systems installation work
45350000-5,45300000-0,3,Μηχανολογικές εγκαταστάσεις,Mechanical installations
45351000-2,45350000-5,4,Εργασίες μηχανολογικών εγκαταστάσεων,Mechanical engineering installation works
45400000-1,45000000-7,2,Εργασίες αποπεράτωσης κτιρίων,Building completion work
45410000-4,45400000-1,3,Εργασίες επίχρισης κονιαμάτων,Plastering work
45420000-7,45400000-1,3,Εργασίες τοποθέτησης στοιχείων από ξύλο,Joinery and carpentry installation work
45421000-4,45420000-7,4,Εργασίες ξυλουργικής,Joinery work
45421100-5,45421000-4,5,"Τοποθέτηση θυρών, παραθύρων και συναφών στοιχείων",Installation of doors and windows and related components
45421110-8,45421100-5,6,Εγκατάσταση μεταλλικών πλαισίων θυρών και παραθύρων,Installation of door and window frames
45421111-5,45421110-8,7,Εγκατάσταση πλαισίων θυρών,Installation of door frames
45421112-2,45421110-8,7,Εγκατάσταση πλαισίων παραθύρων,Installation of window frames
45421120-1,45421100-5,6,Εγκατάσταση κατωφλίων,Installation of thresholds
45421130-4,45421100-5,6,Εγκατάσταση θυρών και παραθύρων,Installation of doors and windows
45421131-1,45421130-4,7,Εγκατάσταση θυρών,Installation of doors
45421132-8,45421130-4,7,Εγκατάσταση παραθύρων,Installation of windows
45421140-7,45421100-5,6,Τοποθέτηση μεταλλικών κατασκευών εκτός από θύρες και παράθυρα,Installation of metal joinery except doors and windows
45421141-4,45421140-7,7,Εγκατάσταση χωρισμάτων,Installation of partitioning
45421142-1,45421140-7,7,Εγκατάσταση παντζουριών,Installation of shutters
45421143-8,45421140-7,7,Εργασίες τοποθέτησης σκιάστρων,Installation work of blinds
45421144-5,45421140-7,7,Εργασίες εγκατάστασης τεντών,Installation work of awnings
45421145-2,45421140-7,7,Εργασίες τοποθέτησης ρολλών παραθύρων,Installation work of roller blinds
45421146-9,45421140-7,7,Εγκατάσταση αναρτημένων οροφών,Installation of suspended ceilings
45421147-6,45421140-7,7,Εγκατάσταση μεταλλικών εσχαρών,Installation of grilles
45421148-3,45421140-7,7,Εγκατάσταση πυλών,Installation of gates
45421150-0,45421100-5,6,Εργασίες εγκατάστασης μη μεταλλικών κατασκευών,Non-metal joinery installation work
45421151-7,45421150-0,7,Εγκατάσταση εντοιχισμένων κουζινών,Installation of fitted kitchens
45421152-4,45421150-0,7,Εγκατάσταση διαχωριστικών τοίχων,Installation of partition walls
45421153-1,45421150-0,7,Τοποθέτηση εντοιχιζόμενων επίπλων,Installation of built-in furniture
45421160-3,45421100-5,6,Τοποθέτηση μεταλλικών προσαρτημάτων,Ironmongery work
45422000-1,45420000-7,4,Εργασίες χονδροξυλουργικής και λεπτοξυλουργικής,Carpentry installation work
45422100-2,45422000-1,5,Ξυλουργικές εργασίες,Woodwork
45430000-0,45400000-1,3,Εργασίες επένδυσης δαπέδων και τοίχων,Floor and wall covering work
45431000-7,45430000-0,4,Εργασίες πλακόστρωσης,Tiling work
45431100-8,45431000-7,5,Εργασίες τοποθέτησης πλακιδίων δαπέδων,Floor-tiling work
45431200-9,45431000-7,5,Εργασίες τοποθέτησης πλακιδίων τοίχων,Wall-tiling work
45432000-4,45430000-0,4,"Εργασίες διάστρωσης και επένδυσης δαπέδων, επένδυσης τοίχων και τοποθέτησης χαρτιού ταπετσαρίας","Floor-laying and covering, wall-covering and wall-papering work"
45432100-5,45432000-4,5,Εργασίες κάλυψης και επένδυσης δαπέδων,Floor laying and covering work
45432110-8,45432100-5,6,Εργασίες επίστρωσης δαπέδων,Floor-laying work
45432111-5,45432110-8,7,Εργασίες τοποθέτησης εύκαμπτων επενδύσεων δαπέδων,Laying work of flexible floor coverings
45432112-2,45432110-8,7,Τοποθέτηση οδοστρώματος,Laying of paving
45432113-9,45432110-8,7,Επίστρωση παρκέτων,Parquet flooring
45432114-6,45432110-8,7,Τοποθέτηση ξύλινων δαπέδων,Wood flooring work
45432120-1,45432100-5,6,Κατασκευή ψευδοδαπέδων,False floor installation work
45432121-8,45432120-1,7,Δάπεδα για εγκατάσταση συστημάτων πληροφορικής,Computer floors
45432130-4,45432100-5,6,Εργασίες κάλυψης δαπέδου,Floor-covering work
45432200-6,45432000-4,5,Εργασίες επένδυσης και ταπετσαρίας τοίχων,Wall-covering and wall-papering work
45432210-9,45432200-6,6,Εργασίες επικάλυψης τοίχων,Wall-covering work
45432220-2,45432200-6,6,Εργασίες τοποθέτησης ταπετσαρίας τοίχου,Wall-papering work
45440000-3,45400000-1,3,Εργασίες χρωματισμών και υαλοτεχνικές εργασίες,Painting and glazing work
45441000-0,45440000-3,4,Υαλοτεχνικές εργασίες,Glazing work
45442000-7,45440000-3,4,Εργασίες εφαρμογής προστατευτικών επικαλύψεων,Application work of protective coatings
45442100-8,45442000-7,5,Εργασίες βαφής,Painting work
45442110-1,45442100-8,6,Εργασίες βαφής κτιρίων,Painting work of buildings
45442120-4,45442100-8,6,Εργασίες βαφής και προστατευτικής επικάλυψης τεχνικών κατασκευών,Painting and protective-coating work of structures
45442121-1,45442120-4,7,Εργασίες βαφής τεχνικών κατασκευών,Painting work of structures
45442180-2,45442100-8,6,Εργασίες νέας βαφής,Repainting work
45442190-5,45442100-8,6,Εργασίες αφαίρεσης βαφής,Paint-stripping work
45442200-9,45442000-7,5,Εργασίες εφαρμογής αντιδιαβρωτικών επικαλύψεων,Application work of anti-corrosive coatings
45442210-2,45442200-9,6,Εργασίες γαλβανισμού,Galvanizing works
45442300-0,45442000-7,5,Εργασίες προστασίας επιφανειών,Surface-protection work
45443000-4,45440000-3,4,Εργασίες πρόσοψης,Facade work
45450000-6,45400000-1,3,Άλλες εργασίες αποπεράτωσης κτιρίων,Other building completion work
45451000-3,45450000-6,4,Εργασίες διακόσμησης,Decoration work
45451100-4,45451000-3,5,Εργασίες τοποθέτησης εξαρτημάτων διακόσμησης,Ornamentation fitting work
45451200-5,45451000-3,5,Εργασίες τοποθέτησης ξύλινων επενδύσεων,Panelling work
45451300-6,45451000-3,5,Εσωτερικοί κήποι,Interior gardens
45452000-0,45450000-6,4,Εργασίες εξωτερικού καθαρισμού κτιρίων,Exterior cleaning work for buildings
45452100-1,45452000-0,5,Καθαρισμός εξωτερικών τοίχων με αμμοβολή,Blast cleaning work for building exteriors
45453000-7,45450000-6,4,Εργασίες γενικής επισκευής και ανακαίνισης,Overhaul and refurbishment work
45453100-8,45453000-7,5,Εργασίες αποκατάστασης,Refurbishment work
45454000-4,45450000-6,4,Εργασίες αναδόμησης,Restructuring work
45454100-5,45454000-4,5,Εργασίες ανακαίνισης,Restoration work
45500000-2,45000000-7,2,Ενοικίαση κατασκευαστικών μηχανημάτων και εξοπλισμού για έργα πολιτικού μηχανικού με χειριστή,Hire of construction and civil engineering machinery and equipment with operator
45510000-5,45500000-2,3,Ενοικίαση γερανών με χειριστή,Hire of cranes with operator
45520000-8,45500000-2,3,Ενοικίαση εξοπλισμού χωματουργικών εργασιών με χειριστή,Hire of earthmoving equipment with operator
48000000-8,,1,Πακέτα λογισμικού και συστήματα πληροφορικής,Software package and information systems
48100000-9,48000000-8,2,Πακέτα λογισμικού για συγκεκριμένους κλάδους,Industry specific software package
48110000-2,48100000-9,3,Πακέτα λογισμικού για σημεία πώλησης (POS),Point of sale (POS) software package
48120000-5,48100000-9,3,Πακέτα λογισμικού για έλεγχο πτήσης,Flight control software package
48121000-2,48120000-5,4,Πακέτα λογισμικού για έλεγχο εναέριας κυκλοφορίας,Air traffic control software package
48130000-8,48100000-9,3,Πακέτα λογισμικού για υποστήριξη εδάφους και δοκιμές αεροπλοΐας,Aviation ground support and test software package
48131000-5,48130000-8,4,Πακέτα λογισμικού για υποστήριξη εδάφους αεροπλοΐας,Aviation ground support software package
48132000-2,48130000-8,4,Πακέτα λογισμικού για δοκιμές αεροπλοΐας,Aviation test software package
48140000-1,48100000-9,3,Πακέτα λογισμικού για έλεγχο σιδηροδρομικής κυκλοφορίας,Railway traffic control software package
48150000-4,48100000-9,3,Πακέτα λογισμικού για βιομηχανικό έλεγχο,Industrial control software package
48151000-1,48150000-4,4,Σύστημα ελέγχου με ηλεκτρονικό υπολογιστή,Computer control system
48160000-7,48100000-9,3,Πακέτα λογισμικού βιβλιοθηκών,Library software package
48161000-4,48160000-7,4,Σύστημα διαχείρισης βιβλιοθηκών,Library management system
48170000-0,48100000-9,3,Πακέτα λογισμικού συμμόρφωσης,Compliance software package
48180000-3,48100000-9,3,Πακέτα ιατρικού λογισμικού,Medical software package
48190000-6,48100000-9,3,Πακέτα εκπαιδευτικού λογισμικού,Educational software package
48200000-0,48000000-8,2,"Πακέτα λογισμικού δικτύωσης, Διαδικτύου και ενδοδικτύων (ιντρανέτ)","Networking, Internet and intranet software package"
48210000-3,48200000-0,3,Πακέτα λογισμικού δικτύωσης,Networking software package
48211000-0,48210000-3,4,Πακέτα λογισμικού για διασυνδεσιμότητα πλατφορμών,Platform interconnectivity software package
48212000-7,48210000-3,4,Πακέτα λογισμικού για εξυπηρετητές jukebox οπτικών δίσκων,Optical jukebox server software package
48213000-4,48210000-3,4,Πακέτα λογισμικού βελτίωσης λειτουργικών συστημάτων,Operating system enhancement software package
48214000-1,48210000-3,4,Πακέτα λογισμικού δικτυακών λειτουργικών συστημάτων,Network operating system software package
48215000-8,48210000-3,4,Πακέτα λογισμικού ανάπτυξης δικτύων,Networking developers' software package
48216000-5,48210000-3,4,Πακέτα λογισμικού για εξομοίωση τερματικών συνδεσιμότητας δικτύων,Network connectivity terminal emulation software package
48217000-2,48210000-3,4,Πακέτα λογισμικού επεξεργασίας συναλλαγών,Transaction-processing software package
48217100-3,48217000-2,5,Πακέτα λογισμικού για επεξεργασία συναλλαγών μέσω κεντρικής μονάδας,Mainframe transaction processing software package
48217200-4,48217000-2,5,Πακέτα λογισμικού επεξεργασίας συναλλαγών μέσω μίνι-υπολογιστή,Minicomputer transaction processing software package
48217300-5,48217000-2,5,Πακέτα λογισμικού επεξεργασίας συναλλαγών μέσω μικροϋπολογιστή,Microcomputer transaction processing software package
48218000-9,48210000-3,4,Πακέτα λογισμικού διαχείρισης αδειών,License management software package
48219000-6,48210000-3,4,Ποικίλα πακέτα λογισμικού δικτύωσης,Miscellaneous networking software package
48219100-7,48219000-6,5,Πακέτα λογισμικού πύλης,Gateway software package
48219200-8,48219000-6,5,Πακέτα λογισμικού εξυπηρετητή σύμπυκνων δίσκων (CD),Compact disk (CD) server software package
48219300-9,48219000-6,5,Πακέτα λογισμικού διαχείρισης,Administration software package
48219400-0,48219000-6,5,Πακέτα λογισμικού εξυπηρετητή συναλλαγών,Transaction server software package
48219500-1,48219000-6,5,Πακέτα λογισμικού μεταγωγέων ή δρομολογητών,Switch or router software package
48219600-2,48219000-6,5,Πακέτα λογισμικού πολυπλέκτη,Multiplexer software package
48219700-3,48219000-6,5,Πακέτα λογισμικού εξυπηρετητή επικοινωνιών,Communications server software package
48219800-4,48219000-6,5,Πακέτα λογισμικού γεφύρωσης,Bridge software package
48220000-6,48200000-0,3,Πακέτα λογισμικού Διαδικτύου και ενδοδικτύου (ιντρανέτ),Internet and intranet software package
48221000-3,48220000-6,4,Πακέτα λογισμικού φυλλομέτρησης στο Διαδίκτυο,Internet browsing software package
48222000-0,48220000-6,4,Πακέτα λογισμικού εξυπηρετητή Ιστού,Web server software package
48223000-7,48220000-6,4,Πακέτα λογισμικού ηλεκτρονικής αλληλογραφίας,Electronic mail software package
48224000-4,48220000-6,4,Πακέτα λογισμικού επεξεργασίας ιστοσελίδων,Web page editing software package
48300000-1,48000000-8,2,"Πακέτα λογισμικού δημιουργίας κειμένων, σχεδίασης, απεικόνισης, προγραμματισμού και παραγωγικότητας","Document creation, drawing, imaging, scheduling and productivity software package"
48310000-4,48300000-1,3,Πακέτα λογισμικού δημιουργίας κειμένων,Document creation software package
48311000-1,48310000-4,4,Πακέτα λογισμικού διαχείρισης κειμένων,Document management software package
48311100-2,48311000-1,5,Σύστημα διαχείρισης κειμένων,Document management system
48312000-8,48310000-4,4,Πακέτα λογισμικού ηλεκτρονικών εκδόσεων,Electronic publishing software package
48313000-5,48310000-4,4,Πακέτα λογισμικού οπτικής ανάγνωσης χαρακτήρων (OCR),Optical-character-recognition (OCR) software package
48313100-6,48313000-5,5,Σύστημα οπτικής ανάγνωσης,Optical reading system
48314000-2,48310000-4,4,Πακετά λογισμικού φωνητικής αναγνώρισης,Voice recognition software package
48315000-9,48310000-4,4,Πακέτα λογισμικού για επιτραπέζιες εκδόσεις,Desktop-publishing software package
48316000-6,48310000-4,4,Πακέτα λογισμικού παρουσίασης,Presentation software package
48317000-3,48310000-4,4,Πακέτα λογισμικού επεξεργασίας κειμένου,Word-processing software package
48318000-0,48310000-4,4,Πακέτα λογισμικού σαρωτών,Scanner software package
48319000-7,48310000-4,4,Ορθογράφοι,Spell checkers
48320000-7,48300000-1,3,Πακέτα λογισμικού σχεδίασης και απεικόνισης,Drawing and imaging software package
48321000-4,48320000-7,4,Πακέτα λογισμικού σχεδίασης με τη βοήθεια ηλεκτρονικού υπολογιστή (CAD),Computer-aided design (CAD) software package
48321100-5,48321000-4,5,Συστήματα σχεδίασης με τη βοήθεια ηλεκτρονικού υπολογιστή (CAD),Computer-aided design (CAD) system
48322000-1,48320000-7,4,Πακέτα λογισμικού γραφικών,Graphics software package
48323000-8,48320000-7,4,Πακέτα λογισμικού κατασκευής με τη βοήθεια ηλεκτρονικού υπολογιστή (CAM),Computer-aided manufacturing (CAM) software package
48324000-5,48320000-7,4,Πακέτα λογισμικού δημιουργίας διαγραμμάτων,Charting software package
48325000-2,48320000-7,4,Πακέτα λογισμικού δημιουργίας εντύπων,Form-making software package
48326000-9,48320000-7,4,Πακέτα λογισμικού χαρτογράφησης,Mapping software package
48326100-0,48326000-9,5,Σύστημα ψηφιακής χαρτογράφησης,Digital mapping system
48327000-6,48320000-7,4,Πακέτα λογισμικού σχεδίασης και ζωγραφικής,Drawing and painting software package
48328000-3,48320000-7,4,Πακέτα λογισμικού επεξεργασίας εικόνων,Image-processing software package
48329000-0,48320000-7,4,Σύστημα απεικόνισης και αρχειοθέτησης,Imaging and archiving system
48330000-0,48300000-1,3,Πακέτα λογισμικού προγραμματισμού και παραγωγικότητας,Scheduling and productivity software package
48331000-7,48330000-0,4,Πακέτα λογισμικού διαχείρισης έργου,Project management software package
48332000-4,48330000-0,4,Πακέτα λογισμικού προγραμματισμού,Scheduling software package
48333000-1,48330000-0,4,Πακέτα λογισμικού διαχείρισης επαφών,Contact management software package
48400000-2,48000000-8,2,Πακέτα λογισμικού επιχειρηματικών συναλλαγών και προσωπικών υποθέσεων,Business transaction and personal business software package
48410000-5,48400000-2,3,Πακέτα λογισμικού διαχείρισης επενδύσεων και συμπλήρωσης φορολογικής δήλωσης,Investment management and tax preparation software package
48411000-2,48410000-5,4,Πακέτα λογισμικού διαχείρισης επενδύσεων,Investment management software package
48412000-9,48410000-5,4,Πακέτα λογισμικού συμπλήρωσης φορολογικής δήλωσης,Tax preparation software package
48420000-8,48400000-2,3,Πακέτα λογισμικού διαχείρισης εγκαταστάσεων και πλατφόρμες πακέτων λογισμικού,Facilities management software package and software package suite
48421000-5,48420000-8,4,Πακέτα λογισμικού διαχείρισης εγκαταστάσεων,Facilities management software package
48422000-2,48420000-8,4,Πλατφόρμες πακέτων λογισμικού,Software package suites
48430000-1,48400000-2,3,Πακέτα λογισιμού διαχείρισης αποθεμάτων,Inventory management software package
48440000-4,48400000-2,3,Πακέτα λογισμικού χρηματοπιστωτικής ανάλυσης και λογιστικής,Financial analysis and accounting software package
48441000-1,48440000-4,4,Πακέτα λογισμικού χρηματοπιστωτικής ανάλυσης,Financial analysis software package
48442000-8,48440000-4,4,Πακέτα λογισμικού χρηματοπιστωτικών συστημάτων,Financial systems software package
48443000-5,48440000-4,4,Πακέτα λογισμικού λογιστικής,Accounting software package
48444000-2,48440000-4,4,Λογιστικό σύστημα,Accounting system
48444100-3,48444000-2,5,Σύστημα έκδοσης λογαριασμών,Billing system
48445000-9,48440000-4,4,Πακέτα λογισμικού διαχείρισης εξυπηρέτησης πελατών,Customer Relation Management software package
48450000-7,48400000-2,3,Πακέτα λογισμικού παρακολούθησης χρόνου εργασίας ή ανθρώπινων πόρων,Time accounting or human resources software package
48451000-4,48450000-7,4,Πακέτα λογισμικού για σχεδιασμό επιχειρηματικών πόρων,Enterprise resource planning software package
48460000-0,48400000-2,3,"Πακέτα λογισμικού αναλυτικού, επιστημονικού, μαθηματικού ή προβλέψεων","Analytical, scientific, mathematical or forecasting software package"
48461000-7,48460000-0,4,Πακέτα αναλυτικού λογισμικού ή λογισμικού προβλέψεων,Analytical or scientific software package
48462000-4,48460000-0,4,Πακέτα μαθηματικού λογισμικού ή λογισμικού προβλέψεων,Mathematical or forecasting software package
48463000-1,48460000-0,4,Πακέτα λογισμικού στατιστικής,Statistical software package
48470000-3,48400000-2,3,Πακέτα λογισμικού δημοπρασιών,Auction software package
48480000-6,48400000-2,3,"Πακέτα λογισμικού πωλήσεων, μάρκετινγκ και επιχειρηματικών πληροφοριών","Sales, marketing and business intelligence software package"
48481000-3,48480000-6,4,Πακέτα λογισμικού πωλήσεων ή μάρκετινγκ,Sales or marketing software package
48482000-0,48480000-6,4,Πακέτα λογισμικού επιχειρηματικών πληροφοριών,Business intelligence software package
48490000-9,48400000-2,3,Πακέτα λογισμικού προμηθειών,Procurement software package
48500000-3,48000000-8,2,Πακέτα λογισμικού επικοινωνίας και πολυμέσων,Communication and multimedia software package
48510000-6,48500000-3,3,Πακέτα λογισμικού επικοινωνίας,Communication software package
48511000-3,48510000-6,4,Πακέτα λογισμικού επιτραπέζιων επικοινωνιών,Desktop communications software package
48512000-0,48510000-6,4,Πακέτα λογισμικού αλληλεπιδραστικής φωνητικής απόκρισης,Interactive voice response software package
48513000-7,48510000-6,4,Πακέτα λογισμικού διαποδιαμορφωτή (μόντεμ),Modem software package
48514000-4,48510000-6,4,Πακέτα λογισμικού τηλεπρόσβασης,Remote access software package
48515000-1,48510000-6,4,Πακέτα λογισμικού εικονοδιάσκεψης,Video conferencing software package
48516000-8,48510000-6,4,Πακέτα λογισμικού ανταλλαγής δεδομένων,Exchange software package
48517000-5,48510000-6,4,Πακέτα λογισμικού τεχνολογίας των πληροφοριών,IT software package
48518000-2,48510000-6,4,Πακέτα λογισμικού εξομοίωσης,Emulation software package
48519000-9,48510000-6,4,Πακέτα λογισμικού διαχείρισης μνήμης,Memory-management software package
48520000-9,48500000-3,3,Πακέτα λογισμικού πολυμέσων,Multimedia software package
48521000-6,48520000-9,4,Πακέτα λογισμικού συρραφής (μοντάζ) μουσικής ή ήχου,Music or sound editing software package
48522000-3,48520000-9,4,Πακέτα λογισμικού εικονικού πληκτρολογίου,Virtual keyboard software package
48600000-4,48000000-8,2,Πακέτα λογισμικού βάσεων δεδομένων και λειτουργικών συστημάτων,Database and operating software package
48610000-7,48600000-4,3,Συστήματα βάσεων δεδομένων,Database systems
48611000-4,48610000-7,4,Πακέτα λογισμικού βάσεων δεδομένων,Database software package
48612000-1,48610000-7,4,Σύστημα διαχείρισης βάσης δεδομένων,Database-management system
48613000-8,48610000-7,4,Σύστημα ηλεκτρονικής διαχείρισης εγγράφων,Electronic data management (EDM)
48614000-5,48610000-7,4,Σύστημα απόκτησης δεδομένων,Data-acquisition system
48620000-0,48600000-4,3,Λειτουργικά συστήματα,Operating systems
48621000-7,48620000-0,4,Πακέτα λογισμικού λειτουργικών συστημάτων κεντρικής μονάδας,Mainframe operating system software package
48622000-4,48620000-0,4,Πακέτα λογισμικού λειτουργικών συστημάτων μίνι-υπολογιστή,Minicomputer operating system software package
48623000-1,48620000-0,4,Πακέτα λογισμικού λειτουργικών συστημάτων μικροϋπολογιστή,Microcomputer operating system software package
48624000-8,48620000-0,4,Πακέτα λογισμικού λειτουργικών συστημάτων προσωπικού ηλεκτρονικού υπολογιστή (Η/Υ),Personal computer (PC) operating system software package
48625000-5,48620000-0,4,Λειτουργικά συστήματα ανοιχτών συστημάτων,Open systems operating systems
48626000-2,48620000-0,4,Πακέτα λογισμικού ομαδοποίησης,Clustering software package
48627000-9,48620000-0,4,Πακετά λογισμικού λειτουργικών συστημάτων πραγματικού χρόνου,Real-time operating system software package
48628000-9,48620000-0,4,Αρχιτεκτονική μικρο-διαύλων,Micro-channel architecture
48700000-5,48000000-8,2,Βοηθητικά προγράμματα πακέτων λογισμικού,Software package utilities
48710000-8,48700000-5,3,Πακέτα λογισμικού εφεδρικής αποθήκευσης ή ανάκτησης,Backup or recovery software package
48720000-1,48700000-5,3,Πακέτα λογισμικού κωδικοποίησης με γραμμικούς κώδικες,Bar coding software package
48730000-4,48700000-5,3,Πακέτα λογισμικού ασφαλείας,Security software package
48731000-1,48730000-4,4,Πακέτα λογισμικού ασφάλειας αρχείων,File security software package
48732000-8,48730000-4,4,Πακέτα λογισμικού ασφάλειας δεδομένων,Data security software package
48740000-7,48700000-5,3,Πακέτα λογισμικού μετάφρασης ξένων γλωσσών,Foreign language translation software package
48750000-0,48700000-5,3,Πακέτα λογισμικού φόρτωσης μέσων αποθήκευσης,Storage media loading software package
48760000-3,48700000-5,3,Πακέτα λογισμικού προστασίας από ιούς,Virus protection software package
48761000-0,48760000-3,4,Πακέτα λογισμικού αντιιικής προστασίας,Anti-virus software package
48770000-6,48700000-5,3,"Πακέτα λογισμικού βοηθητικών προγραμμάτων γενικής χρήσης, συμπίεσης και εκτύπωσης","General, compression and print utility software package"
48771000-3,48770000-6,4,Πακέτα λογισμικού βοηθητικών προγραμμάτων γενικής χρήσης,General utility software package
48772000-0,48770000-6,4,Βοηθητικά προγράμματα συμπίεσης,Compression utilities
48773000-7,48770000-6,4,Βοηθητικά προγράμματα εκτύπωσης,Print utility software package
48773100-8,48773000-7,5,Πακέτα λογισμικού ετερoχρονισμού εκτύπωσης,Print-spooling software package
48780000-9,48700000-5,3,"Πακέτα λογισμικού διαχείρισης συστημάτων, αποθήκευσης και περιεχομένου","System, storage and content management software package"
48781000-6,48780000-9,4,Πακέτα λογισμικού διαχείρισης συστημάτων,System management software package
48782000-3,48780000-9,4,Πακέτα λογισμικού διαχείρισης αποθήκευσης,Storage management software package
48783000-0,48780000-9,4,Πακέτα λογισμικού διαχείρισης περιεχομένου,Content management software package
48790000-2,48700000-5,3,Πακέτα λογισμικού ελέγχου έκδοσης,Version checker software package
48800000-6,48000000-8,2,Συστήματα πληροφόρησης και εξυπηρετητές,Information systems and servers
48810000-9,48800000-6,3,Συστήματα πληροφόρησης,Information systems
48811000-6,48810000-9,4,Σύστημα ηλεκτρονικού ταχυδρομείου,E-mail system
48812000-3,48810000-9,4,Συστήματα οικονομικών πληροφοριών,Financial information systems
48813000-0,48810000-9,4,Σύστημα πληροφόρησης επιβατών,Passenger information system
48813100-1,48813000-0,5,Ηλεκτρονικοί πίνακες ανακοινώσεων,Electronic bulletin boards
48813200-2,48813000-0,5,Σύστημα πληροφόρησης επιβατών σε πραγματικό χρόνο,Real-time passenger information system
48814000-7,48810000-9,4,Συστήματα ιατρικών πληροφοριών,Medical information systems
48814100-8,48814000-7,5,Σύστημα πληροφόρησης νοσοκόμων,Nursing information system
48814200-9,48814000-7,5,Σύστημα διαχείρισης ασθενών,Patient-administration system
48814300-0,48814000-7,5,Σύστημα διαχείρισης αιθουσών χειρουργείου,Theatre management system
48814400-1,48814000-7,5,Σύστημα κλινικών πληροφοριών,Clinical information system
48814500-2,48814000-7,5,Σύστημα διαχείρισης μητρώων ασθενών,Casemix system
48820000-2,48800000-6,3,Εξυπηρετητές,Servers
48821000-9,48820000-2,4,Εξυπηρετητές δικτύου,Network servers
48822000-6,48820000-2,4,Εξυπηρετητές ηλεκτρονικών υπολογιστών,Computer servers
48823000-3,48820000-2,4,Εξυπηρετητές αρχείου,File servers
48824000-0,48820000-2,4,Εξυπηρετητές εκτυπωτών,Printer servers
48825000-7,48820000-2,4,Εξυπηρετητές Ιστού,Web servers
48900000-7,48000000-8,2,Διάφορα πακέτα λογισμικού και συστήματα ηλεκτρονικών υπολογιστών,Miscellaneous software package and computer systems
48910000-0,48900000-7,3,"Πακέτα λογισμικού παιχνιδιών ηλεκτρονικών υπολογιστών, ηλεκτρονικά παιχνίδια για όλη την οικογένεια και προγράμματα προφύλαξης οθόνης","Computer game software package, family titles and screen savers"
48911000-7,48910000-0,4,Πακέτα λογισμικού παιχνιδιών ηλεκτρονικών υπολογιστών,Computer game software package
48912000-4,48910000-0,4,Ηλεκτρονικά παιχνίδια για όλη την οικογένεια,Family titles
48913000-1,48910000-0,4,Προγράμματα προφύλαξης οθόνης,Screen savers
48920000-3,48900000-7,3,Πακέτα λογισμικού αυτοματισμών γραφείου,Office automation software package
48921000-0,48920000-3,4,Ηλεκτρονικά συστήματα αυτοματοπίησης,Automation system
48930000-6,48900000-7,3,Πακέτα λογισμικού εξάσκησης και ψυχαγωγίας,Training and entertainment software package
48931000-3,48930000-6,4,Πακέτα λογισμικού εξάσκησης,Training software package
48932000-0,48930000-6,4,Πακέτα λογισμικού ψυχαγωγίας,Entertainment software package
48940000-9,48900000-7,3,Πακέτα λογισμικού για σχεδιασμό προτύπων και ημεροδείκτες,Pattern design and calendar software package
48941000-6,48940000-9,4,Πακέτα λογισμικού για σχεδιασμό προτύπων,Pattern design software package
48942000-3,48940000-9,4,Πακέτα λογισμικού ημεροδεικτών,Calendar software package
48950000-2,48900000-7,3,Συστήματα εντοπισμού θέσης πλοίων και μεγαφωνικής εγκατάστασης,Boat-location and public address system
48951000-9,48950000-2,4,Σύστημα εντοπισμού θέσης πλοίων,Boat-location system
48952000-6,48950000-2,4,Μεγαφωνική εγκατάσταση,Public address systems
48960000-5,48900000-7,3,Προγράμματα οδήγησης και πακέτα λογισμικού συστημάτων,Drivers and system software package
48961000-2,48960000-5,4,Προγράμματα οδήγησης Ethernet,Ethernet drivers
48962000-9,48960000-5,4,Προγράμματα οδήγησης καρτών γραφικών,Graphics card drivers
48970000-8,48900000-7,3,Πακέτα λογισμικού προγραμμάτων ψηφιακής εκτύπωσης,Print shop software package
48971000-5,48970000-8,4,Πακέτα λογισμικού δημιουργίας ευρετηρίων διευθύνσεων,Address book making software package
48972000-2,48970000-8,4,Πακέτα λογισμικού δημιουργίας ετικετών,Label making software package
48980000-1,48900000-7,3,Γλώσσες και εργαλεία προγραμματισμού,Programming languages and tools
48981000-8,48980000-1,4,Πακέτα λογισμικού μεταγλώττισης,Compiling software packages
48982000-5,48980000-1,4,Πακέτα λογισμικού διαχείρισης παραμέτρων,Configuration management software package
48983000-2,48980000-1,4,Πακέτα λογισμικού ανάπτυξης,Development software package
48984000-9,48980000-1,4,Εργαλεία λογισμικού διεπαφής χρήστη γραφικών (GUI),Graphical user interface (GUI) tools
48985000-6,48980000-1,4,Γλώσσες προγραμματισμού,Programming languages
48986000-3,48980000-1,4,Πακέτα λογισμικού δοκιμής προγραμμάτων,Program testing software package
48987000-0,48980000-1,4,Πακέτα λογισμικού εξουδετέρωσης σφαλμάτων,Debugging software package
48990000-4,48900000-7,3,Πακέτα λογισμικού λογιστικών φύλλων και βελτίωσης,Spreadsheets and enhancement software package
48991000-1,48990000-4,4,Πακέτα λογισμικού λογιστικών φύλλων,Spreadsheet software package
50000000-5,,1,Υπηρεσίες επισκευής και συντήρησης,Repair and maintenance services
50100000-6,50000000-5,2,"Υπηρεσίες επισκευής, συντήρησης και παρεπόμενες υπηρεσίες για οχήματα και συναφή εξοπλισμό","Repair, maintenance and associated services of vehicles and related equipment"
50110000-9,50100000-6,3,Υπηρεσίες επισκευής και συντήρησης μηχανοκίνητων οχημάτων και παρεπόμενου εξοπλισμού,Repair and maintenance services of motor vehicles and associated equipment
50111000-6,50110000-9,4,"Υπηρεσίες διαχείρισης, επισκευής και συντήρησης στόλου οχημάτων","Fleet management, repair and maintenance services"
50111100-7,50111000-6,5,Υπηρεσίες διαχείρισης στόλου οχημάτων,Vehicle-fleet management services
50111110-0,50111100-7,6,Υπηρεσίες υποστήριξης στόλου οχημάτων,Vehicle-fleet-support services
50112000-3,50110000-9,4,Υπηρεσίες επισκευής και συντήρησης αυτοκινήτων,Repair and maintenance services of cars
50112100-4,50112000-3,5,Υπηρεσίες επισκευής αυτοκινήτων,Car repair services
50112110-7,50112100-4,6,Υπηρεσίες επισκευής αμαξωμάτων οχημάτων,Body-repair services for vehicles
50112111-4,50112110-7,7,Υπηρεσίες σφυρηλάτησης ελασμάτων,Panel-beating services
50112120-0,50112100-4,6,Υπηρεσίες αντικατάστασης παρμπρίζ,Windscreen replacement services
50112200-5,50112000-3,5,Υπηρεσίες συντήρησης αυτοκινήτων,Car maintenance services
50112300-6,50112000-3,5,Πλύσιμο αυτοκινήτων και παρόμοιες υπηρεσίες,Car-washing and similar services
50113000-0,50110000-9,4,Υπηρεσίες επισκευής και συντήρησης λεωφορείων,Repair and maintenance services of buses
50113100-1,50113000-0,5,Υπηρεσίες επισκευής λεωφορείων,Bus repair services
50113200-2,50113000-0,5,Υπηρεσίες συντήρησης λεωφορείων,Bus maintenance services
50114000-7,50110000-9,4,Υπηρεσίες επισκευής και συντήρησης φορτηγών αυτοκινήτων,Repair and maintenance services of trucks
50114100-8,50114000-7,5,Υπηρεσίες επισκευής φορτηγών αυτοκινήτων,Truck repair services
50114200-9,50114000-7,5,Υπηρεσίες συντήρησης φορτηγών αυτοκινήτων,Truck maintenance services
50115000-4,50110000-9,4,Υπηρεσίες επισκευής και συντήρησης μοτοσικλετών,Repair and maintenance services of motorcycles
50115100-5,50115000-4,5,Υπηρεσίες επισκευής μοτοσικλετών,Motorcycle repair services
50115200-6,50115000-4,5,Υπηρεσίες συντήρησης μοτοσικλετών,Motorcycle maintenance services
50116000-1,50110000-9,4,Υπηρεσίες συντήρησης και επισκευής για ειδικά μέρη οχημάτων,Maintenance and repair services related to specific parts of vehicles
50116100-2,50116000-1,5,Υπηρεσίες επισκευής ηλεκτρολογικών συστημάτων,Electrical-system repair services
50116200-3,50116000-1,5,Υπηρεσίες επισκευής και συντήρησης συστημάτων πέδησης οχημάτων,Repair and maintenance services of vehicle brakes and brake parts
50116300-4,50116000-1,5,Υπηρεσίες επισκευής και συντήρησης κιβωτίων ταχυτήτων οχημάτων,Repair and maintenance services of vehicle gearboxes
50116400-5,50116000-1,5,Υπηρεσίες επισκευής και συντήρησης συστημάτων μετάδοσης κίνησης οχημάτων,Repair and maintenance services of vehicle transmissions
50116500-6,50116000-1,5,"Υπηρεσίες επισκευής, προσαρμογής και ζυγοστάθμισης ελαστικών","Tyre repair services, including fitting and balancing"
50116510-9,50116500-6,6,Υπηρεσίες αναγόμωσης ελαστικών,Tyre-remoulding services
50116600-7,50116000-1,5,Υπηρεσίες επισκευής και συντήρησης του συστήματος εκκίνησης,Repair and maintenance services of starter motors
50117000-8,50110000-9,4,Υπηρεσίες μετατροπής και αποκατάστασης οχημάτων,Vehicle conversion and reconditioning services
50117100-9,50117000-8,5,Υπηρεσίες μετατροπής οχημάτων,Motor vehicle conversion services
50117200-0,50117000-8,5,Υπηρεσίες μετατροπής ασθενοφόρων οχημάτων,Ambulance conversion services
50117300-1,50117000-8,5,Υπηρεσίες συνολικής αποκατάστασης οχημάτων,Reconditioning services of vehicles
50118000-5,50110000-9,4,Υπηρεσίες οδικής βοήθειας,Automobile emergency road services
50118100-6,50118000-5,5,Υπηρεσίες επισκευής βλαβών αυτοκινήτων,Breakdown and recovery services for cars
50118110-9,50118100-6,6,Υπηρεσίες απομάκρυνσης οχημάτων με γερανό,Vehicle towing-away services
50118200-7,50118000-5,5,Υπηρεσίες επισκευής βλαβών επαγγελματικών οχημάτων,Breakdown and recovery services for commercial vehicles
50118300-8,50118000-5,5,Υπηρεσίες επισκευής βλαβών λεωφορείων,Breakdown and recovery services for buses
50118400-9,50118000-5,5,Υπηρεσίες επισκευής βλαβών μηχανοκίνητων οχημάτων,Breakdown and recovery services for motor vehicles
50118500-0,50118000-5,5,Υπηρεσίες επισκευής βλαβών μοτοσικλετών,Breakdown and recovery services for motorcycles
50190000-3,50100000-6,3,Διάλυση οχημάτων,Demolition services of vehicles
50200000-7,50000000-5,2,"Επισκευή, συντήρηση και παρεπόμενες υπηρεσίες σε αεροσκάφη, σιδηροδρομικά και οδικά οχήματα και σκάφη","Repair, maintenance and associated services related to aircraft, railways, roads and marine equipment"
50210000-0,50200000-7,3,"Υπηρεσίες επισκευής, συντήρησης και συναφείς υπηρεσίες σε αεροσκάφη και λοιπό εξοπλισμό","Repair, maintenance and associated services related to aircraft and other equipment"
50211000-7,50210000-0,4,Υπηρεσίες επισκευής και συντήρησης αεροσκαφών,Repair and maintenance services of aircraft
50211100-8,50211000-7,5,Υπηρεσίες συντήρησης αεροσκαφών,Aircraft maintenance services
50211200-9,50211000-7,5,Υπηρεσίες επισκευής αεροσκαφών,Aircraft repair services
50211210-2,50211200-9,6,Υπηρεσίες επισκευής και συντήρησης κινητήρων αεροσκαφών,Repair and maintenance services of aircraft engines
50211211-9,50211210-2,7,Υπηρεσίες συντήρησης κινητήρων αεροσκαφών,Aircraft-engine maintenance services
50211212-6,50211210-2,7,Υπηρεσίες επισκευής κινητήρων αεροσκαφών,Aircraft-engine repair services
50211300-0,50211000-7,5,Υπηρεσίες γενικής επισκευής αεροσκαφών,Reconditioning services of aircraft
50211310-3,50211300-0,6,Υπηρεσίες γενικής επισκευής κινητήρων αεροσκαφών,Reconditioning services of aircraft engines
50212000-4,50210000-0,4,Υπηρεσίες επισκευής και συντήρησης ελικοπτέρων,Repair and maintenance services of helicopters
50220000-3,50200000-7,3,Υπηρεσίες επισκευής και συντήρησης και συναφείς υπηρεσίες για σιδηροδρομικό υλικό και άλλο εξοπλισμό,"Repair, maintenance and associated services related to railways and other equipment"
50221000-0,50220000-3,4,Υπηρεσίες επισκευής και συντήρησης μηχανών έλξης συρμών,Repair and maintenance services of locomotives
50221100-1,50221000-0,5,Υπηρεσίες επισκευής και συντήρησης κιβωτίων ταχυτήτων μηχανών έλξης συρμών,Repair and maintenance services of locomotive gearboxes
50221200-2,50221000-0,5,Υπηρεσίες επισκευής και συντήρησης συστημάτων μετάδοσης κίνησης μηχανών έλξης συρμών,Repair and maintenance services of locomotive transmissions
50221300-3,50221000-0,5,Υπηρεσίες επισκευής και συντήρησης τροχών μηχανών έλξης συρμών,Repair and maintenance services of locomotive wheelsets
50221400-4,50221000-0,5,Υπηρεσίες επισκευής και συντήρησης συστημάτων πέδησης μηχανών έλξης συρμών,Repair and maintenance services of locomotive brakes and brake parts
50222000-7,50220000-3,4,Υπηρεσίες επισκευής και συντήρησης τροχαίου υλικού,Repair and maintenance services of rolling stock
50222100-8,50222000-7,5,Υπηρεσίες επισκευής και συντήρησης αποσβεστήρων δονήσεων,Repair and maintenance services of dampers
50223000-4,50220000-3,4,Υπηρεσίες γενικής επισκευής μηχανών έλξης συρμών,Reconditioning services of locomotives
50224000-1,50220000-3,4,Υπηρεσίες γενικής επισκευής τροχαίου υλικού,Reconditioning services of rolling stock
50224100-2,50224000-1,5,Υπηρεσίες επιδιόρθωσης καθισμάτων τροχαίου υλικού,Reconditioning services of rolling stock seats
50224200-3,50224000-1,5,Υπηρεσίες γενικής επισκευής επιβατικών βαγονιών,Reconditioning services of passenger coaches
50225000-8,50220000-3,4,Υπηρεσίες συντήρησης τροχιοδρόμων,Railway-track maintenance services
50229000-6,50220000-3,4,Διάλυση τροχαίου υλικού,Demolition of rolling stock
50230000-6,50200000-7,3,"Υπηρεσίες επισκευής, συντήρησης και συναφείς υπηρεσίες για οδούς και λοιπό εξοπλισμό","Repair, maintenance and associated services related to roads and other equipment"
50232000-0,50230000-6,4,Συντήρηση εγκαταστάσεων δημόσιου φωτισμού και φωτεινών σηματοδοτών,Maintenance services of public-lighting installations and traffic lights
50232100-1,50232000-0,5,Συντήρηση εγκαταστάσεων δημόσιου φωτισμού,Street-lighting maintenance services
50232110-4,50232100-1,6,Θέση σε λειτουργία εγκαταστάσεων δημόσιου φωτισμού,Commissioning of public lighting installations
50232200-2,50232000-0,5,Συντήρηση εγκαταστάσεων φωτεινών σηματοδοτών,Traffic-signal maintenance services
50240000-9,50200000-7,3,Υπηρεσίες επισκευής και συντήρησης και συναφείς υπηρεσίες σχετιζόμενες με σκάφη και λοιπό εξοπλισμό,"Repair, maintenance and associated services related to marine and other equipment"
50241000-6,50240000-9,4,Υπηρεσίες επισκευής και συντήρησης πλοίων,Repair and maintenance services of ships
50241100-7,50241000-6,5,Υπηρεσίες επισκευής πλοίων,Vessel repair services
50241200-8,50241000-6,5,Υπηρεσίες επισκευής πορθμείων,Ferry repair services
50242000-3,50240000-9,4,Υπηρεσίες μετατροπής πλοίων,Conversion services of ships
50243000-0,50240000-9,4,Διάλυση πλοίων,Demolition services of ships
50244000-7,50240000-9,4,Υπηρεσίες γενικής επισκευής πλοίων και σκαφών,Reconditioning services of ships or boats
50245000-4,50240000-9,4,Υπηρεσίες βελτίωσης πλοίων,Upgrading services of ships
50246000-1,50240000-9,4,Υπηρεσίες συντήρησης εξοπλισμού λιμένων,Harbour equipment maintenance services
50246100-2,50246000-1,5,Υπηρεσίες ξηρού δεξαμενισμού πλοίων,Dry-docking services
50246200-3,50246000-1,5,Υπηρεσίες συντήρησης σημαδούρων,Buoy maintenance services
50246300-4,50246000-1,5,Υπηρεσίες επισκευής και συντήρησης πλωτών εγκαταστάσεων,Repair and maintenance services of floating structures
50246400-5,50246000-1,5,Υπηρεσίες επισκευής και συντήρησης πλωτών εξεδρών,Repair and maintenance services of floating platforms
50300000-8,50000000-5,2,"Επισκευή, συντήρηση και συναφείς υπηρεσίες για προσωπικούς Η/Υ, εξοπλισμό γραφείου, τηλεπικοινωνίες και οπτικοακουστικό εξοπλισμό","Repair, maintenance and associated services related to personal computers, office equipment, telecommunications and audio-visual equipment"
50310000-1,50300000-8,3,Υπηρεσίες συντήρησης και επισκευής μηχανημάτων γραφείου,Maintenance and repair of office machinery
50311000-8,50310000-1,4,Υπηρεσίες συντήρησης και επισκευής λογιστικών μηχανών γραφείου,Maintenance and repair of office accounting machinery
50311400-2,50311000-8,5,Υπηρεσίες συντήρησης και επισκευής αριθμομηχανών και λογιστικών μηχανών,Maintenance and repair of calculators and accounting machinery
50312000-5,50310000-1,4,Υπηρεσίες συντήρησης και επισκευής εξοπλισμού ηλεκτρονικών υπολογιστών,Maintenance and repair of computer equipment
50312100-6,50312000-5,5,Υπηρεσίες συντήρησης και επισκευής κεντρικών υπολογιστών,Maintenance and repair of mainframe computers
50312110-9,50312100-6,6,Συντήρηση κεντρικών υπολογιστών,Maintenance of mainframe computers
50312120-2,50312100-6,6,Επισκευή κεντρικών υπολογιστών,Repair of mainframe computers
50312200-7,50312000-5,5,Συντήρηση και επισκευή μεσαίων υπολογιστών,Maintenance and repair of minicomputers
50312210-0,50312200-7,6,Συντήρηση μεσαίων υπολογιστών,Maintenance of minicomputers
50312220-3,50312200-7,6,Επισκευή μεσαίων υπολογιστών,Repair of minicomputers
50312300-8,50312000-5,5,Επισκευή και συντήρηση εξοπλισμού δικτύου δεδομένων,Maintenance and repair of data network equipment
50312310-1,50312300-8,6,Συντήρηση εξοπλισμού δικτύου δεδομένων,Maintenance of data network equipment
50312320-4,50312300-8,6,Επισκευή εξοπλισμού δικτύου δεδομένων,Repair of data network equipment
50312400-9,50312000-5,5,Συντήρηση και επισκευή μικροϋπολογιστών,Maintenance and repair of microcomputers
50312410-2,50312400-9,6,Συντήρηση μικροϋπολογιστών,Maintenance of microcomputers
50312420-5,50312400-9,6,Επισκευή μικροϋπολογιστών,Repair of microcomputers
50312600-1,50312000-5,5,Συντήρηση και επισκευή εξοπλισμού τεχνολογίας των πληροφοριών,Maintenance and repair of information technology equipment
50312610-4,50312600-1,6,Συντήρηση εξοπλισμού τεχνολογίας των πληροφοριών,Maintenance of information technology equipment
50312620-7,50312600-1,6,Επισκευή εξοπλισμού τεχνολογίας των πληροφοριών,Repair of information technology equipment
50313000-2,50310000-1,4,Υπηρεσίες συντήρησης και επισκευής μηχανών αναπαραγωγής,Maintenance and repair of reprographic machinery
50313100-3,50313000-2,5,Υπηρεσίες επισκευής φωτοαντιγραφικών μηχανημάτων,Photocopier repair services
50313200-4,50313000-2,5,Υπηρεσίες συντήρησης φωτοαντιγραφικών μηχανημάτων,Photocopier maintenance services
50314000-9,50310000-1,4,Υπηρεσίες επισκευής και συντήρησης συσκευών τηλεομοιοτυπίας,Repair and maintenance services of facsimile machines
50315000-6,50310000-1,4,Υπηρεσίες επισκευής και συντήρησης μηχανημάτων αυτόματων τηλεφωνητών,Repair and maintenance services of telephone-answering machines
50316000-3,50310000-1,4,Υπηρεσίες επισκευής και συντήρησης μηχανών έκδοσης εισιτηρίων,Maintenance and repair of ticket-issuing machinery
50317000-0,50310000-1,4,Υπηρεσίες συντήρησης και επισκευής μηχανών ακύρωσης εισιτηρίων,Maintenance and repair of ticket-validation machinery
50320000-4,50300000-8,3,Υπηρεσίες επισκευής και συντήρησης προσωπικών Η/Υ,Repair and maintenance services of personal computers
50321000-1,50320000-4,4,Υπηρεσίες επισκευής προσωπικών Η/Υ,Repair services of personal computers
50322000-8,50320000-4,4,Υπηρεσίες συντήρησης προσωπικών Η/Υ,Maintenance services of personal computers
50323000-5,50320000-4,4,Συντήρηση και επισκευή περιφερειακού εξοπλισμού ηλεκτρονικών υπολογιστών,Maintenance and repair of computer peripherals
50323100-6,50323000-5,5,Συντήρηση περιφερειακού εξοπλισμού ηλεκτρονικών υπολογιστών,Maintenance of computer peripherals
50323200-7,50323000-5,5,Επισκευή περιφερειακού εξοπλισμού ηλεκτρονικών υπολογιστών,Repair of computer peripherals
50324000-2,50320000-4,4,Υπηρεσίες υποστήριξης προσωπικών Η/Υ,Support services of personal computers
50324100-3,50324000-2,5,Υπηρεσίες συντήρησης συστημάτων,System maintenance services
50324200-4,50324000-2,5,Υπηρεσίες προληπτικής συντήρησης,Preventive maintenance services
50330000-7,50300000-8,3,Υπηρεσίες συντήρησης εξοπλισμού τηλεπικοινωνίας,Maintenance services of telecommunications equipment
50331000-4,50330000-7,4,Υπηρεσίες επισκευής και συντήρησης γραμμών τηλεπικοινωνίας,Repair and maintenance services of telecommunications lines
50332000-1,50330000-7,4,Υπηρεσίες συντήρησης υποδομής τηλεπικοινωνιών,Telecommunications-infrastructure maintenance services
50333000-8,50330000-7,4,Υπηρεσίες συντήρησης εξοπλισμού ασύρματης επικοινωνίας,Maintenance services of radio-communications equipment
50333100-9,50333000-8,5,Υπηρεσίες επισκευής και συντήρησης ασύρματων πομπών,Repair and maintenance services of radio transmitters
50333200-0,50333000-8,5,Υπηρεσίες επισκευής και συντήρησης συσκευών ραδιοτηλεφωνίας,Repair and maintenance services of radiotelephony apparatus
50334000-5,50330000-7,4,Υπηρεσίες επισκευής και συντήρησης ενσύρματου τηλεφωνικού και τηλεγραφικού εξοπλισμού,Repair and maintenance services of line telephony and line telegraphy equipment
50334100-6,50334000-5,5,Υπηρεσίες επισκευής και συντήρησης ενσύρματου τηλεφωνικού εξοπλισμού,Repair and maintenance services of line telephony equipment
50334110-9,50334100-6,6,Συντήρηση τηλεφωνικού δικτύου,Telephone network maintenance services
50334120-2,50334100-6,6,Εκσυγχρονισμός τηλεφωνικού κέντρου,Upgrade services of telephone switching equipment
50334130-5,50334100-6,6,Υπηρεσίες επισκευής και συντήρησης τηλεφωνικών κέντρων,Repair and maintenance services of telephone switching apparatus
50334140-8,50334100-6,6,Υπηρεσίες επισκευής και συντήρησης συσκευών τηλεφωνίας,Repair and maintenance services of telephone sets
50334200-7,50334000-5,5,Υπηρεσίες επισκευής και συντήρησης ενσύρματου τηλεγραφικού εξοπλισμού,Repair and maintenance services of line telegraphy equipment
50334300-8,50334000-5,5,Υπηρεσίες επισκευής και συντήρησης ενσύρματου εξοπλισμού τηλετύπου,Repair and maintenance services of line telex equipment
50334400-9,50334000-5,5,Υπηρεσίες συντήρησης συστήματος επικοινωνίας,Communications system maintenance services
50340000-0,50300000-8,3,Υπηρεσίες επισκευής και συντήρησης οπτικοακουστικού εξοπλισμού,Repair and maintenance services of audio-visual and optical equipment
50341000-7,50340000-0,4,Υπηρεσίες επισκευής και συντήρησης τηλεοπτικού εξοπλισμού,Repair and maintenance services of television equipment
50341100-8,50341000-7,5,Υπηρεσίες επισκευής και συντήρησης εξοπλισμού διαλογικής τηλεοπτικογραφίας,Repair and maintenance services of videotext equipment
50341200-9,50341000-7,5,Υπηρεσίες επισκευής και συντήρησης τηλεοπτικών πομπών,Repair and maintenance services of television transmitters
50342000-4,50340000-0,4,Υπηρεσίες επισκευής και συντήρησης ακουστικού εξοπλισμού,Repair and maintenance services of audio equipment
50343000-1,50340000-0,4,Υπηρεσίες επισκευής και συντήρησης εξοπλισμού βίντεο,Repair and maintenance services of video equipment
50344000-8,50340000-0,4,Υπηρεσίες επισκευής και συντήρησης οπτικού εξοπλισμού,Repair and maintenance services of optical equipment
50344100-9,50344000-8,5,Υπηρεσίες επισκευής και συντήρησης φωτογραφικού εξοπλισμού,Repair and maintenance services of photographic equipment
50344200-0,50344000-8,5,Υπηρεσίες επισκευής και συντήρησης κινηματογραφικού εξοπλισμού,Repair and maintenance services of cinematographic equipment
50400000-9,50000000-5,2,Υπηρεσίες επισκευής και συντήρησης ιατρικού εξοπλισμού και εξοπλισμού ακριβείας,Repair and maintenance services of medical and precision equipment
50410000-2,50400000-9,3,"Υπηρεσίες επισκευής και συντήρησης συσκευών μέτρησης, δοκιμών και ελέγχου","Repair and maintenance services of measuring, testing and checking apparatus"
50411000-9,50410000-2,4,Υπηρεσίες επισκευής και συντήρησης συσκευών μέτρησης,Repair and maintenance services of measuring apparatus
50411100-0,50411000-9,5,Υπηρεσίες επισκευής και συντήρησης μετρητών νερού,Repair and maintenance services of water meters
50411200-1,50411000-9,5,Υπηρεσίες επισκευής και συντήρησης μετρητών αερίου,Repair and maintenance services of gas meters
50411300-2,50411000-9,5,Υπηρεσίες επισκευής και συντήρησης μετρητών ηλεκτρικού ρεύματος,Repair and maintenance services of electricity meters
50411400-3,50411000-9,5,Υπηρεσίες επισκευής και συντήρησης ταχυμέτρων,Repair and maintenance services of tachometers
50411500-4,50411000-9,5,Υπηρεσίες επισκευής και συντήρησης βιομηχανικών χρονομέτρων,Repair and maintenance services of industrial time-measuring equipment
50412000-6,50410000-2,4,Υπηρεσίες επισκευής και συντήρησης συσκευών δοκιμών,Repair and maintenance services of testing apparatus
50413000-3,50410000-2,4,Υπηρεσίες επισκευής και συντήρησης συσκευών ελέγχου,Repair and maintenance services of checking apparatus
50413100-4,50413000-3,5,Υπηρεσίες επισκευής και συντήρησης εξοπλισμού ανίχνευσης αερίου,Repair and maintenance services of gas-detection equipment
50413200-5,50413000-3,5,Υπηρεσίες επισκευής και συντήρησης εξοπλισμού πυρόσβεσης,Repair and maintenance services of firefighting equipment
50420000-5,50400000-9,3,Υπηρεσίες επισκευής και συντήρησης ιατρικού και χειρουργικού εξοπλισμού,Repair and maintenance services of medical and surgical equipment
50421000-2,50420000-5,4,Υπηρεσίες επισκευής και συντήρησης ιατρικού εξοπλισμού,Repair and maintenance services of medical equipment
50421100-3,50421000-2,5,Υπηρεσίες επισκευής και συντήρησης αναπηρικών καρεκλών,Repair and maintenance services of wheelchairs
50421200-4,50421000-2,5,Υπηρεσίες επισκευής και συντήρησης εξοπλισμού ακτινογραφίας,Repair and maintenance services of X-ray equipment
50422000-9,50420000-5,4,Υπηρεσίες επισκευής και συντήρησης χειρουργικού εξοπλισμού,Repair and maintenance services of surgical equipment
50430000-8,50400000-9,3,Υπηρεσίες επισκευής και συντήρησης εξοπλισμού ακριβείας,Repair and maintenance services of precision equipment
50431000-5,50430000-8,4,Υπηρεσίες επισκευής και συντήρησης ρολογιών χειρός,Repair and maintenance services of watches
50432000-2,50430000-8,4,Υπηρεσίες επισκευής και συντήρησης ρολογιών τοίχου,Repair and maintenance services of clocks
50433000-9,50430000-8,4,Υπηρεσίες βαθμονόμησης,Calibration services
50500000-0,50000000-5,2,"Υπηρεσίες επισκευής και συντήρησης αντλιών, δικλείδων, στροφίγγων, μεταλλικών δοχείων και μηχανημάτων","Repair and maintenance services for pumps, valves, taps and metal containers and machinery"
50510000-3,50500000-0,3,"Υπηρεσίες επισκευής και συντήρησης αντλιών, δικλείδων, στροφίγγων και μεταλλικών δοχείων","Repair and maintenance services of pumps, valves, taps and metal containers"
50511000-0,50510000-3,4,Υπηρεσίες επισκευής και συντήρησης αντλιών,Repair and maintenance services of pumps
50511100-1,50511000-0,5,Υπηρεσίες επισκευής και συντήρησης αντλιών υγρών,Repair and maintenance services of liquid pumps
50511200-2,50511000-0,5,Υπηρεσίες επισκευής και συντήρησης αντλιών αερίου,Repair and maintenance services of gas pumps
50512000-7,50510000-3,4,Υπηρεσίες επισκευής και συντήρησης δικλείδων,Repair and maintenance services of valves
50513000-4,50510000-3,4,Υπηρεσίες επισκευής και συντήρησης στροφίγγων,Repair and maintenance services of taps
50514000-1,50510000-3,4,Υπηρεσίες επισκευής και συντήρησης μεταλλικών δοχείων,Repair and maintenance services of metal containers
50514100-2,50514000-1,5,Υπηρεσίες επισκευής και συντήρησης βυτίων,Repair and maintenance services of tanks
50514200-3,50514000-1,5,Υπηρεσίες επισκευής και συντήρησης δεξαμενών,Repair and maintenance services of reservoirs
50514300-4,50514000-1,5,Υπηρεσίες επισκευής περιβλήματος σωληνώσεων,Sleeving repair services
50530000-9,50500000-0,3,Υπηρεσίες επισκευής και συντήρησης μηχανημάτων,Repair and maintenance services of machinery
50531000-6,50530000-9,4,Υπηρεσίες επισκευής και συντήρησης μη ηλεκτρικών μηχανημάτων,Repair and maintenance services for non-electrical machinery
50531100-7,50531000-6,5,Υπηρεσίες επισκευής και συντήρησης καυστήρων,Repair and maintenance services of boilers
50531200-8,50531000-6,5,Υπηρεσίες συντήρησης συσκευών αερίου,Gas appliance maintenance services
50531300-9,50531000-6,5,Υπηρεσίες επισκευής και συντήρησης συμπιεστών,Repair and maintenance services of compressors
50531400-0,50531000-6,5,Υπηρεσίες επισκευής και συντήρησης γερανών,Repair and maintenance services of cranes
50531500-1,50531000-6,5,Υπηρεσίες επισκευής και συντήρησης γερανών-πύργων,Repair and maintenance services of derricks
50531510-4,50531500-1,6,Υπηρεσίες αποσυναρμολόγησης πύργων γεώτρησης,Derrick-dismantling services
50532000-3,50530000-9,4,"Υπηρεσίες επισκευής και συντήρησης ηλεκτρικών μηχανημάτων, συσκευών και συναφούς εξοπλισμού","Repair and maintenance services of electrical machinery, apparatus and associated equipment"
50532100-4,50532000-3,5,Υπηρεσίες επισκευής και συντήρησης ηλεκτρικών κινητήρων,Repair and maintenance services of electric motors
50532200-5,50532000-3,5,Υπηρεσίες επισκευής και συντήρησης μετασχηματιστών,Repair and maintenance services of transformers
50532300-6,50532000-3,5,Υπηρεσίες επισκευής και συντήρησης γεννητριών,Repair and maintenance services of generators
50532400-7,50532000-3,5,Υπηρεσίες επισκευής και συντήρησης εξοπλισμού διανομής ηλεκτρικού ρεύματος,Repair and maintenance services of electrical distribution equipment
50600000-1,50000000-5,2,Υπηρεσίες επισκευής και συντήρησης υλικών ασφαλείας και άμυνας,Repair and maintenance services of security and defence materials
50610000-4,50600000-1,3,Υπηρεσίες επισκευής και συντήρησης εξοπλισμού ασφαλείας,Repair and maintenance services of security equipment
50620000-7,50600000-1,3,Υπηρεσίες επισκευής και συντήρησης πυροβόλων όπλων και πυρομαχικών,Repair and maintenance services of firearms and ammunition
50630000-0,50600000-1,3,Υπηρεσίες επισκευής και συντήρησης στρατιωτικών οχημάτων,Repair and maintenance services of military vehicles
50640000-3,50600000-1,3,Υπηρεσίες επισκευής και συντήρησης πολεμικών πλοίων,Repair and maintenance services of warships
50650000-6,50600000-1,3,"Υπηρεσίες επισκευής και συντήρησης εξοπλισμού στρατιωτικών αεροσκαφών, πυραύλων και διαστημικών αεροσκαφών","Repair and maintenance services of military aircrafts, missiles and spacecrafts"
50660000-9,50600000-1,3,Υπηρεσίες επισκευής και συντήρησης στρατιωτικών ηλεκτρονικών συστημάτων,Repair and maintenance services of military electronic systems
50700000-2,50000000-5,2,Υπηρεσίες επισκευής και συντήρησης εγκαταστάσεων κτιρίου,Repair and maintenance services of building installations
50710000-5,50700000-2,3,Υπηρεσίες επισκευής και συντήρησης ηλεκτρομηχανολογικών εγκαταστάσεων κτιρίου,Repair and maintenance services of electrical and mechanical building installations
50711000-2,50710000-5,4,Υπηρεσίες επισκευής και συντήρησης ηλεκτρολογικών εγκαταστάσεων κτιρίου,Repair and maintenance services of electrical building installations
50712000-9,50710000-5,4,Υπηρεσίες επισκευής και συντήρησης μηχανολογικών εγκαταστάσεων κτιρίου,Repair and maintenance services of mechanical building installations
50720000-8,50700000-2,3,Υπηρεσίες επισκευής και συντήρησης εγκαταστάσεων κεντρικής θέρμανσης,Repair and maintenance services of central heating
50721000-5,50720000-8,4,Θέση σε λειτουργία εγκαταστάσεων θέρμανσης,Commissioning of heating installations
50730000-1,50700000-2,3,Υπηρεσίες επισκευής και συντήρησης ψυκτικών συγκροτημάτων,Repair and maintenance services of cooler groups
50740000-4,50700000-2,3,Υπηρεσίες επισκευής και συντήρησης κυλιόμενων κλιμάκων,Repair and maintenance services of escalators
50750000-7,50700000-2,3,Υπηρεσίες συντήρησης ανελκυστήρων,Lift-maintenance services
50760000-0,50700000-2,3,Επισκευή και συντήρηση δημόσιων αποχωρητηρίων,Repair and maintenance of public conveniences
50800000-3,50000000-5,2,Διάφορες υπηρεσίες επισκευής και συντήρησης,Miscellaneous repair and maintenance services
50810000-6,50800000-3,3,Υπηρεσίες επισκευής κοσμημάτων,Repair services of jewellery
50820000-9,50800000-3,3,Υπηρεσίες επισκευής δερμάτινων προσωπικών ειδών,Repair services of leather personal goods
50821000-6,50820000-9,4,Υπηρεσίες επιδιόρθωσης μποτών,Repair services of boots
50822000-3,50820000-9,4,Υπηρεσίες επιδιόρθωσης υποδημάτων,Repair services of shoes
50830000-2,50800000-3,3,Υπηρεσίες επιδιόρθωσης ενδυμάτων και υφασμάτινων ειδών,Repair services of garments and textiles
50840000-5,50800000-3,3,Υπηρεσίες επισκευής και συντήρησης όπλων και οπλικών συστημάτων,Repair and maintenance services of weapons and weapon systems
50841000-2,50840000-5,4,Υπηρεσίες επισκευής και συντήρησης όπλων,Repair and maintenance services of weapons
50842000-9,50840000-5,4,Υπηρεσίες επισκευής και συντήρησης οπλικών συστημάτων,Repair and maintenance services of weapon systems
50850000-8,50800000-3,3,Υπηρεσίες επισκευής και συντήρησης επίπλων,Repair and maintenance services of furniture
50860000-1,50800000-3,3,Υπηρεσίες επισκευής και συντήρησης μουσικών οργάνων,Repair and maintenance services of musical instruments
50870000-4,50800000-3,3,Υπηρεσίες επισκευής και συντήρησης εξοπλισμού παιδικής χαράς,Repair and maintenance services of playground equipment
50880000-7,50800000-3,3,Υπηρεσίες επισκευής και συντήρησης εξοπλισμού ξενοδοχείου και εστιατορίου,Repair and maintenance services of hotel and restaurant equipment
50881000-4,50880000-7,4,Υπηρεσίες επισκευής και συντήρησης εξοπλισμού ξενοδοχείου,Repair and maintenance services of hotel equipment
50882000-1,50880000-7,4,Υπηρεσίες επισκευής και συντήρησης εξοπλισμού εστιατορίου,Repair and maintenance services of restaurant equipment
50883000-8,50880000-7,4,Υπηρεσίες επισκευής και συντήρησης εξοπλισμού τροφοδοσίας,Repair and maintenance services of catering equipment
50884000-5,50880000-7,4,Υπηρεσίες επισκευής και συντήρησης εξοπλισμού κατασκήνωσης,Repair and maintenance services of camping equipment
51000000-9,,1,Υπηρεσίες εγκατάστασης (εκτός από υπηρεσίες εγκατάστασης λογισμικού),Installation services (except software)
51100000-3,51000000-9,2,Υπηρεσίες εγκατάστασης ηλεκτρομηχανολογικού εξοπλισμού,Installation services of electrical and mechanical equipment
51110000-6,51100000-3,3,Υπηρεσίες εγκατάστασης ηλεκτρολογικού εξοπλισμού,Installation services of electrical equipment
51111000-3,51110000-6,4,"Υπηρεσίες εγκατάστασης ηλεκτροκινητήρων, γεννητριών και μετασχηματιστών","Installation services of electric motors, generators and transformers"
51111100-4,51111000-3,5,Υπηρεσίες εγκατάστασης ηλεκτροκινητήρων,Installation services of electric motors
51111200-5,51111000-3,5,Υπηρεσίες εγκατάστασης γεννητριών,Installation services of generators
51111300-6,51111000-3,5,Υπηρεσίες εγκατάστασης μετασχηματιστών,Installation services of transformers
51112000-0,51110000-6,4,Υπηρεσίες εγκατάστασης εξοπλισμού διανομής και ελέγχου ηλεκτρικού ρεύματος,Installation services of electricity distribution and control equipment
51112100-1,51112000-0,5,Υπηρεσίες εγκατάστασης εξοπλισμού διανομής ηλεκτρικού ρεύματος,Installation services of electricity distribution equipment
51112200-2,51112000-0,5,Υπηρεσίες εγκατάστασης εξοπλισμού ελέγχου ηλεκτρικού ρεύματος,Installation services of electricity control equipment
51120000-9,51100000-3,3,Υπηρεσίες εγκατάστασης μηχανολογικού εξοπλισμού,Installation services of mechanical equipment
51121000-6,51120000-9,4,Υπηρεσίες εγκατάστασης εξοπλισμού γυμναστικής,Installation services of fitness equipment
51122000-3,51120000-9,4,Υπηρεσίες εγκατάστασης ιστών σημαίας,Installation services of flagpoles
51130000-2,51100000-3,3,"Υπηρεσίες εγκατάστασης ατμογεννητριών, στροβίλων, συμπιεστών και καυστήρων αερίου","Installation services of steam generators, turbines, compressors and burners"
51131000-9,51130000-2,4,Υπηρεσίες εγκατάστασης ατμογεννητριών,Installation services of steam generators
51133000-3,51130000-2,4,Υπηρεσίες εγκατάστασης στροβίλων,Installation services of turbines
51133100-4,51133000-3,5,Υπηρεσίες εγκατάστασης στροβίλων αερίου,Installation services of gas turbines
51134000-0,51130000-2,4,Υπηρεσίες εγκατάστασης συμπιεστών,Installation services of compressors
51135000-7,51130000-2,4,Υπηρεσίες εγκατάστασης κλιβάνων,Installation services of furnaces
51135100-8,51135000-7,5,Υπηρεσίες εγκατάστασης καυστήρων,Installation services of burners
51135110-1,51135100-8,6,Υπηρεσίες εγκατάστασης κλιβάνων αποτέφρωσης απορριμμάτων,Installation services of waste incinerators
51140000-5,51100000-3,3,Υπηρεσίες εγκατάστασης κινητήρων,Installation services of engines
51141000-2,51140000-5,4,Υπηρεσίες εγκατάστασης βενζινοκινητήρων,Installation services of petrol engines
51142000-9,51140000-5,4,Υπηρεσίες εγκατάστασης πετρελαιοκινητήρων,Installation services of diesel engines
51143000-6,51140000-5,4,Υπηρεσίες εγκατάστασης κινητήρων σιδηροδρόμου,Installation services of railway engines
51144000-3,51140000-5,4,Υπηρεσίες εγκατάστασης κινητήρων αυτοκινήτων,Installation services of vehicle engines
51145000-0,51140000-5,4,Υπηρεσίες εγκατάστασης κινητήρων πλοίων,Installation services of marine engines
51146000-7,51140000-5,4,Υπηρεσίες εγκατάστασης κινητήρων αεροσκαφών,Installation services of aircraft engines
51200000-4,51000000-9,2,"Υπηρεσίες εγκατάστασης εξοπλισμού μέτρησης, ελέγχου, δοκιμών και πλοήγησης","Installation services of equipment for measuring, checking, testing and navigating"
51210000-7,51200000-4,3,Υπηρεσίες εγκατάστασης εξοπλισμού μέτρησης,Installation services of measuring equipment
51211000-4,51210000-7,4,Υπηρεσίες εγκατάστασης εξοπλισμού χρονομέτρησης,Installation services of time-measuring equipment
51212000-1,51210000-7,4,Υπηρεσίες εγκατάστασης συσκευών καταγραφής χρόνου,Installation services of time register equipment
51213000-8,51210000-7,4,Υπηρεσίες εγκατάστασης οργάνων αποτύπωσης χρόνου,Installation services of time recorder equipment
51214000-5,51210000-7,4,Υπηρεσίες εγκατάστασης παρκομέτρων,Installation services of parking meter equipment
51215000-2,51210000-7,4,Υπηρεσίες εγκατάστασης μετεωρολογικού εξοπλισμού,Installation services of meteorological equipment
51216000-9,51210000-7,4,Υπηρεσίες εγκατάστασης γεωλογικού εξοπλισμού,Installation services of geological equipment
51220000-0,51200000-4,3,Υπηρεσίες εγκατάστασης εξοπλισμού ελέγχου,Installation services of checking equipment
51221000-7,51220000-0,4,Υπηρεσίες εγκατάστασης αυτόματων διατάξεων ελέγχου εισιτηρίων επιβατών σε αερολιμένες,Installation services of automatic airport check-in devices
51230000-3,51200000-4,3,Υπηρεσίες εγκατάστασης εξοπλισμού δοκιμών,Installation services of testing equipment
51240000-6,51200000-4,3,Υπηρεσίες εγκατάστασης εξοπλισμού ναυσιπλοΐας,Installation services of navigating equipment
51300000-5,51000000-9,2,Υπηρεσίες εγκατάστασης εξοπλισμού τηλεπικοινωνιών,Installation services of communications equipment
51310000-8,51300000-5,3,"Υπηρεσίες εγκατάστασης εξοπλισμού ραδιοφωνίας, τηλεόρασης, ήχου και βίντεο","Installation services of radio, television, sound and video equipment"
51311000-5,51310000-8,4,Υπηρεσίες εγκατάστασης εξοπλισμού ραδιοφωνίας,Installation services of radio equipment
51312000-2,51310000-8,4,Υπηρεσίες εγκατάστασης εξοπλισμού τηλεόρασης,Installation services of television equipment
51313000-9,51310000-8,4,Υπηρεσίες εγκατάστασης εξοπλισμού ήχου,Installation services of sound equipment
51314000-6,51310000-8,4,Υπηρεσίες εγκατάστασης εξοπλισμού βίντεο,Installation services of video equipment
51320000-1,51300000-5,3,Υπηρεσίες εγκατάστασης πομπών ραδιοφώνου και τηλεόρασης,Installation services of radio and television transmitters
51321000-8,51320000-1,4,Υπηρεσίες εγκατάστασης πομπών ραδιοφώνου,Installation services of radio transmitters
51322000-5,51320000-1,4,Υπηρεσίες εγκατάστασης πομπών τηλεόρασης,Installation services of television transmitters
51330000-4,51300000-5,3,Υπηρεσίες εγκατάστασης συσκευών ραδιοτηλεφωνίας,Installation services of radiotelephony apparatus
51340000-7,51300000-5,3,Υπηρεσίες εγκατάστασης εξοπλισμού ενσύρματης τηλεφωνίας,Installation services of line telephony equipment
51350000-0,51300000-5,3,Υπηρεσίες εγκατάστασης εξοπλισμού ενσύρματης τηλεγραφίας,Installation services of line telegraphy equipment
51400000-6,51000000-9,2,Υπηρεσίες εγκατάστασης ιατρικού και χειρουργικού εξοπλισμού,Installation services of medical and surgical equipment
51410000-9,51400000-6,3,Υπηρεσίες εγκατάστασης ιατρικού εξοπλισμού,Installation services of medical equipment
51411000-6,51410000-9,4,Υπηρεσίες εγκατάστασης εξοπλισμού απεικόνισης,Installation services of imaging equipment
51412000-3,51410000-9,4,Υπηρεσίες εγκατάστασης οδοντιατρικού και παραοδοντιατρικού εξοπλισμού,Installation services of dental and subspecialty equipment
51413000-0,51410000-9,4,Υπηρεσίες εγκατάστασης εξοπλισμού ακτινοθεραπείας,Installation services of radiotherapy equipment
51414000-7,51410000-9,4,IΥπηρεσίες εγκατάστασης εξοπλισμού μηχανοθεραπείας,Installation services of mechanotherapy equipment
51415000-4,51410000-9,4,Υπηρεσίες εγκατάστασης εξοπλισμού ηλεκτροθεραπείας,Installation services of electrotherapy equipment
51416000-1,51410000-9,4,Υπηρεσίες εγκατάστασης εξοπλισμού κινησιοθεραπείας,Installation services of physical therapy equipment
51420000-2,51400000-6,3,Υπηρεσίες εγκατάστασης χειρουργικού εξοπλισμού,Installation services of surgical equipment
51430000-5,51400000-6,3,Υπηρεσίες εγκατάστασης εργαστηριακού εξοπλισμού,Installation services of laboratory equipment
51500000-7,51000000-9,2,Υπηρεσίες εγκατάστασης μηχανημάτων και εξοπλισμού,Installation services of machinery and equipment
51510000-0,51500000-7,3,Υπηρεσίες εγκατάστασης μηχανημάτων και εξοπλισμού γενικής χρήσης,Installation services of general-purpose machinery and equipment
51511000-7,51510000-0,4,"Υπηρεσίες εγκατάστασης εξοπλισμού ανύψωσης και διακίνησης, εκτός από ανελκυστήρες και κυλιόμενες σκάλες","Installation services of lifting and handling equipment, except lifts and escalators"
51511100-8,51511000-7,5,Υπηρεσίες εγκατάστασης εξοπλισμού ανύψωσης,Installation services of lifting equipment
51511110-1,51511100-8,6,Υπηρεσίες εγκατάστασης γερανών,Installation services of cranes
51511200-9,51511000-7,5,Υπηρεσίες εγκατάστασης εξοπλισμού διακίνησης,Installation services of handling equipment
51511300-0,51511000-7,5,Υπηρεσίες εγκατάστασης αιωρούμενων ικριωμάτων και κουβούκλιων,Installation services of suspended access equipment
51511400-1,51511000-7,5,Υπηρεσίες εγκατάστασης εξοπλισμού αυτόματης μεταφοράς,Installation services of special conveying systems
51514000-8,51510000-0,4,Υπηρεσίες εγκατάστασης διάφορων μηχανημάτων γενικής χρήσης,Installation services of miscellaneous general-purpose machinery
51514100-9,51514000-8,5,Υπηρεσίες εγκατάστασης μηχανημάτων και συσκευών διήθησης ή καθαρισμού υγρών,Installation services of liquid filtering or purifying machinery and apparatus
51514110-2,51514100-9,6,Υπηρεσίες εγκατάστασης μηχανημάτων και συσκευών διήθησης ή καθαρισμού νερού,Installation services of machinery and apparatus for filtering or purifying water
51520000-3,51500000-7,3,Υπηρεσίες εγκατάστασης γεωργικών και δασοκομικών μηχανημάτων,Installation services of agricultural and forestry machinery
51521000-0,51520000-3,4,Υπηρεσίες εγκατάστασης γεωργικών μηχανημάτων,Installation services of agricultural machinery
51522000-7,51520000-3,4,Υπηρεσίες εγκατάστασης δασοκομικών μηχανημάτων,Installation services of forestry machinery
51530000-6,51500000-7,3,Υπηρεσίες εγκατάστασης εργαλειομηχανών,Installation services of machine tools
51540000-9,51500000-7,3,Υπηρεσίες εγκατάστασης μηχανημάτων και εξοπλισμού ειδικής χρήσης,Installation services of special-purpose machinery and equipment
51541000-6,51540000-9,4,"Υπηρεσίες εγκατάστασης μηχανημάτων ορυχείων, λατομείων, κατασκευαστικών έργων και μεταλλουργίας","Installation services of mining, quarrying, construction and metallurgy machinery"
51541100-7,51541000-6,5,Υπηρεσίες εγκατάστασης μηχανημάτων ορυχείων,Installation services of mining machinery
51541200-8,51541000-6,5,Υπηρεσίες εγκατάστασης μηχανημάτων λατομείων,Installation services of quarrying machinery
51541300-9,51541000-6,5,Υπηρεσίες εγκατάστασης μηχανημάτων κατασκευαστικών έργων,Installation services of construction machinery
51541400-0,51541000-6,5,Υπηρεσίες εγκατάστασης μηχανημάτων μεταλλουργίας,Installation services of metallurgy machinery
51542000-3,51540000-9,4,"Υπηρεσίες εγκατάστασης μηχανημάτων επεξεργασίας τροφίμων, ποτών και καπνού","Installation services of food-, beverage- and tobacco-processing machinery"
51542100-4,51542000-3,5,Υπηρεσίες εγκατάστασης μηχανημάτων επεξεργασίας τροφίμων,Installation services of food-processing machinery
51542200-5,51542000-3,5,Υπηρεσίες εγκατάστασης μηχανημάτων επεξεργασίας ποτών,Installation services of beverage-processing machinery
51542300-6,51542000-3,5,Υπηρεσίες εγκατάστασης μηχανημάτων επεξεργασίας καπνού,Installation services of tobacco-processing machinery
51543000-0,51540000-9,4,"Υπηρεσίες εγκατάστασης μηχανημάτων παραγωγής κλωστοϋφαντουργικών ειδών, ρουχισμού και κατεργασίας δερμάτων","Installation services of textile-, clothing- and leather-production machinery"
51543100-1,51543000-0,5,Υπηρεσίες εγκατάστασης μηχανημάτων παραγωγής κλωστοϋφαντουργικών ειδών,Installation services of textile-production machinery
51543200-2,51543000-0,5,Υπηρεσίες εγκατάστασης μηχανημάτων παραγωγής ειδών ρουχισμού,Installation services of clothing-production machinery
51543300-3,51543000-0,5,Υπηρεσίες εγκατάστασης μηχανημάτων κατεργασίας δερμάτων,Installation services of leather-production machinery
51543400-4,51543000-0,5,"Υπηρεσίες εγκατάστασης πλυντηρίων ρούχων, μηχανών στεγνού καθαρισμού και στεγνωτηρίων","Installation services of laundry washing, dry-cleaning and drying machines"
51544000-7,51540000-9,4,Υπηρεσίες εγκατάστασης μηχανημάτων παραγωγής χαρτιού και χαρτονιού,Installation services of paper- and paperboard-production machinery
51544100-8,51544000-7,5,Υπηρεσίες εγκατάστασης μηχανημάτων παραγωγής χαρτιού,Installation services of paper-production machinery
51544200-9,51544000-7,5,Υπηρεσίες εγκατάστασης μηχανημάτων παραγωγής χαρτονιού,Installation services of paperboard-production machinery
51545000-4,51540000-9,4,Υπηρεσίες εγκατάστασης υπαίθριων γραμματοκιβωτίων,Installation services of street mailboxes
51550000-2,51500000-7,3,Υπηρεσίες εγκατάστασης οπλικών συστημάτων,Installation services of weapon systems
51600000-8,51000000-9,2,Υπηρεσίες εγκατάστασης Η/Υ και εξοπλισμού γραφείου,Installation services of computers and office equipment
51610000-1,51600000-8,3,Υπηρεσίες εγκατάστασης Η/Υ και εξοπλισμού επεξεργασίας πληροφοριών,Installation services of computers and information-processing equipment
51611000-8,51610000-1,4,Υπηρεσίες εγκατάστασης Η/Υ,Installation services of computers
51611100-9,51611000-8,5,Υπηρεσίες εγκατάστασης υλικού πληροφορικής,Hardware installation services
51611110-2,51611100-9,6,Υπηρεσίες εγκατάστασης οθονών ή πινάκων απεικόνισης παραγματικού χρόνου για αναχωρήσεις και αφίξεις σε αερολιμένες,Installation services of airport real-time departures and arrival display screens or boards
51611120-5,51611100-9,6,Υπηρεσίες εγκατάστασης οθονών ή πινάκων απεικόνισης παραγματικού χρόνου για αναχωρήσεις και αφίξεις σε σιδηροδρομικούς σταθμούς,Installation services of railway real-time departures and arrival display screens or boards
51612000-5,51610000-1,4,Υπηρεσίες εγκατάστασης εξοπλισμού επεξεργασίας πληροφοριών,Installation services of information-processing equipment
51620000-4,51600000-8,3,Υπηρεσίες εγκατάστασης εξοπλισμού γραφείου,Installation services of office equipment
51700000-9,51000000-9,2,Υπηρεσίες εγκατάστασης εξοπλισμού πυροπροστασίας,Installation services of fire protection equipment
51800000-0,51000000-9,2,Υπηρεσίες εγκατάστασης μεταλλικών δοχείων,Installation services of metal containers
51810000-3,51800000-0,3,Υπηρεσίες εγκατάστασης δεξαμενών,Installation services of tanks
51820000-6,51800000-0,3,Υπηρεσίες εγκατάστασης ταμιευτήρων,Installation services of reservoirs
51900000-1,51000000-9,2,Υπηρεσίες εγκατάστασης συστημάτων οδήγησης και ελέγχου,Installation services of guidance and control systems
55000000-0,,1,"Υπηρεσίες ξενοδοχείων, εστιατορίων και λιανικού εμπορίου","Hotel, restaurant and retail trade services"
55100000-1,55000000-0,2,Υπηρεσίες ξενοδοχείων,Hotel services
55110000-4,55100000-1,3,Υπηρεσίες ξενοδοχειακών καταλυμάτων,Hotel accommodation services
55120000-7,55100000-1,3,Υπηρεσίες ξενοδοχείων σε σχέση με συναντήσεις και συνέδρια,Hotel meeting and conference services
55130000-0,55100000-1,3,Άλλες υπηρεσίες ξενοδοχείων,Other hotel services
55200000-2,55000000-0,2,Παροχή καταλύματος σε χώρους κατασκήνωσης και άλλους μη ξενοδοχειακούς χώρους,Camping sites and other non-hotel accommodation
55210000-5,55200000-2,3,Υπηρεσίες ξενώνων νεότητας,Youth hostel services
55220000-8,55200000-2,3,Υπηρεσίες χώρων κατασκήνωσης,Camping-site services
55221000-5,55220000-8,4,Υπηρεσίες χώρων για τροχόσπιτα,Caravan-site services
55240000-4,55200000-2,3,Υπηρεσίες κέντρων διακοπών και παραθεριστικών κατοικιών,Holiday centre and holiday home services
55241000-1,55240000-4,4,Υπηρεσίες κέντρων παραθερισμού,Holiday centre services
55242000-8,55240000-4,4,Υπηρεσίες παραθεριστικών κατοικιών,Holiday home services
55243000-5,55240000-4,4,Υπηρεσίες παιδικών κατασκηνώσεων,Children's holiday-camp services
55250000-7,55200000-2,3,Υπηρεσίες ενοικίασης μικρής διάρκειας επιπλωμένων καταλυμάτων,Letting services of short-stay furnished accommodation
55260000-0,55200000-2,3,Υπηρεσίες κλιναμαξών,Sleeping-car services
55270000-3,55200000-2,3,Υπηρεσίες παροχής απλού καταλύματος με πρωινό,Services provided by bed and breakfast establishments
55300000-3,55000000-0,2,Υπηρεσίες εστιατορίου και παροχής φαγητού,Restaurant and food-serving services
55310000-6,55300000-3,3,Υπηρεσίες εστιατορίου με σερβιτόρους,Restaurant waiter services
55311000-3,55310000-6,4,Υπηρεσίες εστιατορίων με σερβιτόρους περιορισμένης πελατείας,Restricted-clientele restaurant waiter services
55312000-0,55310000-6,4,Υπηρεσίες εστιατορίων με σερβιτόρους μη περιορισμένης πελατείας,Unrestricted-clientele restaurant waiter services
55320000-9,55300000-3,3,Υπηρεσίες παροχής γευμάτων,Meal-serving services
55321000-6,55320000-9,4,Υπηρεσίες προετοιμασίας γευμάτων,Meal-preparation services
55322000-3,55320000-9,4,Υπηρεσίες παρασκευής γευμάτων,Meal-cooking services
55330000-2,55300000-3,3,Υπηρεσίες καφετέριας,Cafeteria services
55400000-4,55000000-0,2,Υπηρεσίες πώλησης ποτών,Beverage-serving services
55410000-7,55400000-4,3,Υπηρεσίες διαχείρισης κυλικείου,Bar management services
55500000-5,55000000-0,2,Υπηρεσίες καντίνας και τροφοδοσίας με έτοιμα φαγητά,Canteen and catering services
55510000-8,55500000-5,3,Υπηρεσίες καντίνας,Canteen services
55511000-5,55510000-8,4,Υπηρεσίες καντίνας και άλλες υπηρεσίες καφετέριας περιορισμένης πελατείας,Canteen and other restricted-clientele cafeteria services
55512000-2,55510000-8,4,Υπηρεσίες διαχείρισης καντίνας,Canteen management services
55520000-1,55500000-5,3,Υπηρεσίες τροφοδοσίας,Catering services
55521000-8,55520000-1,4,Υπηρεσίες τροφοδοσίας ιδιωτικών οικιών με έτοιμα φαγητά,Catering services for private households
55521100-9,55521000-8,5,Υπηρεσίες παροχής γευμάτων κατ’ οίκον από την κοινωνική πρόνοια,Meals-on-wheels services
55521200-0,55521000-8,5,Υπηρεσίες παράδοσης γευμάτων,Meal delivery service
55522000-5,55520000-1,4,Υπηρεσίες τροφοδοσίας εταιρειών μεταφορών με έτοιμα γεύματα,Catering services for transport enterprises
55523000-2,55520000-1,4,Υπηρεσίες τροφοδοσίας άλλων επιχειρήσεων ή ιδρυμάτων με έτοιμα γεύματα,Catering services for other enterprises or other institutions
55523100-3,55523000-2,5,Υπηρεσίες σχολικών γευμάτων,School-meal services
55524000-9,55520000-1,4,Υπηρεσίες τροφοδοσίας σχολείων με έτοιμα γεύματα,School catering services
55900000-9,55000000-0,2,Υπηρεσίες λιανικού εμπορίου,Retail trade services
60000000-8,,1,Υπηρεσίες μεταφορών (εκτός από μεταφορά αποβλήτων),Transport services (excl. Waste transport)
60100000-9,60000000-8,2,Υπηρεσίες οδικών μεταφορών,Road transport services
60112000-6,60100000-9,4,Υπηρεσίες δημόσιων οδικών μεταφορών,Public road transport services
60120000-5,60100000-9,3,Υπηρεσίες ταξί,Taxi services
60130000-8,60100000-9,3,Υπηρεσίες ειδικών οδικών μεταφορών επιβατών,Special-purpose road passenger-transport services
60140000-1,60100000-9,3,Μη προγραμματισμένες μεταφορές επιβατών,Non-scheduled passenger transport
60150000-4,60100000-9,3,Μεταφορές επιβατών με οχήματα που σύρονται από ζώα,Passenger transport by animal-drawn vehicles
60160000-7,60100000-9,3,Οδική μεταφορά αλληλογραφίας,Mail transport by road
60161000-4,60160000-7,4,Υπηρεσίες μεταφοράς δεμάτων,Parcel transport services
60170000-0,60100000-9,3,Ενοικίαση οχημάτων μεταφοράς επιβατών με οδηγό,Hire of passenger transport vehicles with driver
60171000-7,60170000-0,4,Ενοικίαση επιβατικών αυτοκινήτων με οδηγό,Hire of passenger cars with driver
60172000-4,60170000-0,4,Ενοικίαση λεωφορείων και πούλμαν με οδηγό,Hire of buses and coaches with driver
60180000-3,60100000-9,3,Ενοικίαση οχημάτων μεταφοράς εμπορευμάτων με οδηγό,Hire of goods-transport vehicles with driver
60181000-0,60180000-3,4,Ενοικίαση φορτηγών αυτοκινήτων με οδηγό,Hire of trucks with driver
60182000-7,60180000-3,4,Ενοικίαση οχημάτων επαγγελματικής χρήσης με οδηγό,Hire of industrial vehicles with driver
60183000-4,60180000-3,4,Ενοικίαση μικρών φορτηγών αυτοκινήτων με οδηγό,Hire of vans with driver
60200000-0,60000000-8,2,Υπηρεσίες μεταφορών μέσω σιδηροδρόμων,Railway transport services
60210000-3,60200000-0,3,Υπηρεσίες δημόσιων μεταφορών μέσω σιδηροδρόμων,Public transport services by railways
60220000-6,60200000-0,3,Ταχυδρομικές μεταφορές μέσω σιδηροδρόμων,Mail transport by railway
60300000-1,60000000-8,2,Υπηρεσίες μεταφορών μέσω αγωγού,Pipeline transport services
60400000-2,60000000-8,2,Υπηρεσίες αεροπορικών μεταφορών,Air transport services
60410000-5,60400000-2,3,Υπηρεσίες προγραμματισμένων αεροπορικών μεταφορών,Scheduled air transport services
60411000-2,60410000-5,4,Υπηρεσίες προγραμματισμένης αεροπορικής μεταφοράς αλληλογραφίας,Scheduled airmail transport services
60420000-8,60400000-2,3,Υπηρεσίες μη προγραμματισμένων αεροπορικών μεταφορών,Non-scheduled air transport services
60421000-5,60420000-8,4,Υπηρεσίες μη προγραμματισμένης αεροπορικής μεταφοράς αλληλογραφίας,Non-scheduled airmail transport services
60423000-9,60420000-8,4,Υπηρεσίες ναυλωμένων πτήσεων,Air-charter services
60424000-6,60420000-8,4,Ενοικίαση αεροπορικού μεταφορικού εξοπλισμού με πλήρωμα,Hire of air transport equipment with crew
60424100-7,60424000-6,5,Ενοικίαση αεροσκαφών με πλήρωμα,Hire of aircraft with crew
60424110-0,60424100-7,6,Ενοικίαση αεροσκαφών με σταθερές πτέρυγες με πλήρωμα,Hire of fixed-wing aircraft with crew
60424120-3,60424100-7,6,Ενοικίαση ελικοπτέρων με πλήρωμα,Hire of helicopters with crew
60440000-4,60400000-2,3,Αεροπορικές και συναφείς υπηρεσίες,Aerial and related services
60441000-1,60440000-4,4,Υπηρεσίες αεροψεκασμού,Aerial spraying services
60442000-8,60440000-4,4,Υπηρεσίες πυρόσβεσης δασικών πυρκαγιών από τον αέρα,Aerial forest-firefighting services
60443000-5,60440000-4,4,Υπηρεσίες διάσωσης από τον αέρα,Air-rescue services
60443100-6,60443000-5,5,Υπηρεσίες εναέριας-θαλάσσιας διάσωσης,Air-sea rescue services
60444000-2,60440000-4,4,Υπηρεσίες λειτουργίας αεροσκαφών,Aircraft-operation services
60444100-3,60444000-2,5,Υπηρεσίες χειριστού αεροσκάφους,Pilot services
60445000-9,60440000-4,4,Υπηρεσίες χειρισμού αεροσκαφών,Aircraft operating services
60500000-3,60000000-8,2,Υπηρεσίες διαστημικών μεταφορών,Space transport services
60510000-6,60500000-3,3,Υπηρεσίες εκτόξευσης δορυφόρων,Satellite launch services
60520000-9,60500000-3,3,Υπηρεσίες πειραματικού ωφέλιμου φορτίου,Experimental payload services
60600000-4,60000000-8,2,Υπηρεσίες μεταφορών με πλωτά μέσα,Water transport services
60610000-7,60600000-4,3,Υπηρεσίες μεταφορών με πορθμεία,Ferry transport services
60620000-0,60600000-4,3,Πλωτή μεταφορά ταχυδρομείου,Transport by water of mail
60630000-3,60600000-4,3,Υπηρεσίες τοποθέτησης καλωδίων με πλοίο,Cable-laying ship services
60640000-6,60600000-4,3,Ναυτιλιακές μεταφορικές επιχειρήσεις,Shipping operations
60650000-9,60600000-4,3,Ενοικίαση πλωτού μεταφορικού εξοπλισμού με πλήρωμα,Hire of water transport equipment with crew
60651000-6,60650000-9,4,Ενοικίαση σκαφών με πλήρωμα,Hire of vessels with crew
60651100-7,60651000-6,5,Ενοικίαση ποντοπόρων πλοίων με πλήρωμα,Hire of sea-going vessels with crew
60651200-8,60651000-6,5,Ενοικίαση σκαφών εσωτερικών πλωτών οδών με πλήρωμα,Hire of inland waterway vessels with crew
60651300-9,60651000-6,5,Υπηρεσίες πλοίων κατά της ρύπανσης,Anti-pollution ship services
60651400-0,60651000-6,5,Υπηρεσίες σκαφών για τη μεταφορά βαρέων φορτίων,Heavy-lift ship services
60651500-1,60651000-6,5,Υπηρεσίες εφεδρικών πλοίων,Standby ship services
60651600-2,60651000-6,5,Υπηρεσίες πλοίων για τον ανεφοδιασμό ανοιχτής θαλάσσης,Offshore supply ship services
60653000-0,60650000-9,4,Ενοικίαση πλοίων με πλήρωμα,Hire of boats with crew
63000000-9,,1,Βοηθητικές και επικουρικές υπηρεσίες μεταφορών· υπηρεσίες ταξιδιωτικών πρακτορείων,Supporting and auxiliary transport services; travel agencies services
63100000-0,63000000-9,2,Υπηρεσίες διακίνησης και αποθήκευσης εμπορευμάτων,Cargo handling and storage services
63110000-3,63100000-0,3,Υπηρεσίες διακίνησης εμπορευμάτων,Cargo handling services
63111000-0,63110000-3,4,Υπηρεσίες διακίνησης εμπορευματοκιβωτίων,Container handling services
63112000-7,63110000-3,4,Υπηρεσίες διακίνησης αποσκευών,Baggage handling services
63112100-8,63112000-7,5,Υπηρεσίες διακίνησης αποσκευών επιβατών,Passenger baggage handling services
63112110-1,63112100-8,6,Υπηρεσίες περισυλλογής αποσκευών,Baggage collection services
63120000-6,63100000-0,3,Υπηρεσίες αποθήκευσης εμπορευμάτων,Storage and warehousing services
63121000-3,63120000-6,4,Υπηρεσίες αποθήκευσης και ανάκτησης,Storage and retrieval services
63121100-4,63121000-3,5,Υπηρεσίες αποθήκευσης,Storage services
63121110-7,63121100-4,6,Υπηρεσίες αποθήκευσης αερίου,Gas storage services
63122000-0,63120000-6,4,Υπηρεσίες αποθήκευσης αγαθών,Warehousing services
63500000-4,63000000-9,2,Υπηρεσίες ταξιδιωτικών πρακτορείων και οργανωμένων περιηγήσεων καθώς και υπηρεσίες παροχής βοήθειας σε τουρίστες,"Travel agency, tour operator and tourist assistance services"
63510000-7,63500000-4,3,Υπηρεσίες ταξιδιωτικών πρακτορείων και συναφείς υπηρεσίες,Travel agency and similar services
63511000-4,63510000-7,4,Υπηρεσίες οργανωμένων εκδρομών,Organisation of package tours
63512000-1,63510000-7,4,Υπηρεσίες πώλησης τουριστικών εισιτηρίων και οργανωμένων εκδρομών,Sale of travel tickets and package tours services
63513000-8,63510000-7,4,Υπηρεσίες παροχής τουριστικών πληροφοριών,Tourist information services
63514000-5,63510000-7,4,Υπηρεσίες ξενάγησης,Tourist guide services
63515000-2,63510000-7,4,Ταξιδιωτικές υπηρεσίες,Travel services
63516000-9,63510000-7,4,Υπηρεσίες διαχείρισης ταξιδίων,Travel management services
63520000-0,63500000-4,3,Υπηρεσίες γραφείων μεταφορών,Transport agency services
63521000-7,63520000-0,4,Υπηρεσίες γραφείων μεταφορών εμπορευμάτων,Freight transport agency services
63522000-4,63520000-0,4,Υπηρεσίες ναυλομεσιτών,Ship brokerage services
63523000-1,63520000-0,4,Υπηρεσίες ελλιμενισμού και πρακτορείων μεταφορών,Port and forwarding agency services
63524000-8,63520000-0,4,Υπηρεσίες διεκπεραίωσης εγγράφων,Transport document preparation services
63700000-6,63000000-9,2,"Βοηθητικές υπηρεσίες χερσαίων, πλωτών και εναέριων μεταφορών","Support services for land, water and air transport"
63710000-9,63700000-6,3,Βοηθητικές υπηρεσίες χερσαίων μεταφορών,Support services for land transport
63711000-6,63710000-9,4,Βοηθητικές υπηρεσίες σιδηροδρομικών μεταφορών,Support services for railway transport
63711100-7,63711000-6,5,Υπηρεσίες παρακολούθησης αμαξοστοιχιών,Train monitoring services
63711200-8,63711000-6,5,Υπηρεσίες κινητών συνεργείων,Moving workshops services
63712000-3,63710000-9,4,Βοηθητικές υπηρεσίες οδικών μεταφορών,Support services for road transport
63712100-4,63712000-3,5,Υπηρεσίες σταθμών λεωφορείων,Bus station services
63712200-5,63712000-3,5,Υπηρεσίες λειτουργίας αυτοκινητοδρόμων,Highway operation services
63712210-8,63712200-5,6,Υπηρεσίες διοδίων αυτοκινητοδρόμων,Highway toll services
63712300-6,63712000-3,5,Υπηρεσίες λειτουργίας γεφυρών και σηράγγων,Bridge and tunnel operation services
63712310-9,63712300-6,6,Υπηρεσίες λειτουργίας γεφυρών,Bridge operating services
63712311-6,63712310-9,7,Υπηρεσίες διοδίων γεφυρών,Bridge toll services
63712320-2,63712300-6,6,Υπηρεσίες λειτουργίας σηράγγων,Tunnel operation services
63712321-9,63712320-2,7,Υπηρεσίες διοδίων σηράγγων,Tunnel toll services
63712400-7,63712000-3,5,Υπηρεσίες χώρων στάθμευσης οχημάτων,Parking services
63712500-8,63712000-3,5,Υπηρεσίες γεφυροπλάστιγγας,Weighbridge services
63712600-9,63712000-3,5,Υπηρεσίες ανεφοδιασμού οχημάτων,Vehicle refuelling services
63712700-0,63712000-3,5,Υπηρεσίες ελέγχου κυκλοφορίας,Traffic control services
63712710-3,63712700-0,6,Υπηρεσίες παρακολούθησης κυκλοφορίας,Traffic monitoring services
63720000-2,63700000-6,3,Υπηρεσίες υποστήριξης μεταφορών με πλωτά μέσα,Support services for water transport
63721000-9,63720000-2,4,Υπηρεσίες λειτουργίας λιμανιών και υδάτινων οδών και συναφείς υπηρεσίες,Port and waterway operation services and associated services
63721100-0,63721000-9,5,Υπηρεσίες εφοδιασμού πλοίων με καύσιμα,Bunkering services
63721200-1,63721000-9,5,Υπηρεσίες λειτουργίας λιμανιών,Port operation services
63721300-2,63721000-9,5,Υπηρεσίες λειτουργίας υδάτινων οδών,Waterway operation services
63721400-3,63721000-9,5,Υπηρεσίες ανεφοδιασμού πλοίων,Ship refuelling services
63721500-4,63721000-9,5,Υπηρεσίες τερματικών σταθμών επιβατών,Passenger terminal operation services
63722000-6,63720000-2,4,Υπηρεσίες πλοήγησης πλοίων,Ship-piloting services
63723000-3,63720000-2,4,Υπηρεσίες ελλιμενισμού πλοίων,Berthing services
63724000-0,63720000-2,4,Υπηρεσίες ναυσιπλοΐας,Navigation services
63724100-1,63724000-0,5,Υπηρεσίες εντοπισμού στίγματος ανοικτής θαλάσσης,Offshore positioning services
63724110-4,63724100-1,6,Υπηρεσίες προσδιορισμού στίγματος πλωτών φάρων,Lightship positioning services
63724200-2,63724000-0,5,Υπηρεσίες πλωτού φάρου,Lightship services
63724300-3,63724000-0,5,Υπηρεσίες προσδιορισμού στίγματος σημαδούρων,Buoy positioning services
63724310-6,63724300-3,6,Υπηρεσίες σήμανσης σημαδούρων,Buoy marking services
63724400-4,63724000-0,5,Υπηρεσίες φάρων,Lighthouse services
63725000-7,63720000-2,4,Υπηρεσίες διάσωσης σκαφών και επαναφοράς τους σε κατάσταση πλευστότητας,Salvage and refloating services
63725100-8,63725000-7,5,Υπηρεσίες διάσωσης πλοίων,Vessel-salvaging services
63725200-9,63725000-7,5,Υπηρεσίες εφεδρικού πλοίου,Standby vessel services
63725300-0,63725000-7,5,Υπηρεσίες ανέλκυσης πλοίων,Vessel refloating services
63726000-4,63720000-2,4,Διάφορες υπηρεσίες υποστήριξης μεταφορών με πλωτά μέσα,Miscellaneous water transport support services
63726100-5,63726000-4,5,Υπηρεσίες νηολόγησης πλοίων,Vessel registration services
63726200-6,63726000-4,5,Υπηρεσίες παγοθραυστικού σκάφους,Ice-breaking services
63726300-7,63726000-4,5,Υπηρεσίες φόρτωσης σκαφών στην ξηρά,Vessel storage services
63726400-8,63726000-4,5,Υπηρεσίες ναύλωσης σκαφών,Ship chartering services
63726500-9,63726000-4,5,Υπηρεσίες προσωρινής απόσυρσης σκαφών,Vessel laying-up services
63726600-0,63726000-4,5,Υπηρεσίες λειτουργίας πλοίων,Ship-operating services
63726610-3,63726600-0,6,Υπηρεσίες καθέλκυσης πλοίου,Ship-launching services
63726620-6,63726600-0,6,Υπηρεσίες υποβρύχιου τηλεχειριζόμενου σκάφους,ROV services
63726700-1,63726000-4,5,Υπηρεσίες αλιευτικού σκάφους,Fishing-vessel services
63726800-2,63726000-4,5,Υπηρεσίες ερευνητικού σκάφους,Research vessel services
63726900-3,63726000-4,5,Υπηρεσίες χειρισμού αγκυρών,Anchor handling services
63727000-1,63720000-2,4,Υπηρεσίες ρυμούλκησης και ώθησης πλοίων,Towing and pushing services of ships
63727100-2,63727000-1,5,Υπηρεσίες ρυμούλκησης,Towing services
63727200-3,63727000-1,5,Υπηρεσίες ώθησης,Pushing services
63730000-5,63700000-6,3,Υπηρεσίες υποστήριξης αεροπορικών μεταφορών,Support services for air transport
63731000-2,63730000-5,4,Υπηρεσίες λειτουργίας αερολιμένος,Airport operation services
63731100-3,63731000-2,5,Υπηρεσίες συντονισμού χρόνου χρήσης αερολιμένων,Airport slot coordination services
63732000-9,63730000-5,4,Υπηρεσίες ελέγχου εναέριας κυκλοφορίας,Air-traffic control services
63733000-6,63730000-5,4,Υπηρεσίες ανεφοδιασμού αεροσκαφών με καύσιμα,Aircraft refuelling services
63734000-3,63730000-5,4,Υπηρεσίες υποστέγου συντήρησης αεροσκαφών,Hangar services
64000000-6,,1,Υπηρεσίες ταχυδρομείων και τηλεπικοινωνιών,Postal and telecommunications services
64100000-7,64000000-6,2,Υπηρεσίες κρατικών και ιδιωτικών ταχυδρομείων,Post and courier services
64110000-0,64100000-7,3,Ταχυδρομικές υπηρεσίες,Postal services
64111000-7,64110000-0,4,Ταχυδρομικές υπηρεσίες που αφορούν εφημερίδες και περιοδικά,Postal services related to newspapers and periodicals
64112000-4,64110000-0,4,Ταχυδρομικές υπηρεσίες που αφορούν επιστολές,Postal services related to letters
64113000-1,64110000-0,4,Ταχυδρομικές υπηρεσίες που αφορούν δέματα,Postal services related to parcels
64114000-8,64110000-0,4,Ταχυδρομικές υπηρεσίες συναλλαγής με το κοινό,Post office counter services
64115000-5,64110000-0,4,Υπηρεσίες ενοικίασης ταχυδρομικών θυρίδων,Mailbox rental
64116000-2,64110000-0,4,Υπηρεσίες ποστ ρεστάντ,Post-restante services
64120000-3,64100000-7,3,Υπηρεσίες ιδιωτικών ταχυδρομικών γραφείων,Courier services
64121000-0,64120000-3,4,Υπηρεσίες ιδιωτικών ταχυδρομικών γραφείων πολλαπλής φύσης,Multi-modal courier services
64121100-1,64121000-0,5,Υπηρεσίες παράδοσης αλληλογραφίας,Mail delivery services
64121200-2,64121000-0,5,Υπηρεσίες παράδοσης δεμάτων,Parcel delivery services
64122000-7,64120000-3,4,Υπηρεσίες ενδοϋπηρεσιακής αλληλογραφίας και ταχυδρόμησης,Internal office mail and messenger services
64200000-8,64000000-6,2,Υπηρεσίες τηλεπικοινωνιών,Telecommunications services
64210000-1,64200000-8,3,Υπηρεσίες τηλεφωνίας και μετάδοσης δεδομένων,Telephone and data transmission services
64211000-8,64210000-1,4,Υπηρεσίες δημόσιας τηλεφωνίας,Public-telephone services
64211100-9,64211000-8,5,Υπηρεσίες αστικής τηλεφωνίας,Local telephone services
64211200-0,64211000-8,5,Υπηρεσίες υπεραστικής τηλεφωνίας,Long distance telephone services
64212000-5,64210000-1,4,Υπηρεσίες κινητής τηλεφωνίας,Mobile-telephone services
64212100-6,64212000-5,5,Υπηρεσίες αποστολής σύντομων γραπτών μηνυμάτων (SMS),Short Message Service (SMS) services
64212200-7,64212000-5,5,Υπηρεσίες βελτιωμένης μηνυματοδοσίας (EMS),Enhanced Messaging Service (EMS) services
64212300-8,64212000-5,5,Υπηρεσίες πολυμεσικής μηνυματοδοσίας (MMS),Multimedia Message Service (MMS) services
64212400-9,64212000-5,5,Υπηρεσίες πρωτοκόλλου ασύρματων εφαρμογών (WAP),Wireless Application Protocol (WAP) services
64212500-0,64212000-5,5,Υπηρεσίες γενικής πακετικής ραδιοϋπηρεσίας (GPRS),General Packet Radio Services (GPRS) services
64212600-1,64212000-5,5,Υπηρεσίες βελτιωμένων δεδομένων για εξέλιξη GSM (EDGE),Enhanced Data for GSM Evolution (EDGE) services
64212700-2,64212000-5,5,Υπηρεσίες παγκόσμιου συστήματος κινητών τηλεπικοινωνιών (UMTS),Universal Mobile Telephone System (UMTS) services
64212800-3,64212000-5,5,Υπηρεσίες παρόχου κοινόχρηστης τηλεφωνίας,Pay phone provider services
64212900-4,64212000-5,5,Υπηρεσίες παρόχου προπληρωμένων τηλεφωνικών καρτών,Pre-paid phone card provider services
64213000-2,64210000-1,4,Υπηρεσίες τηλεφωνικών δικτύων μεικτής επιχειρησιακής χρήσης,Shared-business telephone network services
64214000-9,64210000-1,4,Υπηρεσίες αποκλειστικών τηλεφωνικών δικτύων επιχειρήσεων,Dedicated-business telephone network services
64214100-0,64214000-9,5,Υπηρεσίες ενοικίασης δορυφορικών κυκλωμάτων,Satellite circuit rental services
64214200-1,64214000-9,5,Υπηρεσίες τηλεφωνικού κέντρου,Telephone switchboard services
64214400-3,64214000-9,5,Υπηρεσίες ενοικίασης επίγειων επικοινωνιακών γραμμών,Communication land-line rental
64215000-6,64210000-1,4,Υπηρεσίες τηλεφωνίας πρωτοκόλλου Διαδικτύου (IP),IP telephone services
64216000-3,64210000-1,4,Υπηρεσίες ηλεκτρονικών μηνυμάτων και πληροφοριών,Electronic message and information services
64216100-4,64216000-3,5,Υπηρεσίες ηλεκτρονικών μηνυμάτων,Electronic message services
64216110-7,64216100-4,6,Υπηρεσίες ανταλλαγής ηλεκτρονικών δεδομένων,Electronic data exchange services
64216120-0,64216100-4,6,Υπηρεσίες ηλεκτρονικού ταχυδρομείου,Electronic mail services
64216130-3,64216100-4,6,Υπηρεσίες τέλεξ,Telex services
64216140-6,64216100-4,6,Υπηρεσίες τηλεγραφίας,Telegraph services
64216200-5,64216000-3,5,Υπηρεσίες ηλεκτρονικής πληροφόρησης,Electronic information services
64216210-8,64216200-5,6,Υπηρεσίες πληροφόρησης προστιθέμενης αξίας,Value-added information services
64216300-6,64216000-3,5,Υπηρεσίες σχετιζόμενες με τη διαλογική τηλεοπτικογραφία,Teletext services
64220000-4,64200000-8,3,Υπηρεσίες τηλεπικοινωνιών εκτός από υπηρεσίες τηλεφωνίας και μετάδοσης δεδομένων,Telecommunication services except telephone and data transmission services
64221000-1,64220000-4,4,Υπηρεσίες διασύνδεσης,Interconnection services
64222000-8,64220000-4,4,Υπηρεσίες τηλεργασίας,Teleworking services
64223000-5,64220000-4,4,Υπηρεσίες τηλεειδοποίησης,Paging services
64224000-2,64220000-4,4,Υπηρεσίες τηλεδιασκέψεων,Teleconferencing services
64225000-9,64220000-4,4,Υπηρεσίες τηλεπικοινωνιών αέρος-εδάφους,Air-to-ground telecommunications services
64226000-6,64220000-4,4,Υπηρεσίες τηλεματικής,Telematics services
64227000-3,64220000-4,4,Ολοκληρωμένες υπηρεσίες τηλεπικοινωνιών,Integrated telecommunications services
64228000-0,64220000-4,4,Υπηρεσίες μετάδοσης τηλεοπτικών και ραδιοφωνικών προγραμμάτων,Television and radio broadcast transmission services
64228100-1,64228000-0,5,Υπηρεσίες μετάδοσης τηλεοπτικών προγραμμάτων,Television broadcast transmission services
64228200-2,64228000-0,5,Υπηρεσίες μετάδοσης ραδιοφωνικών προγραμμάτων,Radio broadcast transmission services
65000000-3,,1,Επιχειρήσεις δημόσιας ωφέλειας,Public utilities
65100000-4,65000000-3,2,Διανομή ύδατος και συναφείς υπηρεσίες,Water distribution and related services
65110000-7,65100000-4,3,Διανομή ύδατος,Water distribution
65111000-4,65110000-7,4,Διανομή πόσιμου νερού,Drinking-water distribution
65120000-0,65100000-4,3,Λειτουργία σταθμού καθαρισμού του νερού,Operation of a water-purification plant
65121000-7,65120000-0,4,Υπηρεσίες απιονισμού ύδατος,Water demineralisation services
65122000-0,65120000-0,4,Υπηρεσίες αφαλάτωσης ύδατος,Water desalination services
65123000-3,65120000-0,4,Υπηρεσίες αποσκλήρυνσης ύδατος,Water softening services
65130000-3,65100000-4,3,Λειτουργία εγκατάστασης παροχής νερού,Operation of water supplies
65200000-5,65000000-3,2,Διανομή αερίου και συναφείς υπηρεσίες,Gas distribution and related services
65210000-8,65200000-5,3,Διανομή αερίου,Gas distribution
65300000-6,65000000-3,2,Διανομή ηλεκτρικού και συναφείς υπηρεσίες,Electricity distribution and related services
65310000-9,65300000-6,3,Διανομή ηλεκτρικού,Electricity distribution
65320000-2,65300000-6,3,Λειτουργία ηλεκτρικών εγκαταστάσεων,Operation of electrical installations
65400000-7,65000000-3,2,Προμήθεια και διανομή άλλων πηγών ενέργειας,Other sources of energy supplies and distribution
65410000-0,65400000-7,3,Λειτουργία σταθμού ηλεκτροπαραγωγής,Operation of a power plant
65500000-8,65000000-3,2,Υπηρεσίες ανάγνωσης μετρητών,Meter reading service
66000000-0,,1,Χρηματοπιστωτικές και ασφαλιστικές υπηρεσίες,Financial and insurance services
66100000-1,66000000-0,2,Τραπεζικές και επενδυτικές υπηρεσίες,Banking and investment services
66110000-4,66100000-1,3,Τραπεζικές υπηρεσίες,Banking services
66111000-1,66110000-4,4,Υπηρεσίες κεντρικής τράπεζας,Central bank services
66112000-8,66110000-4,4,Υπηρεσίες καταθέσεων,Deposit services
66113000-5,66110000-4,4,Υπηρεσίες χορήγησης πίστωσης,Credit granting services
66113100-6,66113000-5,5,Υπηρεσίες χορήγησης μικροπιστώσεων,Micro-credit granting services
66114000-2,66110000-4,4,Υπηρεσίες χρηματοδοτικής μίσθωσης,Financial leasing services
66115000-9,66110000-4,4,Υπηρεσίες διεθνούς μεταφοράς πληρωμών,International payment transfer services
66120000-7,66100000-1,3,Επενδυτικές τραπεζικές και συναφείς υπηρεσίες,Investment banking services and related services
66121000-4,66120000-7,4,Υπηρεσίες συγχώνευσης και εξαγοράς,Mergers and acquisition services
66122000-1,66120000-7,4,Εταιρικές χρηματοπιστωτικές υπηρεσίες και υπηρεσίες κεφαλαίων επιχειρηματικού κινδύνου,Corporate finance and venture capital services
66130000-0,66100000-1,3,Χρηματομεσιτικές υπηρεσίες και συναφείς υπηρεσίες χρεογράφων και εμπορευμάτων,Brokerage and related securities and commodities services
66131000-7,66130000-0,4,Υπηρεσίες χρηματομεσητείας χρεωγράφων,Security brokerage services
66131100-8,66131000-7,5,Υπηρεσίες επένδυσης συνταξιοδοτικών ταμείων,Pension investment services
66132000-4,66130000-0,4,Εμπορομεσιτικές υπηρεσίες,Commodity brokerage services
66133000-1,66130000-0,4,Υπηρεσίες επεξεργασίας και συμψηφισμού,Processing and clearing services
66140000-3,66100000-1,3,Υπηρεσίες διαχείρισης χαρτοφυλακίων,Portfolio management services
66141000-0,66140000-3,4,Υπηρεσίες διαχείρισης της χρηματοδότησης των συνταξιοδοτικών ταμείων,Pension fund management services
66150000-6,66100000-1,3,Υπηρεσίες διαχείρισης των χρηματαγορών,Financial markets administration services
66151000-3,66150000-6,4,Υπηρεσίες πράξεων σε κεφαλαιαγορές,Financial market operational services
66151100-4,66151000-3,5,Υπηρεσίες λιανικής σε ηλεκτρονικές αγορές,Electronic marketplace retailing services
66152000-0,66150000-6,4,Ρυθμιστικές υπηρεσίες κεφαλαιαγορών,Financial market regulatory services
66160000-9,66100000-1,3,Υπηρεσίες καταπιστευμάτων και παρακαταθηκών,Trust and custody services
66161000-6,66160000-9,4,Υπηρεσίες καταπιστευμάτων,Trust services
66162000-3,66160000-9,4,Υπηρεσίες παρακαταθηκών,Custody services
66170000-2,66100000-1,3,"Υπηρεσίες παροχής οικονομικών συμβουλών, επεξεργασίας χρηματοπιστωτικών συναλλαγών και γραφείων συμψηφισμού","Financial consultancy, financial transaction processing and clearing-house services"
66171000-9,66170000-2,4,Υπηρεσίες παροχής οικονομικών συμβουλών,Financial consultancy services
66172000-6,66170000-2,4,Υπηρεσίες επεξεργασίας χρηματοπιστωτικών συναλλαγών και γραφείων συμψηφισμού,Financial transaction processing and clearing-house services
66180000-5,66100000-1,3,Υπηρεσίες συναλλάγματος,Foreign exchange services
66190000-8,66100000-1,3,Υπηρεσίες χρηματομεσητείας δανείων,Loan brokerage services
66500000-5,66000000-0,2,Υπηρεσίες ασφάλισης και συνταξιοδότησης,Insurance and pension services
66510000-8,66500000-5,3,Υπηρεσίες ασφάλισης,Insurance services
66511000-5,66510000-8,4,Υπηρεσίες ασφαλειών ζωής,Life insurance services
66512000-2,66510000-8,4,Υπηρεσίες ασφάλισης ατυχημάτων και υγείας,Accident and health insurance services
66512100-3,66512000-2,5,Υπηρεσίες ασφάλισης ατυχημάτων,Accident insurance services
66512200-4,66512000-2,5,Υπηρεσίες ασφάλισης υγείας,Health insurance services
66512210-7,66512200-4,6,Υπηρεσίες εθελοντικής ασφάλισης υγείας,Voluntary health insurance services
66512220-0,66512200-4,6,Υπηρεσίες ιατροφαρμακευτικής ασφάλισης,Medical insurance services
66513000-9,66510000-8,4,Υπηρεσίες ασφάλισης νομικής προστασίας και υπηρεσίες ασφάλισης έναντι παντός κινδύνου,Legal insurance and all-risk insurance services
66513100-0,66513000-9,5,Υπηρεσίες ασφάλισης δικαστικών εξόδων,Legal expenses insurance services
66513200-1,66513000-9,5,Υπηρεσίες ασφάλισης εργολήπτη έναντι παντός κινδύνου,Contractor's all-risk insurance services
66514000-6,66510000-8,4,Υπηρεσίες ασφάλισης φορτίου και υπηρεσίες ασφάλισης σε σχέση με μεταφορές,Freight insurance and Insurance services relating to transport
66514100-7,66514000-6,5,Υπηρεσίες ασφάλισης σε σχέση με μεταφορές,Insurance related to Transport
66514110-0,66514100-7,6,Υπηρεσίες ασφάλισης μηχανοκίνητων οχημάτων,Motor vehicle insurance services
66514120-3,66514100-7,6,"Υπηρεσίες ασφάλισης θαλάσσιων, αεροπορικών και άλλων μεταφορών","Marine, aviation and other transport insurance services"
66514130-6,66514100-7,6,Υπηρεσίες ασφάλισης σιδηροδρόμων,Railway insurance services
66514140-9,66514100-7,6,Υπηρεσίες ασφάλισης αεροσκαφών,Aircraft insurance services
66514150-2,66514100-7,6,Υπηρεσίες ασφάλισης πλοίων,Vessel insurance services
66514200-8,66514000-6,5,Υπηρεσίες ασφάλισης φορτίου,Freight insurance services
66515000-3,66510000-8,4,Ασφάλεια ζημίας ή απώλειας,Damage or loss insurance services
66515100-4,66515000-3,5,Ασφάλεια πυρός,Fire insurance services
66515200-5,66515000-3,5,Υπηρεσίες ασφάλισης περιουσίας,Property insurance services
66515300-6,66515000-3,5,Υπηρεσίες ασφάλισης έναντι θεομηνίας και εισοδηματικής ζημίας,Weather and financial loss insurance services
66515400-7,66515000-3,5,Υπηρεσίες σχετιζόμενες με την ασφάλιση έναντι θεομηνίας,Weather-related insurance services
66515410-0,66515400-7,6,Υπηρεσίες ασφάλισης έναντι εισοδηματικής ζημίας,Financial loss insurance services
66515411-7,66515410-0,7,Υπηρεσίες ασφάλισης έναντι χρηματικής απώλειας,Pecuniary loss insurance services
66516000-0,66510000-8,4,Υπηρεσίες ασφάλισης αστικής ευθύνης,Liability insurance services
66516100-1,66516000-0,5,Ασφάλεια αστικής ευθύνης μηχανοκίνητων οχημάτων,Motor vehicle liability insurance services
66516200-2,66516000-0,5,Ασφάλεια αστικής ευθύνης αεροσκαφών,Aircraft liability insurance services
66516300-3,66516000-0,5,Ασφάλεια αστικής ευθύνης πλοίων,Vessel liability insurance services
66516400-4,66516000-0,5,Γενική ασφάλεια αστικής ευθύνης,General liability insurance services
66516500-5,66516000-0,5,Υπηρεσίες ασφάλισης επαγγελματικής ευθύνης,Professional liability insurance services
66517000-7,66510000-8,4,Υπηρεσίες ασφάλισης πιστώσεων και εγγυήσεων,Credit and surety insurance services
66517100-8,66517000-7,5,Υπηρεσίες ασφάλισης πιστώσεων,Credit insurance services
66517200-9,66517000-7,5,Υπηρεσίες ασφάλισης εγγυήσεων,Surety insurance services
66517300-0,66517000-7,5,Υπηρεσίες ασφάλισης έναντι κινδύνων διαχείρισης,Risk management insurance services
66518000-4,66510000-8,4,Υπηρεσίες χρηματομεσιτείας και πρακτορεύσεων στον τομέα των ασφαλειών,Insurance brokerage and agency services
66518100-5,66518000-4,5,Υπηρεσίες ασφαλιστικών πρακτόρων,Insurance brokerage services
66518200-6,66518000-4,5,Υπηρεσίες ασφαλιστικών γραφείων,Insurance agency services
66518300-7,66518000-4,5,Υπηρεσίες διακανονισμού ασφαλιστικών αποζημιώσεων,Insurance claims adjustment services
66519000-1,66510000-8,4,"Υπηρεσίες ασφάλισης τεχνικών εγκαταστάσεων, επικουρικές ασφαλιστικές υπηρεσίες, υπηρεσίες ασφάλισης αβαριών, υπηρεσίες ασφάλισης έναντι ζημιών, υπηρεσίες εμπειρογνωμόνων ασφαλίσεων και υπηρεσίες ασφάλισης διάσωσης","Engineering, auxiliary, average, loss, actuarial and salvage insurance services"
66519100-2,66519000-1,5,Υπηρεσίες ασφάλισης εγκαταστάσεων παραγωγής πετρελαίου ή φυσικού αερίου,Oil or gas platforms insurance services
66519200-3,66519000-1,5,Υπηρεσίες ασφάλισης των τεχνικών εγκαταστάσεων,Engineering insurance services
66519300-4,66519000-1,5,Επικουρικές ασφαλιστικές υπηρεσίες,Auxiliary insurance services
66519310-7,66519300-4,6,Υπηρεσίες παροχής συμβουλών σε θέματα ασφάλισης,Insurance consultancy services
66519400-5,66519000-1,5,Υπηρεσίες διακανονισμού αβαριών,Average adjustment services
66519500-6,66519000-1,5,Υπηρεσίες διακανονισμού των ζημιών,Loss adjustment services
66519600-7,66519000-1,5,Υπηρεσίες εμπειρογνωμόνων ασφαλίσεων,Actuarial services
66519700-8,66519000-1,5,Υπηρεσίες διαχείρισης των δικαιωμάτων διάσωσης,Salvage administration services
66520000-1,66500000-5,3,Συνταξιοδοτικές υπηρεσίες,Pension services
66521000-8,66520000-1,4,Ατομικές συνταξιοδοτικές υπηρεσίες,Individual pension services
66522000-5,66520000-1,4,Ομαδικές συνταξιοδοτικές υπηρεσίες,Group pension services
66523000-2,66520000-1,4,Υπηρεσίες παροχής συμβουλών σε θέματα συνταξιοδοτικών ταμείων,Pension fund consultancy services
66523100-3,66523000-2,5,Υπηρεσίες διαχείρισης των συνταξιοδοτικών ταμείων,Pension fund administration services
66600000-6,66000000-0,2,Υπηρεσίες διαχείρισης κεφαλαίων,Treasury services
66700000-7,66000000-0,2,Υπηρεσίες αντασφάλισης,Reinsurance services
66710000-0,66700000-7,3,Υπηρεσίες αντασφάλισης ζωής,Life reinsurance services
66720000-3,66700000-7,3,Υπηρεσίες αντασφάλισης ατυχήματος και υγείας,Accident and health reinsurance services
70000000-1,,1,Υπηρεσίες που αφορούν τα ακίνητα,Real estate services
70100000-2,70000000-1,2,Υπηρεσίες που αφορούν ιδιόκτητα ακινήτα,Real estate services with own property
70110000-5,70100000-2,3,Υπηρεσίες ανάπτυξης ακινήτων,Development services of real estate
70111000-2,70110000-5,4,Ανάπτυξη ακινήτων για κατοικίες,Development of residential real estate
70112000-9,70110000-5,4,Ανάπτυξη ακινήτων που δεν προορίζονται για κατοικίες,Development of non-residential real estate
70120000-8,70100000-2,3,Αγοραπωλησία ακινήτων,Buying and selling of real estate
70121000-5,70120000-8,4,Αγοραπωλησία κτιρίων,Building sale or purchase services
70121100-6,70121000-5,5,Υπηρεσίες πώλησης κτιρίων,Building sale services
70121200-7,70121000-5,5,Υπηρεσίες αγοράς κτιρίων,Building purchase services
70122000-2,70120000-8,4,Αγοραπωλησία οικοπέδων,Land sale or purchase services
70122100-3,70122000-2,5,Υπηρεσίες πώλησης οικοπέδων,Land sale services
70122110-6,70122100-3,6,Υπηρεσίες πώλησης ελεύθερων οικοπέδων,Vacant-land sale services
70122200-4,70122000-2,5,Υπηρεσίες αγοράς οικοπέδων,Land purchase services
70122210-7,70122200-4,6,Υπηρεσίες αγοράς ελεύθερων οικοπέδων,Vacant-land purchase services
70123000-9,70120000-8,4,Πώληση ακινήτων,Sale of real estate
70123100-0,70123000-9,5,Πώληση ακινήτων για κατοικίες,Sale of residential real estate
70123200-1,70123000-9,5,Πώληση ακινήτων που δεν προορίζονται για κατοικίες,Sale of non-residential estate
70130000-1,70100000-2,3,Υπηρεσίες ενοικίασης ιδιόκτητων ακινήτων,Letting services of own property
70200000-3,70000000-1,2,Υπηρεσίες ενοικίασης ή χρηματοδοτικής μίσθωσης ιδιόκτητων ακινήτων,Renting or leasing services of own property
70210000-6,70200000-3,3,Υπηρεσίες ενοικίασης ή χρηματοδοτικής μίσθωσης ιδιόκτητων ακινήτων που προορίζονται για κατοίκηση,Residential property renting or leasing services
70220000-9,70200000-3,3,Υπηρεσίες ενοικίασης ή χρηματοδοτικής μίσθωσης ιδιόκτητων ακινήτων που δεν προορίζονται για κατοίκηση,Non-residential property renting or leasing services
70300000-4,70000000-1,2,Διάφορες υπηρεσίες μεσιτικού γραφείου ακινήτων έναντι αμοιβής ή βάσει σύμβασης,Real estate agency services on a fee or contract basis
70310000-7,70300000-4,3,Υπηρεσίες ενοικίασης ή πώλησης κτιρίων,Building rental or sale services
70311000-4,70310000-7,4,Υπηρεσίες ενοικίασης ή πώλησης κτιρίου προοριζόμενου για κατοικίες,Residential building rental or sale services
70320000-0,70300000-4,3,Υπηρεσίες ενοικίασης ή πώλησης έγγειας ιδιοκτησίας,Land rental or sale services
70321000-7,70320000-0,4,Υπηρεσίες ενοικίασης έγγειας ιδιοκτησίας,Land rental services
70322000-4,70320000-0,4,Υπηρεσίες ενοικίασης ή πώλησης ελεύθερων οικοπέδων,Vacant-land rental or sale services
70330000-3,70300000-4,3,Υπηρεσίες διαχείρισης ακινήτων έναντι αμοιβής ή βάσει σύμβασης,Property management services of real estate on a fee or contract basis
70331000-0,70330000-3,4,Υπηρεσίες σχετιζόμενες με ακίνητα που προορίζονται για κατοικία,Residential property services
70331100-1,70331000-0,5,Υπηρεσίες διαχείρισης ιδρυμάτων,Institution management services
70332000-7,70330000-3,4,Υπηρεσίες σχετιζόμενες με ακίνητα που δεν προορίζονται για κατοικία,Non-residential property services
70332100-8,70332000-7,5,Υπηρεσίες διαχείρισης έγγειας ιδιοκτησίας,Land management services
70332200-9,70332000-7,5,Υπηρεσίες διαχείρισης εμπορικών ιδιοκτησιών,Commercial property management services
70332300-0,70332000-7,5,Υπηρεσίες σχετιζόμενες με τη βιομηχανική ιδιοκτησία,Industrial property services
70333000-4,70330000-3,4,Υπηρεσίες σχετιζόμενες με τις κατοικίες,Housing services
70340000-6,70300000-4,3,Υπηρεσίες χρονομεριστικής μίσθωσης,Time-sharing services
71000000-8,,1,"Υπηρεσίες αρχιτεκτονικής, κατασκευαστικών έργων, έργων πολιτικού μηχανικού και επίβλεψης","Architectural, construction, engineering and inspection services"
71200000-0,71000000-8,2,Αρχιτεκτονικές και συναφείς υπηρεσίες,Architectural and related services
71210000-3,71200000-0,3,Υπηρεσίες παροχής αρχιτεκτονικών συμβουλών,Advisory architectural services
71220000-6,71200000-0,3,Υπηρεσίες αρχιτεκτονικού σχεδιασμού,Architectural design services
71221000-3,71220000-6,4,Αρχιτεκτονικές υπηρεσίες για κτίρια,Architectural services for buildings
71222000-0,71220000-6,4,Αρχιτεκτονικές υπηρεσίες για εξωτερικούς χώρους,Architectural services for outdoor areas
71222100-1,71222000-0,5,Υπηρεσίες χαρτογράφησης αστικών περιοχών,Urban areas mapping services
71222200-2,71222000-0,5,Υπηρεσίες χαρτογράφησης αγροτικών περιοχών,Rural areas mapping services
71223000-7,71220000-6,4,Αρχιτεκτονικές υπηρεσίες για επεκτάσεις κτιρίων,Architectural services for building extensions
71230000-9,71200000-0,3,Υπηρεσίες οργάνωσης διαγωνισμών αρχιτεκτονικής μελέτης,Organisation of architectural design contests
71240000-2,71200000-0,3,"Υπηρεσίες αρχιτέκτονα, μηχανικού και τεχνικού γραφείου","Architectural, engineering and planning services"
71241000-9,71240000-2,4,"Μελέτες σκοπιμότητας, υπηρεσίες παροχής συμβουλών, υπηρεσίες αναλύσεων","Feasibility study, advisory service, analysis"
71242000-6,71240000-2,4,"Προετοιμασία έργων και σχεδίων, εκτίμηση δαπανών","Project and design preparation, estimation of costs"
71243000-3,71240000-2,4,Προσχέδια (συστήματα και ολοκλήρωση),Draft plans (systems and integration)
71244000-0,71240000-2,4,"Υπολογισμός δαπανών, παρακολούθηση δαπανών","Calculation of costs, monitoring of costs"
71245000-7,71240000-2,4,"Σχέδια έγκρισης, σχέδια εργασίας και προδιαγραφές","Approval plans, working drawings and specifications"
71246000-4,71240000-2,4,Προσδιορισμός και καταλογογράφηση ποσοτήτων για κατασκευαστικά έργα,Determining and listing of quantities in construction
71247000-1,71240000-2,4,Επίβλεψη οικοδομικών εργασιών,Supervision of building work
71248000-8,71240000-2,4,Επίβλεψη έργων και τεκμηρίωση,Supervision of project and documentation
71250000-5,71200000-0,3,"Υπηρεσίες αρχιτέκτονα, μηχανικού και υπεύθυνου έργου","Architectural, engineering and surveying services"
71251000-2,71250000-5,4,Αρχιτεκτονικές υπηρεσίες και υπηρεσίες επίβλεψης κτιρίων,Architectural and building-surveying services
71300000-1,71000000-8,2,Υπηρεσίες μηχανικού,Engineering services
71310000-4,71300000-1,3,Υπηρεσίες παροχής συμβουλών σε θέματα μηχανικής και κατασκευών,Consultative engineering and construction services
71311000-1,71310000-4,4,Υπηρεσίες παροχής συμβουλών για εργασίες πολιτικού μηχανικού,Civil engineering consultancy services
71311100-2,71311000-1,5,Υπηρεσίες υποστήριξης για έργα πολιτικού μηχανικού,Civil engineering support services
71311200-3,71311000-1,5,Υπηρεσίες παροχής συμβουλών για μεταφορικά συστήματα,Transport systems consultancy services
71311210-6,71311200-3,6,Υπηρεσίες παροχής συμβουλών σε θέματα αυτοκινητοδρόμων,Highways consultancy services
71311220-9,71311200-3,6,Υπηρεσίες μηχανικού σχετιζόμενες με την κατασκευή αυτοκινητοδρόμων,Highways engineering services
71311230-2,71311200-3,6,Υπηρεσίες μηχανικού σχετιζόμενες με την κατασκευή σιδηροδρόμων,Railway engineering services
71311240-5,71311200-3,6,Υπηρεσίες μηχανικού σχετιζόμενες με την κατασκευή αερολιμένων,Airport engineering services
71311300-4,71311000-1,5,Υπηρεσίες παροχής συμβουλών για υποδομή,Infrastructure works consultancy services
71312000-8,71310000-4,4,Υπηρεσίες παροχής συμβουλών σε κατασκευαστικά θέματα μεγάλων τεχνικών έργων,Structural engineering consultancy services
71313000-5,71310000-4,4,Υπηρεσίες παροχής συμβουλών για θέματα περιβαλλοντικής μηχανικής,Environmental engineering consultancy services
71313100-6,71313000-5,5,Υπηρεσίες παροχής συμβουλών στον τομέα της ηχορύπανσης,Noise-control consultancy services
71313200-7,71313000-5,5,Υπηρεσίες παροχής συμβουλών στον τομέα της ηχομόνωσης και ακουστικής αιθουσών,Sound insulation and room acoustics consultancy services
71313400-9,71313000-5,5,Εκτίμηση περιβαλλοντικών επιπτώσεων για κατασκευαστικά έργα,Environmental impact assessment for construction
71313410-2,71313400-9,6,Εκτίμηση επικινδυνότητας ή κινδύνου για κατασκευαστικά έργα,Risk or hazard assessment for construction
71313420-5,71313400-9,6,Περιβαλλοντικά πρότυπα για κατασκευαστικά έργα,Environmental standards for construction
71313430-8,71313400-9,6,Ανάλυση περιβαλλοντικών δεικτών για κατασκευαστικά έργα,Environmental indicators analysis for construction
71313440-1,71313400-9,6,Υπηρεσίες εκτίμησης περιβαλλοντικών επιπτώσεων (ΕΠΕ) για κατασκευαστικά έργα,Environmental Impact Assessment (EIA) services for construction
71313450-4,71313400-9,6,Περιβαλλοντική παρακολούθηση για κατασκευαστικά έργα,Environmental monitoring for construction
71314000-2,71310000-4,4,Υπηρεσίες σχετιζόμενες με την ενέργεια και συναφείς υπηρεσίες,Energy and related services
71314100-3,71314000-2,5,Ηλεκτρολογικές υπηρεσίες,Electrical services
71314200-4,71314000-2,5,Υπηρεσίες διαχείρισης της ενέργειας,Energy-management services
71314300-5,71314000-2,5,Υπηρεσίες παροχής συμβουλών σχετικά με την ενεργειακή απόδοση,Energy-efficiency consultancy services
71314310-8,71314300-5,6,Υπηρεσίες θερμικής φυσικής των κτιρίων,Heating engineering services for buildings
71315000-9,71310000-4,4,Υπηρεσίες σχετιζόμενες με τις τεχνικές εγκαταστάσεις κτιρίων,Building services
71315100-0,71315000-9,5,Υπηρεσίες παροχής συμβουλών για τα οικοδομικά στοιχεία των κτιρίων,Building-fabric consultancy services
71315200-1,71315000-9,5,Υπηρεσίες παροχής συμβουλών για θέματα που αφορούν κατασκευές,Building consultancy services
71315210-4,71315200-1,6,Υπηρεσίες παροχής συμβουλών σχετικά με τις οικοδομικές εγκαταστάσεις,Building services consultancy services
71315300-2,71315000-9,5,Υπηρεσίες επίβλεψης κτιρίων,Building surveying services
71315400-3,71315000-9,5,Υπηρεσίες επιθεώρησης κτιρίων,Building-inspection services
71315410-6,71315400-3,6,Επιθεώρηση συστημάτων αερισμού,Inspection of ventilation system
71316000-6,71310000-4,4,Υπηρεσίες παροχής συμβουλών σε θέματα τηλεπικοινωνιών,Telecommunication consultancy services
71317000-3,71310000-4,4,Υπηρεσίες παροχής συμβουλών σχετιζόμενες με τον έλεγχο και την προστασία από κινδύνους,Hazard protection and control consultancy services
71317100-4,71317000-3,5,Υπηρεσίες παροχής συμβουλών σχετικά με την προστασία και τον έλεγχο πυρκαγιάς και εκρήξεων,Fire and explosion protection and control consultancy services
71317200-5,71317000-3,5,Υπηρεσίες υγείας και ασφάλειας,Health and safety services
71317210-8,71317200-5,6,Υπηρεσίες παροχής συμβουλών σε θέματα υγείας και ασφάλειας,Health and safety consultancy services
71318000-0,71310000-4,4,Υπηρεσίες παροχής συμβουλών και γνωμοδότησης σε θέματα μηχανικού,Advisory and consultative engineering services
71318100-1,71318000-0,5,Υπηρεσίες μηχανικής τεχνητού και φυσικού φωτισμού κτιρίων,Artificial and natural lighting engineering services for buildings
71319000-7,71310000-4,4,Υπηρεσίες πραγματογνωμόνων,Expert witness services
71320000-7,71300000-1,3,Υπηρεσίες εκπόνησης τεχνικών μελετών,Engineering design services
71321000-4,71320000-7,4,Υπηρεσίες εκπόνησης τεχνικών μελετών για μηχανολογικές και ηλεκτρολογικές εγκαταστάσεις κτιρίων,Engineering design services for mechanical and electrical installations for buildings
71321100-5,71321000-4,5,Υπηρεσίες οικονομικής εκτίμησης κατασκευών,Construction economics services
71321200-6,71321000-4,5,Υπηρεσίες σχεδιασμού συστημάτων θέρμανσης,Heating-system design services
71321300-7,71321000-4,5,Υπηρεσίες παροχής συμβουλών σε θέματα υδραυλικής,Plumbing consultancy services
71321400-8,71321000-4,5,Υπηρεσίες παροχής συμβουλών σε θέματα αερισμού,Ventilation consultancy services
71322000-1,71320000-7,4,Υπηρεσίες εκπόνησης τεχνικών μελετών για την κατασκευή έργων πολιτικού μηχανικού,Engineering design services for the construction of civil engineering works
71322100-2,71322000-1,5,Υπηρεσίες ποσοτικής αξιολόγησης για έργα πολιτικού μηχανικού,Quantity surveying services for civil engineering works
71322200-3,71322000-1,5,Υπηρεσίες σχεδιασμού αγωγών,Pipeline-design services
71322300-4,71322000-1,5,Υπηρεσίες σχεδιασμού γεφυρών,Bridge-design services
71322400-5,71322000-1,5,Υπηρεσίες σχεδιασμού φραγμάτων,Dam-design services
71322500-6,71322000-1,5,Υπηρεσίες τεχνικού σχεδιασμού οδών,Engineering-design services for traffic installations
71323000-8,71320000-7,4,Υπηρεσίες εκπόνησης τεχνικών μελετών για βιομηχανικές διαδικασίες και βιομηχανική παραγωγή,Engineering-design services for industrial process and production
71323100-9,71323000-8,5,Υπηρεσίες σχεδιασμού συστημάτων ηλεκτρικής ενέργειας,Electrical power systems design services
71323200-0,71323000-8,5,Υπηρεσίες σχεδιασμού τεχνικών εγκαταστάσεων,Plant engineering design services
71324000-5,71320000-7,4,Υπηρεσίες ποσοτικού ελέγχου,Quantity surveying services
71325000-2,71320000-7,4,Υπηρεσίες σχεδιασμού θεμελιώσεων,Foundation-design services
71326000-9,71320000-7,4,Βοηθητικές υπηρεσίες κτιρίων,Ancillary building services
71327000-6,71320000-7,4,Υπηρεσίες σχεδιασμού φερουσών δομών,Load-bearing structure design services
71328000-3,71320000-7,4,Υπηρεσίες επαλήθευσης του σχεδιασμού φερουσών δομών,Verification of load-bearing structure design services
71330000-0,71300000-1,3,Διάφορες υπηρεσίες μηχανικού,Miscellaneous engineering services
71331000-7,71330000-0,4,Τεχνικές υπηρεσίες σε θέματα ιλύος γεωτρήσεων,Drilling-mud engineering services
71332000-4,71330000-0,4,Μηχανολογικές υπηρεσίες γεωτεχνικού σχεδιασμού,Geotechnical engineering services
71333000-1,71330000-0,4,Μηχανολογικές υπηρεσίες,Mechanical engineering services
71334000-8,71330000-0,4,Μηχανολογικές και ηλεκτρολογικές υπηρεσίες,Mechanical and electrical engineering services
71335000-5,71330000-0,4,Τεχνικές μελέτες,Engineering studies
71336000-2,71330000-0,4,Μηχανολογικές υπηρεσίες υποστήριξης,Engineering support services
71337000-9,71330000-0,4,Τεχνικές υπηρεσίες σε θέματα διάβρωσης,Corrosion engineering services
71340000-3,71300000-1,3,Ολοκληρωμένες τεχνικές υπηρεσίες μηχανικού,Integrated engineering services
71350000-6,71300000-1,3,Επιστημονικές και τεχνικές υπηρεσίες που αφορούν τεχνικά έργα,Engineering-related scientific and technical services
71351000-3,71350000-6,4,"Γεωλογικές, γεωφυσικές και άλλες επιστημονικές υπηρεσίες ερευνών","Geological, geophysical and other scientific prospecting services"
71351100-4,71351000-3,5,Προπαρασκευαστικές και αναλυτικές υπηρεσίες καρότου γεωτρήσεων,Core preparation and analysis services
71351200-5,71351000-3,5,Παροχή υπηρεσιών συμβούλου σε θέματα γεωλογίας και γεωφυσικής,Geological and geophysical consultancy services
71351210-8,71351200-5,6,Υπηρεσίες παροχής γεωφυσικών συμβουλών,Geophysical consultancy services
71351220-1,71351200-5,6,Παροχή υπηρεσιών συμβούλου σε θέματα γεωλογίας,Geological consultancy services
71351300-6,71351000-3,5,Υπηρεσίες μικροπαλαιοντολογικής ανάλυσης,Micropalaeontological analysis services
71351400-7,71351000-3,5,Υπηρεσίες πετροφυσικών ερευνών,Petrophysical interpretation services
71351500-8,71351000-3,5,Υπηρεσίες εδαφολογικών ερευνών,Ground investigation services
71351600-9,71351000-3,5,Υπηρεσίες πρόβλεψης καιρού,Weather-forecasting services
71351610-2,71351600-9,6,Μετεωρολογικές υπηρεσίες,Meteorology services
71351611-9,71351610-2,7,Υπηρεσίες σε θέματα κλιματολογίας,Climatology services
71351612-6,71351610-2,7,Υπηρεσίες υδρομετεωρολογίας,Hydrometeorology services
71351700-0,71351000-3,5,Υπηρεσίες επιστημονικών ερευνών,Scientific prospecting services
71351710-3,71351700-0,6,Υπηρεσίες γεωφυσικών ερευνών,Geophysical prospecting services
71351720-6,71351700-0,6,Γεωφυσικές μελέτες αρχαιολογικών χώρων,Geophysical surveys of archaeological sites
71351730-9,71351700-0,6,Γεωλογικές υπηρεσίες ανίχνευσης πιθανών κοιτασμάτων,Geological prospecting services
71351800-1,71351000-3,5,Τοπογραφικές υπηρεσίες και υπηρεσίες ανίχνευσης υπόγειων υδάτων,Topographical and water divining services
71351810-4,71351800-1,6,Τοπογραφικές υπηρεσίες,Topographical services
71351811-1,71351810-4,7,Τοπογραφικές μελέτες αρχαιολογικών χώρων,Topographical surveys of archaeological sites
71351820-7,71351800-1,6,Υπηρεσίες ανίχνευσης υπόγειων υδάτων,Water divining services
71351900-2,71351000-3,5,"Υπηρεσίες γεωλογίας, ωκεανογραφίας και υδρολογίας","Geology, oceanography and hydrology services"
71351910-5,71351900-2,6,Υπηρεσίες γεωλογίας,Geology services
71351911-2,71351910-5,7,Υπηρεσίες φωτογεωλογίας,Photogeology services
71351912-9,71351910-5,7,Υπηρεσίες στρωματογραφικής γεωλογίας,Stratigraphic geology services
71351913-6,71351910-5,7,Υπηρεσίες γεωλογικής διασκόπησης,Geological exploration services
71351914-3,71351910-5,7,Αρχαιολογικές υπηρεσίες,Archaeological services
71351920-2,71351900-2,6,Υπηρεσίες ωκεανογραφίας και υδρολογίας,Oceanography and hydrology services
71351921-2,71351920-2,7,Υπηρεσίες ωκεανογραφίας ποταμοκόλπων,Estuarine oceanography services
71351922-2,71351920-2,7,Υπηρεσίες φυσικής ωκεανογραφίας,Physical oceanography services
71351923-2,71351920-2,7,Υπηρεσίες βαθυμετρικής αποτύπωσης,Bathymetric surveys services
71351924-2,71351920-2,7,Υπηρεσίες υποβρύχιας διασκόπησης,Underwater exploration services
71352000-0,71350000-6,4,Υπηρεσίες αποτύπωσης υπεδάφους,Subsurface surveying services
71352100-1,71352000-0,5,Σεισμολογικές υπηρεσίες,Seismic services
71352110-4,71352100-1,6,Υπηρεσίες σεισμογραφικής αποτύπωσης,Seismographic surveying services
71352120-7,71352100-1,6,Υπηρεσίες απόκτησης σεισμολογικών δεδομένων,Seismic data acquisition services
71352130-0,71352100-1,6,Υπηρεσίες συλλογής σεισμολογικών δεδομένων,Seismic data collection services
71352140-3,71352100-1,6,Υπηρεσίες επεξεργασίας σεισμικών δεδομένων,Seismic processing services
71352300-3,71352000-0,5,Υπηρεσίες μαγνητομετρικής αξιολόγησης,Magnetometric surveying services
71353000-7,71350000-6,4,Υπηρεσίες χωρομέτρησης,Surface surveying services
71353100-8,71353000-7,5,Υπηρεσίες υδρογραφικής αποτύπωσης,Hydrographic surveying services
71353200-9,71353000-7,5,Υπηρεσίες διαστασιολογικής αποτύπωσης,Dimensional surveying services
71354000-4,71350000-6,4,Υπηρεσίες χαρτογράφησης,Map-making services
71354100-5,71354000-4,5,Υπηρεσίες ψηφιακής χαρτογράφησης,Digital mapping services
71354200-6,71354000-4,5,Υπηρεσίες εναέριας χαρτογράφησης,Aerial mapping services
71354300-7,71354000-4,5,Υπηρεσίες κτηματολογικής έρευνας,Cadastral surveying services
71354400-8,71354000-4,5,Υδρογραφικές υπηρεσίες,Hydrographic services
71354500-9,71354000-4,5,Υπηρεσίες θαλάσσιων μελετών,Marine survey services
71355000-1,71350000-6,4,Υπηρεσίες χωροστάθμισης,Surveying services
71355100-2,71355000-1,5,Φωτογραμμομετρικές υπηρεσίες,Photogrammetry services
71355200-3,71355000-1,5,Υπηρεσίες αποτύπωσης επιτελικού χάρτη,Ordnance surveying
71356000-8,71350000-6,4,Τεχνικές υπηρεσίες,Technical services
71356100-9,71356000-8,5,Υπηρεσίες τεχνικού ελέγχου,Technical control services
71356200-0,71356000-8,5,Υπηρεσίες τεχνικής βοήθειας,Technical assistance services
71356300-1,71356000-8,5,Υπηρεσίες τεχνικής υποστήριξης,Technical support services
71356400-2,71356000-8,5,Υπηρεσίες τεχνικού σχεδιασμού,Technical planning services
71400000-2,71000000-8,2,Υπηρεσίες πολεοδομικού σχεδιασμού και αρχιτεκτονικής τοπίου,Urban planning and landscape architectural services
71410000-5,71400000-2,3,Υπηρεσίες πολεοδομικού σχεδιασμού,Urban planning services
71420000-8,71400000-2,3,Υπηρεσίες αρχιτεκτονικής τοπίου,Landscape architectural services
71421000-5,71420000-8,4,Υπηρεσίες αρχιτεκτονικής κήπου,Landscape gardening services
71500000-3,71000000-8,2,Κατασκευαστικές και συναφείς υπηρεσίες,Construction-related services
71510000-6,71500000-3,3,Υπηρεσίες διεξαγωγής ερευνών χώρων,Site-investigation services
71520000-9,71500000-3,3,Υπηρεσίες επίβλεψης κατασκευών,Construction supervision services
71521000-6,71520000-9,4,Υπηρεσίες επίβλεψης χώρου κατασκευών,Construction-site supervision services
71530000-2,71500000-3,3,Υπηρεσίες παροχής συμβουλών σε θέματα κατασκευών,Construction consultancy services
71540000-5,71500000-3,3,Υπηρεσίες διαχείρισης κατασκευών,Construction management services
71541000-2,71540000-5,4,Υπηρεσίες διαχείρισης κατασκευαστικών έργων,Construction project management services
71550000-8,71500000-3,3,Υπηρεσίες σιδηρουργού,Blacksmith services
71600000-4,71000000-8,2,"Υπηρεσίες τεχνικών δοκιμών, ανάλυσης και παροχής συμβουλών","Technical testing, analysis and consultancy services"
71610000-7,71600000-4,3,Υπηρεσίες δοκιμών και αναλύσεων σύνθεσης και καθαρότητας,Composition and purity testing and analysis services
71620000-0,71600000-4,3,Υπηρεσίες αναλύσεων,Analysis services
71621000-7,71620000-0,4,Υπηρεσίες τεχνικής ανάλυσης ή παροχής συμβουλών,Technical analysis or consultancy services
71630000-3,71600000-4,3,Υπηρεσίες τεχνικού ελέγχου και δοκιμών,Technical inspection and testing services
71631000-0,71630000-3,4,Υπηρεσίες τεχνικής επιθεώρησης,Technical inspection services
71631100-1,71631000-0,5,Υπηρεσίες επιθεώρησης μηχανημάτων,Machinery-inspection services
71631200-2,71631000-0,5,Υπηρεσίες τεχνικού ελέγχου αυτοκινήτων,Technical automobile inspection services
71631300-3,71631000-0,5,Υπηρεσίες τεχνικής επιθεώρησης κτιρίων,Technical building-inspection services
71631400-4,71631000-0,5,Υπηρεσίες τεχνικής επιθεώρησης τεχνικών έργων,Technical inspection services of engineering structures
71631420-0,71631400-4,6,Υπηρεσίες εποπτείας ναυτασφάλισης,Maritime safety inspection services
71631430-3,71631400-4,6,Υπηρεσίες ελέγχου διαρροής,Leak-testing services
71631440-6,71631400-4,6,Υπηρεσίες ελέγχου ροής,Flow-monitoring services
71631450-9,71631400-4,6,Υπηρεσίες επιθεώρησης γεφυρών,Bridge-inspection services
71631460-2,71631400-4,6,Υπηρεσίες επιθεώρησης φραγμάτων,Dam-inspection services
71631470-5,71631400-4,6,Υπηρεσίες επιθεώρησης τροχιοδρόμων,Railway-track inspection services
71631480-8,71631400-4,6,Υπηρεσίες επιθεώρησης οδών,Road-inspection services
71631490-1,71631400-4,6,Υπηρεσίες επιθεώρησης αεροδιαδρόμων,Runway-inspection services
71632000-7,71630000-3,4,Υπηρεσίες τεχνικών δοκιμών,Technical testing services
71632100-8,71632000-7,5,Υπηρεσίες δοκιμών βαλβίδων,Valve-testing services
71632200-9,71632000-7,5,Υπηρεσίες μη καταστρεπτικών δοκιμών,Non-destructive testing services
71700000-5,71000000-8,2,Υπηρεσίες παρακολούθησης και ελέγχου,Monitoring and control services
71730000-4,71700000-5,3,Υπηρεσίες βιομηχανικής επιθεώρησης,Industrial inspection services
71731000-1,71730000-4,4,Υπηρεσίες βιομηχανικού ελέγχου ποιότητας,Industrial quality control services
71800000-6,71000000-8,2,Υπηρεσίες παροχής συμβουλών σε θέματα υδροδότησης και αποβλήτων,Consulting services for water-supply and waste consultancy
71900000-7,71000000-8,2,Εργαστηριακές υπηρεσίες,Laboratory services
72000000-5,,1,"Υπηρεσίες τεχνολογίας των πληροφοριών: παροχή συμβουλών, ανάπτυξη λογισμικού, Διαδίκτυο και υποστήριξη","IT services: consulting, software development, Internet and support"
72100000-6,72000000-5,2,Υπηρεσίες παροχής συμβουλών για θέματα εξοπλισμού πληροφορικής,Hardware consultancy services
72110000-9,72100000-6,3,Υπηρεσίες παροχής συμβουλών σε θέματα επιλογής υλικού πληροφορικής,Hardware selection consultancy services
72120000-2,72100000-6,3,Υπηρεσίες παροχής συμβουλών σε θέματα αποκατάστασης βλαβών υλικού πληροφορικής,Hardware disaster-recovery consultancy services
72130000-5,72100000-6,3,Υπηρεσίες παροχής συμβουλών σε θέματα οργάνωσης σταθμών εργασίας Η/Υ,Computer-site planning consultancy services
72140000-8,72100000-6,3,Υπηρεσίες παροχής συμβουλών για δοκιμές αποδοχής υλικού πληροφορικής,Computer hardware acceptance testing consultancy services
72150000-1,72100000-6,3,Υπηρεσίες παροχής συμβουλών σε θέματα ελέγχου με υπολογιστές και σε θέματα υλικού πληροφορικής,Computer audit consultancy and hardware consultancy services
72200000-7,72000000-5,2,Υπηρεσίες προγραμματισμού λογισμικού και παροχής συμβουλών,Software programming and consultancy services
72210000-0,72200000-7,3,Υπηρεσίες προγραμματισμού πακέτων λογισμικού,Programming services of packaged software products
72211000-7,72210000-0,4,Υπηρεσίες προγραμματισμού λογισμικών συστήματος και χρήστη,Programming services of systems and user software
72212000-4,72210000-0,4,Υπηρεσίες προγραμματισμού λογισμικού εφαρμογών,Programming services of application software
72212100-0,72212000-4,5,Υπηρεσίες ανάπτυξης λογισμικού για συγκεκριμένους κλάδους,Industry specific software development services
72212110-3,72212100-0,6,Υπηρεσίες ανάπτυξης λογισμικού για σημεία πώλησης (POS),Point of sale (POS) software development services
72212120-6,72212100-0,6,Υπηρεσίες ανάπτυξης λογισμικού για έλεγχο πτήσης,Flight control software development services
72212121-3,72212120-6,7,Υπηρεσίες ανάπτυξης λογισμικού για έλεγχο εναέριας κυκλοφορίας,Air traffic control software development services
72212130-9,72212100-0,6,Υπηρεσίες ανάπτυξης λογισμικού για υποστήριξη εδάφους και δοκιμές αεροπλοΐας,Aviation ground support and test software development services
72212131-6,72212130-9,7,Υπηρεσίες ανάπτυξης λογισμικού για υποστήριξη εδάφους αεροπλοΐας,Aviation ground support software development services
72212132-3,72212130-9,7,Υπηρεσίες ανάπτυξης λογισμικού για δοκιμές αεροπλοΐας,Aviation test software development services
72212140-2,72212100-0,6,Υπηρεσίες ανάπτυξης λογισμικού για έλεγχο σιδηροδρομικής κυκλοφορίας,Railway traffic control software development services
72212150-5,72212100-0,6,Υπηρεσίες ανάπτυξης λογισμικού για βιομηχανικό έλεγχο,Industrial control software development services
72212160-8,72212100-0,6,Υπηρεσίες ανάπτυξης λογισμικού βιβλιοθηκών,Library software development services
72212170-1,72212100-0,6,Υπηρεσίες ανάπτυξης λογισμικού συμμόρφωσης,Compliance software development services
72212180-4,72212100-0,6,Υπηρεσίες ανάπτυξης ιατρικού λογισμικού,Medical software development services
72212190-7,72212100-0,6,Υπηρεσίες ανάπτυξης εκπαιδευτικού λογισμικού,Educational software development services
72212200-1,72212000-4,5,"Υπηρεσίες ανάπτυξης λογισμικού δικτύωσης, Διαδικτύου και ενδοδικτύων (ιντρανέτ)","Networking, Internet and intranet software development services"
72212210-4,72212200-1,6,Υπηρεσίες ανάπτυξης λογισμικού δικτύωσης,Networking software development services
72212211-1,72212210-4,7,Υπηρεσίες ανάπτυξης λογισμικού για διασυνδεσιμότητα πλατφορμών,Platform interconnectivity software development services
72212212-8,72212210-4,7,Υπηρεσίες ανάπτυξης λογισμικού για εξυπηρετητές jukebox οπτικών δίσκων,Optical jukebox server software development services
72212213-5,72212210-4,7,Υπηρεσίες ανάπτυξης λογισμικού βελτίωσης λειτουργικών συστημάτων,Operating system enhancement software development services
72212214-2,72212210-4,7,Υπηρεσίες ανάπτυξης λογισμικού δικτυακών λειτουργικών συστημάτων,Network operating system software development services
72212215-9,72212210-4,7,Υπηρεσίες ανάπτυξης λογισμικού ανάπτυξης δικτύων,Networking developers software development services
72212216-6,72212210-4,7,Υπηρεσίες ανάπτυξης λογισμικού για εξομοίωση τερματικών συνδεσιμότητας δικτύων,Network connectivity terminal emulation software development services
72212217-3,72212210-4,7,Υπηρεσίες ανάπτυξης λογισμικού επεξεργασίας συναλλαγών,Transaction-processing software development services
72212218-0,72212210-4,7,Υπηρεσίες ανάπτυξης λογισμικού διαχείρισης αδειών,License management software development services
72212219-7,72212210-4,7,Διάφορες υπηρεσίες ανάπτυξης λογισμικού δικτύωσης,Miscellaneous networking software development services
72212220-7,72212200-1,6,Υπηρεσίες ανάπτυξης λογισμικού Διαδικτύου και ενδοδικτύου (ιντρανέτ),Internet and intranet software development services
72212221-4,72212220-7,7,Υπηρεσίες ανάπτυξης λογισμικού φυλλομέτρησης στο Διαδίκτυο,Internet browsing software development services
72212222-1,72212220-7,7,Υπηρεσίες ανάπτυξης λογισμικού εξυπηρετητή Ιστού,Web server software development services
72212223-8,72212220-7,7,Υπηρεσίες ανάπτυξης λογισμικού ηλεκτρονικής αλληλογραφίας,Electronic mail software development services
72212224-5,72212220-7,7,Υπηρεσίες ανάπτυξης λογισμικού επεξεργασίας ιστοσελίδων,Web page editing software development services
72212300-2,72212000-4,5,"Υπηρεσίες ανάπτυξης λογισμικού δημιουργίας κειμένων, σχεδίασης, απεικόνισης, προγραμματισμού και παραγωγικότητας","Document creation, drawing, imaging, scheduling and productivity software development services"
72212310-5,72212300-2,6,Υπηρεσίες ανάπτυξης λογισμικού δημιουργίας κειμένων,Document creation software development services
72212311-2,72212310-5,7,Υπηρεσίες ανάπτυξης λογισμικού διαχείρισης κειμένων,Document management software development services
72212312-9,72212310-5,7,Υπηρεσίες ανάπτυξης λογισμικού ηλεκτρονικών εκδόσεων,Electronic publishing software development services
72212313-6,72212310-5,7,Υπηρεσίες ανάπτυξης λογισμικού οπτικής ανάγνωσης χαρακτήρων (OCR),Optical-character-recognition (OCR) software development services
72212314-3,72212310-5,7,Υπηρεσίες ανάπτυξης λογισμικού φωνητικής αναγνώρισης,Voice recognition software development services
72212315-0,72212310-5,7,Υπηρεσίες ανάπτυξης λογισμικού επιτραπέζιων εκδόσεων,Desktop-publishing software development services
72212316-7,72212310-5,7,Υπηρεσίες ανάπτυξης λογισμικού παρουσίασης,Presentation software development services
72212317-4,72212310-5,7,Υπηρεσίες ανάπτυξης λογισμικού επεξεργασίας κειμένου,Word-processing software development services
72212318-1,72212310-5,7,Υπηρεσίες ανάπτυξης λογισμικού σαρωτών,Scanner software development services
72212320-8,72212300-2,6,Υπηρεσίες ανάπτυξης λογισμικού σχεδίασης και απεικόνισης,Drawing and imaging software development services
72212321-5,72212320-8,7,Υπηρεσίες ανάπτυξης λογισμικού σχεδίασης με τη βοήθεια ηλεκτρονικού υπολογιστή (CAD),Computer-aided design (CAD) software development services
72212322-2,72212320-8,7,Υπηρεσίες ανάπτυξης λογισμικού γραφικών,Graphics software development services
72212323-9,72212320-8,7,Υπηρεσίες ανάπτυξης λογισμικού κατασκευής με τη βοήθεια ηλεκτρονικού υπολογιστή (CAM),Computer-aided manufacturing (CAM) software development services
72212324-6,72212320-8,7,Υπηρεσίες ανάπτυξης λογισμικού δημιουργίας διαγραμμάτων,Charting software development services
72212325-3,72212320-8,7,Υπηρεσίες ανάπτυξης λογισμικού δημιουργίας εντύπων,Form making software development services
72212326-0,72212320-8,7,Υπηρεσίες ανάπτυξης λογισμικού χαρτογράφησης,Mapping software development services
72212327-7,72212320-8,7,Υπηρεσίες ανάπτυξης λογισμικού σχεδίασης και ζωγραφικής,Drawing and painting software development services
72212328-4,72212320-8,7,Υπηρεσίες ανάπτυξης λογισμικού επεξεργασίας εικόνων,Image-processing software development services
72212330-1,72212300-2,6,Υπηρεσίες ανάπτυξης λογισμικού προγραμματισμού και παραγωγικότητας,Scheduling and productivity software development services
72212331-8,72212330-1,7,Υπηρεσίες ανάπτυξης λογισμικού διαχείρισης έργου,Project management software development services
72212332-5,72212330-1,7,Υπηρεσίες ανάπτυξης λογισμικού προγραμματισμού,Scheduling software development services
72212333-2,72212330-1,7,Υπηρεσίες ανάπτυξης λογισμικού διαχείρισης επαφών,Contact management software development services
72212400-3,72212000-4,5,Υπηρεσίες ανάπτυξης λογισμικού επιχειρηματικών συναλλαγών και προσωπικών υποθέσεων,Business transaction and personal business software development services
72212410-6,72212400-3,6,Υπηρεσίες ανάπτυξης λογισμικού διαχείρισης επενδύσεων και συμπλήρωσης φορολογικής δήλωσης,Investment management and tax preparation software development services
72212411-3,72212410-6,7,Υπηρεσίες ανάπτυξης λογισμικού διαχείρισης επενδύσεων,Investment management software development services
72212412-0,72212410-6,7,Υπηρεσίες ανάπτυξης λογισμικού συμπλήρωσης φορολογικής δήλωσης,Tax preparation software development services
72212420-9,72212400-3,6,Υπηρεσίες ανάπτυξης λογισμικού διαχείρισης εγκαταστάσεων και πλατφόρμες υπηρεσιών ανάπτυξης λογισμικού,Facilities management software development services and software development services suite
72212421-6,72212420-9,7,Υπηρεσίες ανάπτυξης λογισμικού διαχείρισης εγκαταστάσεων,Facilities management software development services
72212422-3,72212420-9,7,Πλατφόρμες υπηρεσιών ανάπτυξης λογισμικού,Software development services suites
72212430-2,72212400-3,6,Υπηρεσίες ανάπτυξης λογισμικού διαχείρισης αποθεμάτων,Inventory management software development services
72212440-5,72212400-3,6,Υπηρεσίες ανάπτυξης λογισμικού χρηματοπιστωτικής ανάλυσης και λογιστικής,Financial analysis and accounting software development services
72212441-2,72212440-5,7,Υπηρεσίες ανάπτυξης λογισμικού χρηματοπιστωτικής ανάλυσης,Financial analysis software development services
72212442-9,72212440-5,7,Υπηρεσίες ανάπτυξης λογισμικού χρηματοπιστωτικών συστημάτων,Financial systems software development services
72212443-6,72212440-5,7,Υπηρεσίες ανάπτυξης λογισμικού λογιστικής,Accounting software development services
72212445-0,72212440-5,7,Υπηρεσίες ανάπτυξης λογισμικού εξυπηρέτησης πελατών,Customer Relation Management software development services
72212450-8,72212400-3,6,Υπηρεσίες ανάπτυξης λογισμικού παρακολούθησης χρόνου εργασίας ή ανθρώπινων πόρων,Time accounting or human resources software development services
72212451-5,72212450-8,7,Υπηρεσίες ανάπτυξης λογισμικού για σχεδιασμό επιχειρηματικών πόρων,Enterprise resource planning software development services
72212460-1,72212400-3,6,"Υπηρεσίες ανάπτυξης λογισμικού αναλυτικού, επιστημονικού, μαθηματικού ή προβλέψεων","Analytical, scientific, mathematical or forecasting software development services"
72212461-8,72212460-1,7,Υπηρεσίες ανάπτυξης λογισμικού αναλυτικού ή επιστημονικού,Analytical or scientific software development services
72212462-5,72212460-1,7,Υπηρεσίες ανάπτυξης λογισμικού μαθηματικού ή προβλέψεων,Mathematical or forecasting software development services
72212463-2,72212460-1,7,Υπηρεσίες ανάπτυξης λογισμικού στατιστικής,Statistical software development services
72212470-4,72212400-3,6,Υπηρεσίες ανάπτυξης λογισμικού δημοπρασιών,Auction software development services
72212480-7,72212400-3,6,"Υπηρεσίες ανάπτυξης λογισμικού πωλήσεων, μάρκετινγκ και επιχειρηματικών πληροφοριών","Sales, marketing and business intelligence software development services"
72212481-4,72212480-7,7,Υηρεσίες ανάπτυξης λογισμικού πωλήσεων ή μάρκετινγκ,Sales or marketing software development services
72212482-1,72212480-7,7,Υπηρεσίες ανάπτυξης λογισμικού επιχειρηματικών πληροφοριών,Business intelligence software development services
72212490-0,72212400-3,6,Υπηρεσίες ανάπτυξης λογισμικού προμηθειών,Procurement software development services
72212500-4,72212000-4,5,Υπηρεσίες ανάπτυξης λογισμικού επικοινωνίας και πολυμέσων,Communication and multimedia software development services
72212510-7,72212500-4,6,Υπηρεσίες ανάπτυξης λογισμικού επικοινωνίας,Communication software development services
72212511-4,72212510-7,7,Υπηρεσίες ανάπτυξης λογισμικού επιτραπέζιων επικοινωνιών,Desktop communications software development services
72212512-1,72212510-7,7,Υπηρεσίες ανάπτυξης λογισμικού αλληλεπιδραστικής φωνητικής απόκρισης,Interactive voice response software development services
72212513-8,72212510-7,7,Υπηρεσίες ανάπτυξης λογισμικού διαποδιαμορφωτή (μόντεμ),Modem software development services
72212514-5,72212510-7,7,Υπηρεσίες ανάπτυξης λογισμικού τηλεπρόσβασης,Remote access software development services
72212515-2,72212510-7,7,Υπηρεσίες ανάπτυξης λογισμικού εικονοδιάσκεψης,Video conferencing software development services
72212516-9,72212510-7,7,Υπηρεσίες ανάπτυξης λογισμικού ανταλλαγής δεδομένων,Exchange software development services
72212517-6,72212510-7,7,Υπηρεσίες ανάπτυξης λογισμικού τεχνολογίας των πληροφοριών,IT software development services
72212518-3,72212510-7,7,Υπηρεσίες ανάπτυξης λογισμικού εξομοίωσης,Emulation software development services
72212519-0,72212510-7,7,Υπηρεσίες ανάπτυξης λογισμικού διαχείρισης μνήμης,Memory-management software development services
72212520-0,72212500-4,6,Υπηρεσίες ανάπτυξης λογισμικού πολυμέσων,Multimedia software development services
72212521-7,72212520-0,7,Υπηρεσίες ανάπτυξης λογισμικού συρραφής (μοντάζ) μουσικής ή ήχου,Music or sound editing software development services
72212522-4,72212520-0,7,Υπηρεσίες ανάπτυξης λογισμικού εικονικού πληκτρολογίου,Virtual keyboard software development services
72212600-5,72212000-4,5,Υπηρεσίες ανάπτυξης λογισμικού βάσεων δεδομένων και λειτουργικών συστημάτων,Database and operating software development services
72212610-8,72212600-5,6,Υπηρεσίες ανάπτυξης λογισμικού βάσεων δεδομένων,Database software development services
72212620-1,72212600-5,6,Υπηρεσίες ανάπτυξης λογισμικού λειτουργικών συστημάτων κεντρικής μονάδας,Mainframe operating system software development services
72212630-4,72212600-5,6,Υπηρεσίες ανάπτυξης λογισμικού λειτουργικών συστημάτων μίνι-υπολογιστή,Minicomputer operating system software development services
72212640-7,72212600-5,6,Υπηρεσίες ανάπτυξης λογισμικού λειτουργικών συστημάτων μικροϋπολογιστή,Microcomputer operating system software development services
72212650-0,72212600-5,6,Υπηρεσίες ανάπτυξης λογισμικού λειτουργικών συστημάτων προσωπικού ηλεκτρονικού υπολογιστή (Η/Υ),Personal computer (PC) operating system software development services
72212660-3,72212600-5,6,Υπηρεσίες ανάπτυξης λογισμικού ομαδοποίησης,Clustering software development services
72212670-6,72212600-5,6,Υπηρεσίες ανάπτυξης λογισμικού λειτουργικών συστημάτων πραγματικού χρόνου,Real time operating system software development services
72212700-6,72212000-4,5,Βοηθητικά προγράμματα για υπηρεσίες ανάπτυξης λογισμικού,Software development services utilities
72212710-9,72212700-6,6,Υπηρεσίες ανάπτυξης λογισμικού εφεδρικής αποθήκευσης ή ανάκτησης,Backup or recovery software development services
72212720-2,72212700-6,6,Υπηρεσίες ανάπτυξης λογισμικού κωδικοποίηση με γραμμικό κώδικα,Bar coding software development services
72212730-5,72212700-6,6,Υπηρεσίες ανάπτυξης λογισμικού ασφαλείας,Security software development services
72212731-2,72212730-5,7,Υπηρεσίες ανάπτυξης λογισμικού ασφάλειας φακέλων αρχείων,File security software development services
72212732-9,72212730-5,7,Υπηρεσίες ανάπτυξης λογισμικού ασφάλειας δεδομένων,Data security software development services
72212740-8,72212700-6,6,Υπηρεσίες ανάπτυξης λογισμικού μετάφρασης ξένων γλωσσών,Foreign language translation software development services
72212750-1,72212700-6,6,Υπηρεσίες ανάπτυξης λογισμικού φόρτωσης μέσων αποθήκευσης,Storage media loading software development services
72212760-4,72212700-6,6,Υπηρεσίες ανάπτυξης λογισμικού προστασίας από ιούς,Virus protection software development services
72212761-1,72212760-4,7,Υπηρεσίες ανάπτυξης λογισμικού αντιιικής προστασίας,Anti-virus software development services
72212770-7,72212700-6,6,"Υπηρεσίες ανάπτυξης λογισμικού βοηθητικών προγραμμάτων γενικής χρήσης, συμπίεσης και εκτύπωσης","General, compression and print utility software development services"
72212771-4,72212770-7,7,Υπηρεσίες ανάπτυξης λογισμικού γενικής χρήσης,General utility software development services
72212772-1,72212770-7,7,Υπηρεσίες ανάπτυξης λογισμικού βοηθητικών προγραμμάτων εκτύπωσης,Print utility software development services
72212780-0,72212700-6,6,"Υπηρεσίες ανάπτυξης λογισμικού διαχείρισης συστημάτων, αποθήκευσης και περιεχομένου","System, storage and content management software development services"
72212781-7,72212780-0,7,Υπηρεσίες ανάπτυξης λογισμικού διαχείρισης συστημάτων,System management software development services
72212782-4,72212780-0,7,Υπηρεσίες ανάπτυξης λογισμικού διαχείρισης αποθήκευσης,Storage management software development services
72212783-1,72212780-0,7,Υπηρεσίες ανάπτυξης λογισμικού διαχείρισης περιεχομένου,Content management software development services
72212790-3,72212700-6,6,Υπηρεσίες ανάπτυξης λογισμικού ελέγχου έκδοσης,Version checker software development services
72212900-8,72212000-4,5,Διάφορες υπηρεσίες ανάπτυξης λογισμικού και συστήματα ηλεκτρονικών υπολογιστών,Miscellaneous software development services and computer systems
72212910-1,72212900-8,6,"Υπηρεσίες ανάπτυξης παιχνιδιών ηλεκτρονικών υπολογιστών, ηλεκτρονικά παιχνίδια για όλη την οικογένεια και προγράμματα προφύλαξης οθόνης","Computer game software development services, family titles and screen savers"
72212911-8,72212910-1,7,Υπηρεσίες ανάπτυξης λογισμικού παιχνιδιών ηλεκτρονικών υπολογιστών,Computer game software development services
72212920-4,72212900-8,6,Υπηρεσίες ανάπτυξης λογισμικού αυτοματισμών γραφείου,Office automation software development services
72212930-7,72212900-8,6,Υπηρεσίες ανάπτυξης λογισμικού εξάσκησης και ψυχαγωγίας,Training and entertainment software development services
72212931-4,72212930-7,7,Υπηρεσίες ανάπτυξης λογισμικού εξάσκησης,Training software development services
72212932-1,72212930-7,7,Υπηρεσίες ανάπτυξης λογισμικού ψυχαγωγίας,Entertainment software development services
72212940-0,72212900-8,6,Υπηρεσίες ανάπτυξης λογισμικού σχεδίασης προτύπων και ημεροδεικτών,Pattern design and calendar software development services
72212941-7,72212940-0,7,Υπηρεσίες ανάπτυξης λογισμικού σχεδίασης προτύπων,Pattern design software development services
72212942-4,72212940-0,7,Υπηρεσίες ανάπτυξης λογισμικού ημεροδεικτών,Calendar software development services
72212960-6,72212900-8,6,Υπηρεσίες ανάπτυξης λογισμικού προγραμμάτων οδήγησης και συστημάτων,Drivers and system software development services
72212970-9,72212900-8,6,Υπηρεσίες ανάπτυξης λογισμικού ψηφιακής εκτύπωσης,Print shop software development services
72212971-6,72212970-9,7,Υπηρεσίες ανάπτυξης λογισμικού δημιουργίας ευρετηρίων διευθύνσεων,Address book making software development services
72212972-3,72212970-9,7,Υπηρεσίες ανάπτυξης λογισμικού δημιουργίας ετικετών,Label making software development services
72212980-2,72212900-8,6,Υπηρεσίες ανάπτυξης γλωσσών και εργαλείων προγραμματισμού,Programming languages and tools development services
72212981-9,72212980-2,7,Υπηρεσίες ανάπτυξης λογισμικού μεταγλώττισης,Compiling software development services
72212982-6,72212980-2,7,Υπηρεσίες ανάπτυξης λογισμικού διαχείρισης παραμέτρων,Configuration management software development services
72212983-3,72212980-2,7,Υπηρεσίες ανάπτυξης λογισμικού ανάπτυξης,Development software development services
72212984-0,72212980-2,7,Υπηρεσίες ανάπτυξης λογισμικού δοκιμής προγραμμάτων,Program testing software development services
72212985-7,72212980-2,7,Υπηρεσίες ανάπτυξης λογισμικού εξουδετέρωσης σφαλμάτων,Debugging software development services
72212990-5,72212900-8,6,Υπηρεσίες ανάπτυξης λογισμικού λογιστικών φύλλων και βελτίωσης,Spreadsheets and enhancement software development services
72212991-2,72212990-5,7,Υπηρεσίες ανάπτυξης λογισμικού λογιστικών φύλλων,Spreadsheet software development services
72220000-3,72200000-7,3,Υπηρεσίες παροχής συμβουλών για συστήματα και τεχνικά θέματα,Systems and technical consultancy services
72221000-0,72220000-3,4,Υπηρεσίες παροχής συμβουλών επιχειρησιακής ανάλυσης,Business analysis consultancy services
72222000-7,72220000-3,4,Υπηρεσίες στρατηγικής αναθεώρησης και προγραμματισμού συστημάτων ή τεχνολογίας των πληροφοριών,Information systems or technology strategic review and planning services
72222100-8,72222000-7,5,Υπηρεσίες στρατηγικής αναθεώρησης συστημάτων ή τεχνολογίας των πληροφοριών,Information systems or technology strategic review services
72222200-9,72222000-7,5,Υπηρεσίες προγραμματισμού συστημάτων ή τεχνολογίας των πληροφοριών,Information systems or technology planning services
72222300-0,72222000-7,5,Υπηρεσίες τεχνολογίας των πληροφοριών,Information technology services
72223000-4,72220000-3,4,Υπηρεσίες αναθεώρησης απαιτήσεων τεχνολογίας της πληροφορίας,Information technology requirements review services
72224000-1,72220000-3,4,Υπηρεσίες παροχής συμβουλών σε θέματα διαχείρισης έργων,Project management consultancy services
72224100-2,72224000-1,5,Υπηρεσίες προγραμματισμού υλοποίησης συστημάτων,System implementation planning services
72224200-3,72224000-1,5,Υπηρεσίες προγραμματισμού ποιοτικού ελέγχου συστημάτων,System quality assurance planning services
72225000-8,72220000-3,4,Υπηρεσίες αξιολόγησης και αναθεώρησης της ποιοτικής διασφάλισης των συστημάτων,System quality assurance assessment and review services
72226000-5,72220000-3,4,Υπηρεσίες παροχής συμβουλών σε θέματα δοκιμών αποδοχής λογισμικού συστημάτων,System software acceptance testing consultancy services
72227000-2,72220000-3,4,Υπηρεσίες παροχής συμβουλών σε θέματα ολοκλήρωσης λογισμικού,Software integration consultancy services
72228000-9,72220000-3,4,Υπηρεσίες παροχής συμβουλών σε θέματα ολοκλήρωσης υλικού πληροφορικής,Hardware integration consultancy services
72230000-6,72200000-7,3,Υπηρεσίες ανάπτυξης εξατομικευμένων λογισμικών,Custom software development services
72231000-3,72230000-6,4,Ανάπτυξη λογισμικού για στρατιωτικές εφαρμογές,Development of software for military applications
72232000-0,72230000-6,4,Ανάπτυξη λογισμικού επεξεργασίας συναλλαγών και εξατομικευμένου λογισμικού,Development of transaction processing and custom software
72240000-9,72200000-7,3,Υπηρεσίες ανάλυσης και προγραμματισμού συστημάτων,Systems analysis and programming services
72241000-6,72240000-9,4,Υπηρεσίες καθορισμού στόχου κρίσιμου σχεδιασμού,Critical design target specification services
72242000-3,72240000-9,4,Υπηρεσίες τυποποίησης σχεδιασμού,Design-modelling services
72243000-0,72240000-9,4,Υπηρεσίες προγραμματισμού,Programming services
72244000-7,72240000-9,4,Υπηρεσίες κατασκευής πρωτοτύπων,Prototyping services
72245000-4,72240000-9,4,Υπηρεσίες ανάλυσης συστημάτων και προγραμματισμού βάσει συμβολαίου,Contract systems analysis and programming services
72246000-1,72240000-9,4,Υπηρεσίες παροχής συμβουλών σε θέματα συστημάτων πληροφορικής,Systems consultancy services
72250000-2,72200000-7,3,Υπηρεσίες συστήματος και υποστήριξης,System and support services
72251000-9,72250000-2,4,Υπηρεσίες αποκατάστασης του λογισμικού σε περίπτωση καταστροφής,Disaster recovery services
72252000-6,72250000-2,4,Υπηρεσίες ηλεκτρονικής αρχειοθέτησης,Computer archiving services
72253000-3,72250000-2,4,Γραμμή άμεσης βοήθειας και υπηρεσίες υποστήριξης,Helpdesk and support services
72253100-4,72253000-3,5,Υπηρεσίες γραμμής άμεσης βοήθειας,Helpdesk services
72253200-5,72253000-3,5,Υπηρεσίες υποστήριξης συστημάτων πληροφορικής,Systems support services
72254000-0,72250000-2,4,Δοκιμές λογισμικού,Software testing
72254100-1,72254000-0,5,Υπηρεσίες δοκιμής συστημάτων πληροφορικής,Systems testing services
72260000-5,72200000-7,3,Υπηρεσίες σχετιζόμενες με λογισμικά,Software-related services
72261000-2,72260000-5,4,Υπηρεσίες υποστήριξης λογισμικού,Software support services
72262000-9,72260000-5,4,Υπηρεσίες ανάπτυξης λογισμικού,Software development services
72263000-6,72260000-5,4,Υπηρεσίες υλοποίησης λογισμικού,Software implementation services
72264000-3,72260000-5,4,Υπηρεσίες αναπαραγωγής λογισμικού,Software reproduction services
72265000-0,72260000-5,4,Υπηρεσίες σύνθεσης λογισμικού,Software configuration services
72266000-7,72260000-5,4,Υπηρεσίες παροχής συμβουλών σε θέματα λογισμικού,Software consultancy services
72267000-4,72260000-5,4,Υπηρεσίες συντήρησης και επισκευής λογισμικού,Software maintenance and repair services
72267100-0,72267000-4,5,Συντήρηση λογισμικού τεχνολογίας των πληροφοριών,Maintenance of information technology software
72267200-1,72267000-4,5,Επισκευή λογισμικού τεχνολογίας των πληροφοριών,Repair of information technology software
72268000-1,72260000-5,4,Υπηρεσίες προμήθειας λογισμικού,Software supply services
72300000-8,72000000-5,2,Υπηρεσίες δεδομένων,Data services
72310000-1,72300000-8,3,Υπηρεσίες επεξεργασίας δεδομένων,Data-processing services
72311000-8,72310000-1,4,Υπηρεσίες ηλεκτρονικής πινακοποίησης δεδομένων,Computer tabulation services
72311100-9,72311000-8,5,Υπηρεσίες μετατροπής δεδομένων,Data conversion services
72311200-0,72311000-8,5,Υπηρεσίες επεξεργασίας παρτίδων,Batch processing services
72311300-1,72311000-8,5,Υπηρεσίες καταμερισμού χρόνου λειτουργίας ηλεκτρονικών υπολογιστών,Computer time-sharing services
72312000-5,72310000-1,4,Υπηρεσίες εισαγωγής δεδομένων,Data entry services
72312100-6,72312000-5,5,Υπηρεσίες προετοιμασίας δεδομένων,Data preparation services
72312200-7,72312000-5,5,Υπηρεσίες οπτικής αναγνώρισης χαρακτήρων,Optical character recognition services
72313000-2,72310000-1,4,Υπηρεσίες σύλληψης δεδομένων,Data capture services
72314000-9,72310000-1,4,Υπηρεσίες συλλογής και διαταξινόμησης δεδομένων,Data collection and collation services
72315000-6,72310000-1,4,Υπηρεσίες διαχείρισης δικτύων δεδομένων και υπηρεσίες υποστήριξης,Data network management and support services
72315100-7,72315000-6,5,Υπηρεσίες υποστήριξης δικτύου δεδομένων,Data network support services
72315200-8,72315000-6,5,Υπηρεσίες διαχείρισης δικτύου δεδομένων,Data network management services
72316000-3,72310000-1,4,Υπηρεσίες ανάλυσης δεδομένων,Data analysis services
72317000-0,72310000-1,4,Υπηρεσίες αποθήκευσης δεδομένων,Data storage services
72318000-7,72310000-1,4,Υπηρεσίες μετάδοσης δεδομένων,Data transmission services
72319000-4,72310000-1,4,Υπηρεσίες προμήθειας δεδομένων,Data supply services
72320000-4,72300000-8,3,Υπηρεσίες βάσεων δεδομένων,Database services
72321000-1,72320000-4,4,Υπηρεσίες βάσεων δεδομένων προστιθέμενης αξίας,Added-value database services
72322000-8,72320000-4,4,Υπηρεσίες διαχείρισης δεδομένων,Data management services
72330000-2,72300000-8,3,Υπηρεσίες τυποποίησης και ταξινόμησης περιεχομένου ή δεδομένων,Content or data standardization and classification services
72400000-4,72000000-5,2,Υπηρεσίες Διαδικτύου,Internet services
72410000-7,72400000-4,3,Υπηρεσίες παρόχου,Provider services
72411000-4,72410000-7,4,Υπηρεσίες παρόχων υπηρεσιών Διαδικτύου (ISP),Internet service providers ISP
72412000-1,72410000-7,4,Υπηρεσίες παρόχου ηλεκτρονικής αλληλογραφίας,Electronic mail service provider
72413000-8,72410000-7,4,Υπηρεσίες σχεδιασμού τοποθεσιών Παγκόσμιου Ιστού (WWW),World wide web (www) site design services
72414000-5,72410000-7,4,Παροχείς μηχανών αναζήτησης στον Παγκόσμιο Ιστό,Web search engine providers
72415000-2,72410000-7,4,Υπηρεσίες φιλοξενίας τοποθεσιών Παγκόσμιου Ιστού (WWW),World wide web (www) site operation host services
72416000-9,72410000-7,4,Παροχείς υπηρεσιών εφαρμογών,Application service providers
72417000-6,72410000-7,4,Ονόματα τομέα Διαδικτύου,Internet domain names
72420000-0,72400000-4,3,Υπηρεσίες ανάπτυξης Διαδικτύου,Internet development services
72421000-7,72420000-0,4,Υπηρεσίες ανάπτυξης εφαρμογών πελατών Διαδικτύου ή ενδοδικτύων (ιντρανέτ),Internet or intranet client application development services
72422000-4,72420000-0,4,Υπηρεσίες ανάπτυξης εφαρμογών εξυπηρετητή Διαδικτύου ή ενδοδικτύων (ιντρανέτ),Internet or intranet server application development services
72500000-0,72000000-5,2,Υπηρεσίες πληροφορικής,Computer-related services
72510000-3,72500000-0,3,Υπηρεσίες διαχείρισης που σχετίζονται με ηλεκτρονικούς υπολογιστές,Computer-related management services
72511000-0,72510000-3,4,Υπηρεσίες λογισμικού διαχείρισης δικτύου,Network management software services
72512000-7,72510000-3,4,Υπηρεσίες διαχείρισης εγγράφων,Document management services
72513000-4,72510000-3,4,Υπηρεσίες αυτοματισμού γραφείου,Office automation services
72514000-1,72510000-3,4,Υπηρεσίες διαχείρισης εγκαταστάσεων ηλεκτρονικού υπολογιστή,Computer facilities management services
72514100-2,72514000-1,5,Υπηρεσίες διαχείρισης εγκαταστάσεων με τη χρήση ηλεκτρονικών υπολογιστών,Facilities management services involving computer operation
72514200-3,72514000-1,5,Υπηρεσίες διαχείρισης εγκαταστάσεων για την ανάπτυξη συστημάτων πληροφορικής,Facilities management services for computer systems development
72514300-4,72514000-1,5,Υπηρεσίες διαχείρισης εγκαταστάσεων για τη συντήρηση συστημάτων πληροφορικής,Facilities management services for computer systems maintenance
72540000-2,72500000-0,3,Υπηρεσίες αναβάθμισης ηλεκτρονικών υπολογιστών,Computer upgrade services
72541000-9,72540000-2,4,Υπηρεσίες επέκτασης δυνατοτήτων ηλεκτρονικών υπολογιστών,Computer expansion services
72541100-0,72541000-9,5,Υπηρεσίες επέκτασης μνήμης,Memory expansion services
72590000-7,72500000-0,3,Επαγγελματικές υπηρεσίες σχετιζόμενες με ηλεκτρονικούς υπολογιστές,Computer-related professional services
72591000-4,72590000-7,4,Συμφωνίες ανάπτυξης επιπέδου εξυπηρέτησης,Development of service level agreements
72600000-6,72000000-5,2,Υπηρεσίες παροχής συμβουλών και υποστήριξης Η/Υ,Computer support and consultancy services
72610000-9,72600000-6,3,Υπηρεσίες υποστήριξης ηλεκτρονικών υπολογιστών,Computer support services
72611000-6,72610000-9,4,Υπηρεσίες τεχνικής υποστήριξης ηλεκτρονικών υπολογιστών,Technical computer support services
72700000-7,72000000-5,2,Υπηρεσίες δικτύου ηλεκτρονικών υπολογιστών,Computer network services
72710000-0,72700000-7,3,Υπηρεσίες τοπικού δικτύου,Local area network services
72720000-3,72700000-7,3,Υπηρεσίες δικτύου ευρείας ζώνης,Wide area network services
72800000-8,72000000-5,2,Υπηρεσίες ελέγχου και δοκιμών με ηλεκτρονικούς υπολογιστές,Computer audit and testing services
72810000-1,72800000-8,3,Υπηρεσίες ελέγχου με ηλεκτρονικούς υπολογιστές,Computer audit services
72820000-4,72800000-8,3,Υπηρεσίες δοκιμών με ηλεκτρονικούς υπολογιστές,Computer testing services
72900000-9,72000000-5,2,Υπηρεσίες σχετιζόμενες με εφεδρικούς ηλεκτρονικούς υπολογιστές και υπηρεσίες μετατροπής καταλόγων ηλεκτρονικών υπολογιστών,Computer back-up and catalogue conversion services
72910000-2,72900000-9,3,Υπηρεσίες σχετιζόμενες με εφεδρικούς ηλεκτρονικούς υπολογιστές,Computer back-up services
72920000-5,72900000-9,3,Υπηρεσίες μετατροπής καταλόγων ηλεκτρονικών υπολογιστών,Computer catalogue conversion services
73000000-2,,1,"Υπηρεσίες έρευνας και ανάπτυξης, καθώς και συναφείς υπηρεσίες παροχής συμβουλών",Research and development services and related consultancy services
73100000-3,73000000-2,2,Υπηρεσίες έρευνας και πειραματικής ανάπτυξης,Research and experimental development services
73110000-6,73100000-3,3,Υπηρεσίες έρευνας,Research services
73111000-3,73110000-6,4,Υπηρεσίες εργαστηριακών ερευνών,Research laboratory services
73112000-0,73110000-6,4,Υπηρεσίες θαλάσσιων ερευνών,Marine research services
73120000-9,73100000-3,3,Υπηρεσίες πειραματικής ανάπτυξης,Experimental development services
73200000-4,73000000-2,2,Υπηρεσίες παροχής συμβουλών σε θέματα έρευνας και ανάπτυξης,Research and development consultancy services
73210000-7,73200000-4,3,Υπηρεσίες παροχής συμβουλών σε θέματα έρευνας,Research consultancy services
73220000-0,73200000-4,3,Υπηρεσίες παροχής συμβουλών σε θέματα ανάπτυξης,Development consultancy services
73300000-5,73000000-2,2,Μελέτη και εκτέλεση ερευνητικών και αναπτυξιακών δραστηριοτήτων,Design and execution of research and development
73400000-6,73000000-2,2,Υπηρεσίες έρευνας και ανάπτυξης σε θέματα ασφάλειας και άμυνας,Research and Development services on security and defence materials
73410000-9,73400000-6,3,Στρατιωτική έρευνα και τεχνολογία,Military research and technology
73420000-2,73400000-6,3,Προκαταρκτικές μελέτες σκοπιμότητας και τεχνολογική επίδειξη,Pre-feasibility study and technological demonstration
73421000-9,73420000-2,4,Ανάπτυξη εξοπλισμού ασφαλείας,Development of security equipment
73422000-6,73420000-2,4,Ανάπτυξη πυροβόλων όπλων και πυρομαχικών,Development of firearms and ammunition
73423000-3,73420000-2,4,Ανάπτυξη στρατιωτικών οχημάτων,Development of military vehicles
73424000-0,73420000-2,4,Ανάπτυξη πολεμικών πλοίων,Development of warships
73425000-7,73420000-2,4,"Ανάπτυξη στρατιωτικών αεροσκαφών, πυραύλων και διαστημικών αεροσκαφών","Development of military aircrafts, missiles and spacecrafts"
73426000-4,73420000-2,4,Ανάπτυξη στρατιωτικών ηλεκτρονικών συστημάτων,Development of military electronic systems
73430000-5,73400000-6,3,Δοκιμές και αξιολόγηση,Test and evaluation
73431000-2,73430000-5,4,Δοκιμές και αξιολόγηση εξοπλισμού ασφαλείας,Test and evaluation of security equipment
73432000-9,73430000-5,4,Δοκιμές και αξιολόγηση πυροβόλων όπλων και πυρομαχικών,Test and evaluation of firearms and ammunition
73433000-6,73430000-5,4,Δοκιμές και αξιολόγηση στρατιωτικών οχημάτων,Test and evaluation of military vehicles
73434000-3,73430000-5,4,Δοκιμές και αξιολόγηση πολεμικών πλοίων,Test and evaluation of warships
73435000-0,73430000-5,4,"Δοκιμές και αξιολόγηση στρατιωτικών αεροσκαφών, πυραύλων και διαστημικών αεροσκαφών","Test and evaluation of military aircrafts, missiles and spacecrafts"
73436000-7,73430000-5,4,Δοκιμές και αξιολόγηση στρατιωτικών ηλεκτρονικών συστημάτων,Test and evaluation of military electronic systems
75000000-6,,1,"Υπηρεσίες δημόσιας διοίκησης, άμυνας και κοινωνικής ασφάλισης","Administration, defence and social security services"
75100000-7,75000000-6,2,Υπηρεσίες διοίκησης,Administration services
75110000-0,75100000-7,3,Δημόσιες υπηρεσίες γενικής φύσεως,General public services
75111000-7,75110000-0,4,Εκτελεστικές και νομοθετικές υπηρεσίες,Executive and legislative services
75111100-8,75111000-7,5,Εκτελεστικές υπηρεσίες,Executive services
75111200-9,75111000-7,5,Νομοθετικές υπηρεσίες,Legislative services
75112000-4,75110000-0,4,Διοικητικές υπηρεσίες επιχειρηματικών δραστηριοτήτων,Administrative services for business operations
75112100-5,75112000-4,5,Διοικητικές υπηρεσίες σχετιζόμενες με αναπτυξιακά σχέδια,Administrative development project services
75120000-3,75100000-7,3,Διοικητικές υπηρεσίες οργανισμών,Administrative services of agencies
75121000-0,75120000-3,4,Διοικητικές εκπαιδευτικές υπηρεσίες,Administrative educational services
75122000-7,75120000-3,4,Διοικητικές υγειονομικές υπηρεσίες,Administrative healthcare services
75123000-4,75120000-3,4,Υπηρεσίες διαχείρισης κατοικιών,Administrative housing services
75124000-1,75120000-3,4,"Διοικητικές ψυχαγωγικές, πολιτιστικές και θρησκευτικές υπηρεσίες","Administrative recreational, cultural and religious services"
75125000-8,75120000-3,4,Διοικητικές υπηρεσίες σχετιζόμενες με θέματα τουρισμού,Administrative services related to tourism affairs
75130000-6,75100000-7,3,Βοηθητικές κρατικές υπηρεσίες,Supporting services for the government
75131000-3,75130000-6,4,Κρατικές υπηρεσίες,Government services
75131100-4,75131000-3,5,Γενικές υπηρεσίες προσωπικού για το δημόσιο,General personnel services for the government
75200000-8,75000000-6,2,Παροχή υπηρεσιών στο κοινωνικό σύνολο,Provision of services to the community
75210000-1,75200000-8,3,Υπηρεσίες εξωτερικών υποθέσεων και άλλες υπηρεσίες,Foreign affairs and other services
75211000-8,75210000-1,4,Υπηρεσίες εξωτερικής πολιτικής,Foreign-affairs services
75211100-9,75211000-8,5,Διπλωματικές υπηρεσίες,Diplomatic services
75211110-2,75211100-9,6,Υπηρεσίες προξενείου,Consular services
75211200-0,75211000-8,5,Υπηρεσίες που σχετίζονται με θέματα εξωτερικής οικονομικής βοήθειας,Foreign economic-aid-related services
75211300-1,75211000-8,5,Υπηρεσίες που σχετίζονται με θέματα εξωτερικής στρατιωτικής βοήθειας,Foreign military-aid-related services
75220000-4,75200000-8,3,Υπηρεσίες άμυνας,Defence services
75221000-1,75220000-4,4,Υπηρεσίες στρατιωτικής άμυνας,Military defence services
75222000-8,75220000-4,4,Υπηρεσίες πολιτικής άμυνας,Civil defence services
75230000-7,75200000-8,3,Υπηρεσίες στον τομέα της δικαιοσύνης,Justice services
75231000-4,75230000-7,4,Δικαστικές υπηρεσίες,Judicial services
75231100-5,75231000-4,5,Νομικές διοικητικές υπηρεσίες που σχετίζονται με τα δικαστήρια,Law-courts-related administrative services
75231200-6,75231000-4,5,Υπηρεσίες που σχετίζονται με την κράτηση ή την κοινωνική επανένταξη εγκληματιών,Services related to the detention or rehabilitation of criminals
75231210-9,75231200-6,6,Υπηρεσίες φύλαξης κρατουμένων,Imprisonment services
75231220-2,75231200-6,6,Υπηρεσίες συνοδείας κρατουμένων,Prisoner-escort services
75231230-5,75231200-6,6,Υπηρεσίες φυλακών,Prison services
75231240-8,75231200-6,6,Υπηρεσίες δικαστικής επιτήρησης,Probation services
75240000-0,75200000-8,3,Υπηρεσίες δημόσιας ασφάλειας και τήρησης της νομίμου τάξεως,"Public security, law and order services"
75241000-7,75240000-0,4,Υπηρεσίες δημόσιας ασφάλειας,Public security services
75241100-8,75241000-7,5,Αστυνομικές υπηρεσίες,Police services
75242000-4,75240000-0,4,Υπηρεσίες δημόσιας τάξης και ασφάλειας,Public law and order services
75242100-5,75242000-4,5,Υπηρεσίες δημόσιας τάξης,Public-order services
75242110-8,75242100-5,6,Υπηρεσίες δικαστικού κλητήρα,Bailiff services
75250000-3,75200000-8,3,Πυροσβεστικές υπηρεσίες και υπηρεσίες διάσωσης,Fire-brigade and rescue services
75251000-0,75250000-3,4,Πυροσβεστικές υπηρεσίες,Fire-brigade services
75251100-1,75251000-0,5,Υπηρεσίες καταπολέμησης πυρκαγιών,Firefighting services
75251110-4,75251100-1,6,Υπηρεσίες πρόληψης πυρκαγιών,Fire-prevention services
75251120-7,75251100-1,6,Υπηρεσίες καταπολέμησης δασοπυρκαγιών,Forest-firefighting services
75252000-7,75250000-3,4,Υπηρεσίες διάσωσης,Rescue services
75300000-9,75000000-6,2,Υπηρεσίες υποχρεωτικής κοινωνικής ασφάλισης,Compulsory social security services
75310000-2,75300000-9,3,Υπηρεσίες παροχής επιδομάτων,Benefit services
75311000-9,75310000-2,4,Επιδόματα ασθενείας,Sickness benefits
75312000-6,75310000-2,4,Επιδόματα μητρότητας,Maternity benefits
75313000-3,75310000-2,4,Επιδόματα αναπηρίας,Disability benefits
75313100-4,75313000-3,5,Επιδόματα προσωρινής αναπηρίας,Temporary disablement benefits
75314000-0,75310000-2,4,Επιδόματα ανεργίας,Unemployment compensation benefits
75320000-5,75300000-9,3,Συνταξιοδοτικά προγράμματα δημοσίων υπαλλήλων,Government employee pension schemes
75330000-8,75300000-9,3,Οικογενειακά επιδόματα,Family allowances
75340000-1,75300000-9,3,Επιδόματα τέκνων,Child allowances
76000000-3,,1,Υπηρεσίες σχετιζόμενες με τη βιομηχανία πετρελαίου και φυσικού αερίου,Services related to the oil and gas industry
76100000-4,76000000-3,2,Επαγγελματικές υπηρεσίες για τη βιομηχανία φυσικού αερίου,Professional services for the gas industry
76110000-7,76100000-4,3,Υπηρεσίες σχετιζόμενες με την εξόρυξη αερίου,Services incidental to gas extraction
76111000-4,76110000-7,4,Υπηρεσίες επαναφοράς υγροποιηθέντος αερίου σε αέρια μορφή,Regasification services
76120000-0,76100000-4,3,Υπηρεσίες καταδύσεων σχετιζόμενες με την εξόρυξη αερίου,Diving services incidental to gas extraction
76121000-7,76120000-0,4,Υπηρεσίες καταδύσεων σχετιζόμενες με υποβρύχια φρέατα,Subsea well diving services
76200000-5,76000000-3,2,Επαγγελματικές υπηρεσίες για τη βιομηχανία πετρελαίου,Professional services for the oil industry
76210000-8,76200000-5,3,Υπηρεσίες σχετιζόμενες με την εξόρυξη πετρελαίου,Services incidental to oil extraction
76211000-5,76210000-8,4,Υπηρεσίες ανάρτησης εσωτερικής κάλυψης σωλήνων,Liner-hanger services
76211100-6,76211000-5,5,Υπηρεσίες εσωτερικής κάλυψης σωλήνων,Lining services
76211110-9,76211100-6,6,Υπηρεσίες εσωτερικής επένδυσης του φρέατος δοκιμής,Test pit lining services
76211120-2,76211100-6,6,Υπηρεσίες εσωτερικές επένδυσης του φρέατος γεώτρησης,Well site pit lining services
76211200-7,76211000-5,5,Υπηρεσίες ελέγχου της περιεκτικότητας σε ίζημα της ιλύος των γεωτρήσεων,Mudlogging services
76300000-6,76000000-3,2,Εργασίες γεώτρησης,Drilling services
76310000-9,76300000-6,3,Υπηρεσίες γεώτρησης σχετιζόμενες με την εξόρυξη αερίου,Drilling services incidental to gas extraction
76320000-2,76300000-6,3,Υπηρεσίες γεωτρήσεων ανοικτής θαλάσσης,Offshore drilling services
76330000-5,76300000-6,3,Υπηρεσίες γεώτρησης με στροβίλους,Turbine drilling services
76331000-2,76330000-5,4,Υπηρεσίες γεώτρησης με σπειροειδείς στροβίλους,Coiled turbine drilling services
76340000-8,76300000-6,3,Σωληνωτές γεωτρήσεις,Core drilling
76400000-7,76000000-3,2,Υπηρεσίες τοποθέτησης γεωτρυπάνων,Rig-positioning services
76410000-0,76400000-7,3,Υπηρεσίες τοποθέτησης σωλήνων και αγωγών σε γεώτρηση,Well-casing and tubing services
76411000-7,76410000-0,4,Υπηρεσίες τοποθέτησης περιβλημάτων γεωτρήσεων,Well-casing services
76411100-8,76411000-7,5,Υπηρεσίες συνεργείου τοποθέτησης περιβλημάτων γεωτρήσεων,Well-casing crew services
76411200-9,76411000-7,5,Υπηρεσίες σχεδιασμού τοποθέτησης περιβλημάτων γεωτρήσεων,Well-casing planning services
76411300-0,76411000-7,5,Υπηρεσίες εκγλύφανσης περιβλημάτων γεωτρήσεων,Well-casing milling services
76411400-1,76411000-7,5,Υπηρεσίες αποπεράτωσης περιβλημάτων γεωτρήσεων,Well-casing completion services
76420000-3,76400000-7,3,Υπηρεσίες έγχυσης σκυροδέματος σε πετρελαιοπηγές,Well-cementing services
76421000-0,76420000-3,4,Υπηρεσίες έγχυσης σκυροδέματος σε εσωτερικές επενδύσεις φρέατος,Liner cementing services
76422000-7,76420000-3,4,Υπηρεσίες έγχυσης σκυροδέματος σε πώματα γεώτρησης,Plug cementing services
76423000-4,76420000-3,4,Υπηρεσίες έγχυσης αφρώδους σκυροδέματος,Foam cementing services
76430000-6,76400000-7,3,Υπηρεσίες γεώτρησης και παραγωγής πετρελαίου,Well-drilling and production services
76431000-3,76430000-6,4,Υπηρεσίες γεώτρησης,Well-drilling services
76431100-4,76431000-3,5,Υπηρεσίες ελέγχου γεώτρησης,Well-drilling control services
76431200-5,76431000-3,5,Υπηρεσίες ανύψωσης σωληνώσεων γεώτρησης,Well-drilling pickup services
76431300-6,76431000-3,5,Υπηρεσίες τοποθέτησης σωλήνων γεώτρησης,Well-drilling laydown services
76431400-7,76431000-3,5,Υπηρεσίες πλευρικής ρηχής βοηθητικής γεώτρησης,Rathole well-drilling services
76431500-8,76431000-3,5,Υπηρεσίες επίβλεψης γεώτρησης,Well-drilling supervision services
76431600-9,76431000-3,5,Υπηρεσίες παρακολούθησης εξέδρας γεώτρησης,Well-drilling rig monitor services
76440000-9,76400000-7,3,Υπηρεσίες δειγματοληπτικού ελέγχου προϊόντων γεώτρησης,Well-logging services
76441000-6,76440000-9,4,Υπηρεσίες ημερολογιακής καταγραφής δεδομένων φρέατος με περίβλημα,Cased hole logging services
76442000-3,76440000-9,4,Υπηρεσίες ημερολογιακής καταγραφής δεδομένων ανοιχτού φρέατος,Open hole logging services
76443000-0,76440000-9,4,Λοιπές υπηρεσίες ημερολογιακής καταγραφής δεδομένων,Other logging services
76450000-2,76400000-7,3,Υπηρεσίες διαχείρισης πετρελαιοπηγών,Well-management services
76460000-5,76400000-7,3,Υπηρεσίες υποστήριξης πετρελαιοπηγών,Well-support services
76470000-8,76400000-7,3,Υπηρεσίες δοκιμών για πετρελαιοπηγές,Well-testing services
76471000-5,76470000-8,4,Υπηρεσίες δοκιμής θραύσης φρέατος,Well fracture testing services
76472000-2,76470000-8,4,Υπηρεσίες δοκιμής της επιθεώρησης του χώρου γεώτρησης,Well site inspection or testing services
76473000-9,76470000-8,4,Υπηρεσίες δοκιμής εξοπλισμού γεώτρησης,Well equipment testing services
76480000-1,76400000-7,3,Υπηρεσίες διασωλήνωσης,Tubing services
76490000-4,76400000-7,3,Υπηρεσίες αποπεράτωσης γεωτρήσεων,Well-completion services
76491000-1,76490000-4,4,Υπηρεσίες κάλυψης γεωτρήσεων,Well-plugging services
76492000-8,76490000-4,4,Υπηρεσίες τοποθέτησης εξοπλισμού γεωτρήσεων,Well-positioning services
76500000-8,76000000-3,2,Υπηρεσίες ξηράς και ανοικτής θαλάσσης,Onshore and offshore services
76510000-1,76500000-8,3,Υπηρεσίες ξηράς,Onshore services
76520000-4,76500000-8,3,Υπηρεσίες ανοικτής θαλάσσης,Offshore services
76521000-1,76520000-4,4,Υπηρεσίες εγκαταστάσεων ανοικτής θαλάσσης,Offshore installation services
76522000-8,76520000-4,4,Υπηρεσίες πλοίου ανεφοδιασμού εγκαταστάσεων ανοιχτής θαλάσσης,Offshore supply-vessel services
76530000-7,76500000-8,3,Εργασίες σωλήνωσης φρεάτων,Downhole services
76531000-4,76530000-7,4,Υπηρεσίες συνεχούς δειγματοληπτικού ελέγχου προϊόντων γεώτρησης,Downhole logging services
76532000-1,76530000-7,4,Υπηρεσίες άντλησης στη σωλήνωση φρεάτων,Downhole pumping services
76533000-8,76530000-7,4,Υπηρεσίες καταγραφής στη σωλήνωση φρεάτων,Downhole recording services
76534000-5,76530000-7,4,Υπηρεσίες διεύρυνσης σωλήνωσης φρεάτων,Downhole underreaming services
76535000-2,76530000-7,4,Υπηρεσίες διάνοιξης οπών στη σωλήνωση φρεάτων,Downhole hole opening services
76536000-9,76530000-7,4,Υπηρεσίες ελέγχου κραδασμών στη σωλήνωση φρεάτων,Downhole vibration control services
76537000-6,76530000-7,4,Υπηρεσίες σε σχέση με εργαλεία που χρησιμοποιούνται στη σωλήνωση φρεάτων,Downhole tool services
76537100-7,76537000-6,5,Υπηρεσίες σε σχέση με εργαλεία που χρησιμοποιούνται στη σωλήνωση φρεάτων πετρελαιοπηγών,Downhole oilifield tools services
76600000-9,76000000-3,2,Υπηρεσίες επιθεώρησης αγωγών,Pipeline-inspection services
77000000-0,,1,"Υπηρεσίες γεωργίας, δασοκομίας, φυτοκομίας, υδατοκαλλιέργειας και μελισσοκομίας","Agricultural, forestry, horticultural, aquacultural and apicultural services"
77100000-1,77000000-0,2,Γεωργικές υπηρεσίες,Agricultural services
77110000-4,77100000-1,3,Υπηρεσίες σχετιζόμενες με τη γεωργική παραγωγή,Services incidental to agricultural production
77111000-1,77110000-4,4,Ενοικίαση γεωργικών μηχανημάτων με χειριστή,Hire of agricultural machinery with operator
77112000-8,77110000-4,4,Ενοικίαση χορτοκοπτικών ή γεωργικών μηχανημάτων με χειριστή,Hire of mowers or agricultural equipment with operator
77120000-7,77100000-1,3,Υπηρεσίες παραγωγής οργανικού λιπάσματος,Composting services
77200000-2,77000000-0,2,Υπηρεσίες δασοκομίας,Forestry services
77210000-5,77200000-2,3,Υπηρεσίες υλοτομίας,Logging services
77211000-2,77210000-5,4,Υπηρεσίες σχετιζόμενες με την υλοτομία,Services incidental to logging
77211100-3,77211000-2,5,Υπηρεσίες περισυλλογής ξυλείας,Timber harvesting services
77211200-4,77211000-2,5,Μεταφορά κορμών δένδρων στο εσωτερικό δάσους,Transport of logs within the forest
77211300-5,77211000-2,5,Υπηρεσίες υλοτόμισης,Tree-clearing services
77211400-6,77211000-2,5,Υπηρεσίες κοπής δένδρων,Tree-cutting services
77211500-7,77211000-2,5,Υπηρεσίες φροντίδας δένδρων,Tree-maintenance services
77211600-8,77211000-2,5,Σπορά σπόρων δένδρων,Tree seeding
77220000-8,77200000-2,3,Υπηρεσίες εμποτισμού ξυλείας,Timber-impregnation services
77230000-1,77200000-2,3,Υπηρεσίες σχετιζόμενες με τη δασοκομία,Services incidental to forestry
77231000-8,77230000-1,4,Υπηρεσίες διαχείρισης δασοκομίας,Forestry management services
77231100-9,77231000-8,5,Υπηρεσίες διαχείρισης δασικών πόρων,Forest resources management services
77231200-0,77231000-8,5,Υπηρεσίες ελέγχου παρασίτων του δάσους,Forest pest control services
77231300-1,77231000-8,5,Υπηρεσίες διαχείρισης δασών,Forest administration services
77231400-2,77231000-8,5,Υπηρεσίες απογραφής δασών,Forest inventory services
77231500-3,77231000-8,5,Υπηρεσίες παρακολούθησης ή αξιολόγησης δασών,Forest monitoring or evaluation services
77231600-4,77231000-8,5,Υπηρεσίες αναδάσωσης,Afforestation services
77231700-5,77231000-8,5,Υπηρεσίες δασικής επέκτασης,Forestry extension services
77231800-6,77231000-8,5,Υπηρεσίες διαχείρισης φυτωρίων δασικών δέντρων,Forest nursery management services
77231900-7,77231000-8,5,Υπηρεσίες δασικού τομεακού σχεδιασμού,Forest sectoral planning services
77300000-3,77000000-0,2,Υπηρεσίες φυτοκομίας,Horticultural services
77310000-6,77300000-3,3,Φύτευση και συντήρηση χώρων πρασίνου,Planting and maintenance services of green areas
77311000-3,77310000-6,4,Συντήρηση διακοσμητικών κήπων ή κήπων αναψυχής,Ornamental and pleasure gardens maintenance services
77312000-0,77310000-6,4,Υπηρεσίες εκκαθάρισης από αγριόχορτα,Weed-clearance services
77312100-1,77312000-0,5,Υπηρεσίες εξόντωσης ζιζανίων,Weed-killing services
77313000-7,77310000-6,4,Υπηρεσίες συντήρησης πάρκων,Parks maintenance services
77314000-4,77310000-6,4,Υπηρεσίες συντήρησης οικοπέδων,Grounds maintenance services
77314100-5,77314000-4,5,Υπηρεσίες χορτοκάλυψης,Grassing services
77315000-1,77310000-6,4,Υπηρεσίες σποράς,Seeding services
77320000-9,77300000-3,3,Συντήρηση αθλητικών γηπέδων,Sports fields maintenance services
77330000-2,77300000-3,3,Υπηρεσίες επίδειξης φυτών,Floral-display services
77340000-5,77300000-3,3,Κλάδεμα δένδρων και θάμνων,Tree pruning and hedge trimming
77341000-2,77340000-5,4,Κλάδεμα δένδρων,Tree pruning
77342000-9,77340000-5,4,Κλάδεμα θάμνων,Hedge trimming
77400000-4,77000000-0,2,Ζωολογικές υπηρεσίες,Zoological services
77500000-5,77000000-0,2,Κτηνοτροφικές υπηρεσίες,Animal husbandry services
77510000-8,77500000-5,3,Υπηρεσίες διάδοσης παιγχνιδιών,Game-propagation services
77600000-6,77000000-0,2,Υπηρεσίες κυνηγιού,Hunting services
77610000-9,77600000-6,3,Υπηρεσίες τοποθέτησης παγίδων,Trapping services
77700000-7,77000000-0,2,Υπηρεσίες σχετιζόμενες με την αλιεία,Services incidental to fishing
77800000-8,77000000-0,2,Υπηρεσίες υδατοκαλλιέργειας,Aquaculture services
77810000-1,77800000-8,3,Υπηρεσίες θαλάσσιας υδατοκαλλιέργειας,Mariculture services
77820000-4,77800000-8,3,Υπηρεσίες οστρακοκαλλιέργειας,Ostreiculture services
77830000-7,77800000-8,3,Υπηρεσίες κογχυλοκαλλιέργειας,Shellfish culture services
77840000-0,77800000-8,3,Υπηρεσίες εκτροφής γαρίδων,Shrimp farming services
77850000-3,77800000-8,3,Υπηρεσίες ιχθυοκαλλιέργειας,Fish farming services
77900000-9,77000000-0,2,Υπηρεσίες μελισσοκομίας,Apiculture services
79000000-4,,1,"Επιχειρηματικές υπηρεσίες: νομικές, μάρκετινγκ, παροχής συμβουλών, πρόσληψης, εκτύπωσης και ασφάλειας","Business services: law, marketing, consulting, recruitment, printing and security"
79100000-5,79000000-4,2,Νομικές υπηρεσίες,Legal services
79110000-8,79100000-5,3,Υπηρεσίες παροχής συμβουλών νομικού χαρακτήρα και νομικής εκπροσώπησης,Legal advisory and representation services
79111000-5,79110000-8,4,Υπηρεσίες παροχής νομικών συμβουλών,Legal advisory services
79112000-2,79110000-8,4,Υπηρεσίες νομικής εκπροσώπησης,Legal representation services
79112100-3,79112000-2,5,Υπηρεσίες εκπροσώπησης ενδιαφερόμενων μερών,Stakeholders representation services
79120000-1,79100000-5,3,Υπηρεσίες παροχής συμβουλών σε θέματα διπλωμάτων ευρεσιτεχνίας και δικαιωμάτων πνευματικής ιδιοκτησίας,Patent and copyright consultancy services
79121000-8,79120000-1,4,Υπηρεσίες παροχής συμβουλών σε θέματα πνευματικής ιδιοκτησίας,Copyright consultancy services
79121100-9,79121000-8,5,Υπηρεσίες παροχής συμβουλών σε θέματα πνευματικής ιδιοκτησίας λογισμικού,Software copyright consultancy services
79130000-4,79100000-5,3,Υπηρεσίες νομικής τεκμηρίωσης και πιστοποίησης,Legal documentation and certification services
79131000-1,79130000-4,4,Υπηρεσίες τεκμηρίωσης,Documentation services
79132000-8,79130000-4,4,Υπηρεσίες πιστοποίησης,Certification services
79132100-9,79132000-8,5,Υπηρεσίες πιστοποίησης ηλεκτρονικών υπογραφών,Electronic signature certification services
79140000-7,79100000-5,3,Υπηρεσίες παροχής νομικών συμβουλών και πληροφοριών,Legal advisory and information services
79200000-6,79000000-4,2,"Υπηρεσίες λογιστικής, διαχειριστικού ελέγχου και φορολογικές υπηρεσίες","Accounting, auditing and fiscal services"
79210000-9,79200000-6,3,Υπηρεσίες λογιστικής και διαχειριστικού ελέγχου,Accounting and auditing services
79211000-6,79210000-9,4,Λογιστικές υπηρεσίες,Accounting services
79211100-7,79211000-6,5,Υπηρεσίες τήρησης λογιστικών βιβλίων,Bookkeeping services
79211110-0,79211100-7,6,Υπηρεσίες διαχείρισης μισθολογικών καταστάσεων,Payroll management services
79211120-3,79211100-7,6,Υπηρεσίες καταγραφής αγοραπωλησιών,Sales and purchases recording services
79211200-8,79211000-6,5,Υπηρεσίες σύνταξης οικονομικών απολογισμών,Compilation of financial statements services
79212000-3,79210000-9,4,Υπηρεσίες διαχειριστικού ελέγχου,Auditing services
79212100-4,79212000-3,5,Υπηρεσίες οικονομικού διαχειριστικού ελέγχου,Financial auditing services
79212110-7,79212100-4,6,Υπηρεσίες αξιολόγησης εταιρικής διακυβέρνησης,Corporate governance rating services
79212200-5,79212000-3,5,Υπηρεσίες εσωτερικού διαχειριστικού ελέγχου,Internal audit services
79212300-6,79212000-3,5,Υπηρεσίες νόμιμου διαχειριστικού ελέγχου,Statutory audit services
79212400-7,79212000-3,5,Υπηρεσίες διαχειριστικού ελέγχου απάτης,Fraud audit services
79212500-8,79212000-3,5,Υπηρεσίες λογιστικής αναθεώρησης,Accounting review services
79220000-2,79200000-6,3,Φορολογικές υπηρεσίες,Fiscal services
79221000-9,79220000-2,4,Υπηρεσίες παροχής συμβουλών σε θέματα φορολογίας,Tax consultancy services
79222000-6,79220000-2,4,Υπηρεσίες προετοιμασίας φορολογικών δηλώσεων,Tax-return preparation services
79223000-3,79220000-2,4,Υπηρεσίες εκτελωνισμού,Custom broker services
79300000-7,79000000-4,2,Έρευνα αγοράς και οικονομική έρευνα δημοσκοπήσεις και στατιστικές,Market and economic research; polling and statistics
79310000-0,79300000-7,3,Υπηρεσίες έρευνας αγοράς,Market research services
79311000-7,79310000-0,4,Υπηρεσίες ερευνών,Survey services
79311100-8,79311000-7,5,Υπηρεσίες σχεδιασμού έρευνας,Survey design services
79311200-9,79311000-7,5,Υπηρεσίες διεξαγωγής ερευνών,Survey conduction services
79311210-2,79311200-9,6,Υπηρεσίες επιτήρησης τηλεφωνικού δικτύου,Telephone survey services
79311300-0,79311000-7,5,Υπηρεσίες ανάλυσης αποτελεσμάτων ερευνών,Survey analysis services
79311400-1,79311000-7,5,Υπηρεσίες οικονομικών ερευνών,Economic research services
79311410-4,79311400-1,6,Εκτίμηση οικονομικών επιπτώσεων,Economic impact assessment
79312000-4,79310000-0,4,Υπηρεσίες ελέγχου αγοράς,Market-testing services
79313000-1,79310000-0,4,Υπηρεσίες εκτίμησης απόδοσης,Performance review services
79314000-8,79310000-0,4,Μελέτη σκοπιμότητας,Feasibility study
79315000-5,79310000-0,4,Υπηρεσίες κοινωνικών ερευνών,Social research services
79320000-3,79300000-7,3,Υπηρεσίες δημοσκοπήσεων,Public-opinion polling services
79330000-6,79300000-7,3,Υπηρεσίες στατιστικής,Statistical services
79340000-9,79300000-7,3,Υπηρεσίες διαφήμισης και μάρκετινγκ,Advertising and marketing services
79341000-6,79340000-9,4,Υπηρεσίες διαφήμισης,Advertising services
79341100-7,79341000-6,5,Υπηρεσίες παροχής συμβουλών σε θέματα διαφήμισης,Advertising consultancy services
79341200-8,79341000-6,5,Υπηρεσίες διαχείρισης διαφημίσεων,Advertising management services
79341400-0,79341000-6,5,Υπηρεσίες διαφημιστικής εκστρατείας,Advertising campaign services
79341500-1,79341000-6,5,Υπηρεσίες εναέριας διαφήμισης,Aeral advertising services
79342000-3,79340000-9,4,Υπηρεσίες μάρκετινγκ,Marketing services
79342100-4,79342000-3,5,Υπηρεσίες άμεσου μάρκετινγκ,Direct marketing services
79342200-5,79342000-3,5,Υπηρεσίες προώθησης,Promotional services
79342300-6,79342000-3,5,Υπηρεσίες πελατείας,Customer services
79342310-9,79342300-6,6,Υπηρεσίες έρευνας στους πελάτες,Customer survey services
79342311-6,79342310-9,7,Έρευνα βαθμού ικανοποίησης του πελάτη,Customer satisfaction survey
79342320-2,79342300-6,6,Υπηρεσίες εξυπηρέτησης πελατών,Customer-care services
79342321-9,79342320-2,7,Πρόγραμμα αφοσίωσης των πελατών,Customer-loyalty programme
79342400-7,79342000-3,5,Υπηρεσίες δημοπρασίας,Auction services
79342410-4,79342400-7,6,Υπηρεσίες ηλεκτρονικής δημοπρασίας,Electronic auction services
79400000-8,79000000-4,2,Υπηρεσίες παροχής γενικών επιχειρηματικών συμβουλών και συμβουλών σε θέματα διαχείρισης,Business and management consultancy and related services
79410000-1,79400000-8,3,Υπηρεσίες παροχής επιχειρηματικών συμβουλών και συμβουλών σε θέματα διαχείρισης,Business and management consultancy services
79411000-8,79410000-1,4,Υπηρεσίες παροχής συμβουλών σε θέματα γενικής διαχείρισης,General management consultancy services
79411100-9,79411000-8,5,Υπηρεσίες παροχής συμβουλών σε θέματα ανάπτυξης επιχειρηματικών δραστηριοτήτων,Business development consultancy services
79412000-5,79410000-1,4,Υπηρεσίες παροχής συμβουλών σε θέματα οικονομικής διαχείρισης,Financial management consultancy services
79413000-2,79410000-1,4,Υπηρεσίες παροχής συμβουλών σε θέματα μάρκετινγκ,Marketing management consultancy services
79414000-9,79410000-1,4,Υπηρεσίες παροχής συμβουλών σε θέματα διαχείρισης ανθρώπινου δυναμικού,Human resources management consultancy services
79415000-6,79410000-1,4,Υπηρεσίες παροχής συμβουλών σε θέματα οργάνωσης παραγωγής,Production management consultancy services
79415200-8,79415000-6,5,Υπηρεσίες παροχής συμβουλών σε θέματα σχεδιασμού,Design consultancy services
79416000-3,79410000-1,4,Υπηρεσίες δημοσίων σχέσεων,Public relations services
79416100-4,79416000-3,5,Υπηρεσίες διαχείρισης θεμάτων που αφορούν τις δημόσιες σχέσεις,Public relations management services
79416200-5,79416000-3,5,Υπηρεσίες παροχής συμβουλών σε θέματα δημοσίων σχέσεων,Public relations consultancy services
79417000-0,79410000-1,4,Υπηρεσίες παροχής συμβουλών σε θέματα ασφάλειας,Safety consultancy services
79418000-7,79410000-1,4,Υπηρεσίες παροχής συμβουλών σε θέματα προμηθειών,Procurement consultancy services
79419000-4,79410000-1,4,Υπηρεσίες παροχής συμβουλών σε θέματα εκτιμήσεων,Evaluation consultancy services
79420000-4,79400000-8,3,Υπηρεσίες που σχετίζονται με τη διαχείριση,Management-related services
79421000-1,79420000-4,4,"Υπηρεσίες διαχείρισης έργων, εκτός από εργασίες κατασκευής",Project-management services other than for construction work
79421100-2,79421000-1,5,"Υπηρεσίες επίβλεψης έργων, εκτός από εργασίες κατασκευής",Project-supervision services other than for construction work
79421200-3,79421000-1,5,"Υπηρεσίες μελέτης έργων, εκτός από εργασίες κατασκευής",Project-design services other than for construction work
79422000-8,79420000-4,4,Υπηρεσίες διαιτησίας και συμβιβασμού,Arbitration and conciliation services
79430000-7,79400000-8,3,Υπηρεσίες διαχείρισης κρίσεων,Crisis management services
79500000-9,79000000-4,2,Υπηρεσίες υποστήριξης γραφείου,Office-support services
79510000-2,79500000-9,3,Υπηρεσίες απόκρισης τηλεφωνικών κλήσεων,Telephone-answering services
79511000-9,79510000-2,4,Υπηρεσίες τηλεφωνητών,Telephone operator services
79512000-6,79510000-2,4,Κέντρο κλήσεων,Call centre
79520000-5,79500000-9,3,Υπηρεσίες αναπαραγωγής εγγράφων,Reprographic services
79521000-2,79520000-5,4,Φωτοαντιγραφικές υπηρεσίες,Photocopying services
79530000-8,79500000-9,3,Υπηρεσίες μετάφρασης,Translation services
79540000-1,79500000-9,3,Υπηρεσίες διερμηνείας,Interpretation services
79550000-4,79500000-9,3,"Υπηρεσίες δακτυλογράφησης, επεξεργασίας κειμένων και εκδόσεων με τη βοήθεια Η/Υ","Typing, word-processing and desktop publishing services"
79551000-1,79550000-4,4,Υπηρεσίες δακτυλογράφησης,Typing services
79552000-8,79550000-4,4,Υπηρεσίες επεξεργασίας κειμένων,Word-processing services
79553000-5,79550000-4,4,Υπηρεσίες εκδόσεων με τη βοήθεια Η/Υ,Desktop publishing services
79560000-7,79500000-9,3,Υπηρεσίες αρχειοθέτησης,Filing services
79570000-0,79500000-9,3,Υπηρεσίες σύνταξης καταλόγων διευθύνσεων και υπηρεσίες διεκπεραίωσης ταχυδρομείου,Mailing-list compilation and mailing services
79571000-7,79570000-0,4,Υπηρεσίες ταχυδρομικών αποστολών,Mailing services
79600000-0,79000000-4,2,Υπηρεσίες πρόσληψης,Recruitment services
79610000-3,79600000-0,3,Υπηρεσίες τοποθέτησης προσωπικού,Placement services of personnel
79611000-0,79610000-3,4,Παροχή υπηρεσιών για την ανεύρεση εργασίας,Job search services
79612000-7,79610000-3,4,Υπηρεσίες τοποθέτησης βοηθητικού προσωπικού γραφείου,Placement services of office-support personnel
79613000-4,79610000-3,4,Υπηρεσίες αλλαγής θέσης προσωπικού,Employee relocation services
79620000-6,79600000-0,3,Υπηρεσίες διάθεσης προσωπικού όπου περιλαμβάνεται προσωρινό προσωπικό,Supply services of personnel including temporary staff
79621000-3,79620000-6,4,Υπηρεσίες διάθεσης προσωπικού γραφείου,Supply services of office personnel
79622000-0,79620000-6,4,Υπηρεσίες διάθεσης προσωπικού οικιακών βοηθών,Supply services of domestic help personnel
79623000-7,79620000-6,4,Υπηρεσίες διάθεσης εμπορικών ή βιομηχανικών εργατών,Supply services of commercial or industrial workers
79624000-4,79620000-6,4,Υπηρεσίες διάθεσης νοσηλευτικού προσωπικού,Supply services of nursing personnel
79625000-1,79620000-6,4,Υπηρεσίες διάθεσης ιατρικού προσωπικού,Supply services of medical personnel
79630000-9,79600000-0,3,Υπηρεσίες διοίκησης προσωπικού εκτός από τις υπηρεσίες τοποθέτησης και διάθεσης,Personnel services except placement and supply services
79631000-6,79630000-9,4,Υπηρεσίες διοίκησης προσωπικού και μισθοδοσίας,Personnel and payroll services
79632000-3,79630000-9,4,Υπηρεσίες κατάρτισης προσωπικού,Personnel-training services
79633000-0,79630000-9,4,Υπηρεσίες εξέλιξης προσωπικού,Staff development services
79634000-7,79630000-9,4,Υπηρεσίες καθοδήγησης σε θέματα σταδιοδρομίας,Career guidance services
79635000-4,79630000-9,4,Υπηρεσίες κέντρου αξιολόγησης σε θέματα προσλήψεων,Assessment centre services for recruitment
79700000-1,79000000-4,2,Υπηρεσίες ερευνών και ασφάλειας,Investigation and security services
79710000-4,79700000-1,3,Υπηρεσίες ασφάλειας,Security services
79711000-1,79710000-4,4,Υπηρεσίες παρακολούθησης συστημάτων συναγερμού,Alarm-monitoring services
79713000-5,79710000-4,4,Υπηρεσίες φύλαξης,Guard services
79714000-2,79710000-4,4,Υπηρεσίες επιτήρησης,Surveillance services
79714100-3,79714000-2,5,Υπηρεσίες συστήματος ανίχνευσης,Tracing system services
79714110-6,79714100-3,6,Υπηρεσίες ανεύρεσης φυγόδικων,Absconder-tracing services
79715000-9,79710000-4,4,Υπηρεσίες περιπόλου,Patrol services
79716000-6,79710000-4,4,Υπηρεσίες παράδοσης υπηρεσιακού διακριτικού σήματος,Identification badge release services
79720000-7,79700000-1,3,Ανακριτικές υπηρεσίες,Investigation services
79721000-4,79720000-7,4,Υπηρεσίες γραφείου ιδιωτικής αστυνομίας,Detective agency services
79722000-1,79720000-7,4,Υπηρεσίες γραφολογίας,Graphology services
79723000-8,79720000-7,4,Υπηρεσίες ανάλυσης απορριμμάτων,Waste analysis services
79800000-2,79000000-4,2,Υπηρεσίες εκτύπωσης και συναφείς υπηρεσίες,Printing and related services
79810000-5,79800000-2,3,Υπηρεσίες εκτύπωσης,Printing services
79811000-2,79810000-5,4,Υπηρεσίες ψηφιακής εκτύπωσης,Digital printing services
79812000-9,79810000-5,4,Υπηρεσίες τύπωσης χαρτονομισμάτων,Banknote printing services
79820000-8,79800000-2,3,Υπηρεσίες σχετιζόμενες με την εκτύπωση,Services related to printing
79821000-5,79820000-8,4,Υπηρεσίες φινιρίσματος εκτυπώσεων,Print finishing services
79821100-6,79821000-5,5,Υπηρεσίες διόρθωσης κειμένων,Proofreading services
79822000-2,79820000-8,4,Υπηρεσίες τυπογραφικής σύνθεσης,Composition services
79822100-3,79822000-2,5,Υπηρεσίες παρασκευής εκτυπωτικών πλακών,Print-plate making services
79822200-4,79822000-2,5,Υπηρεσίες φωτοχαρακτικής,Photogravure services
79822300-5,79822000-2,5,Υπηρεσίες στοιχειοθεσίας,Typesetting services
79822400-6,79822000-2,5,Λιθογραφικές υπηρεσίες,Lithographic services
79822500-7,79822000-2,5,Υπηρεσίες γραφικού σχεδιασμού,Graphic design services
79823000-9,79820000-8,4,Υπηρεσίες εκτύπωσης και παράδοσης,Printing and delivery services
79824000-6,79820000-8,4,Υπηρεσίες εκτύπωσης και διανομής,Printing and distribution services
79900000-3,79000000-4,2,Διάφορες επιχειρηματικές και συναφείς υπηρεσίες,Miscellaneous business and business-related services
79910000-6,79900000-3,3,Υπηρεσίες διαχείρισης ελεγχουσών εταιρειών,Management holdings services
79920000-9,79900000-3,3,Υπηρεσίες συσκευασίας και συναφείς υπηρεσίες,Packaging and related services
79921000-6,79920000-9,4,Υπηρεσίες συσκευασίας,Packaging services
79930000-2,79900000-3,3,Ειδικές υπηρεσίες μελετών,Specialty design services
79931000-9,79930000-2,4,Υπηρεσίες εσωτερικής διακόσμησης,Interior decorating services
79932000-6,79930000-2,4,Υπηρεσίες εσωτερικού σχεδιασμού,Interior design services
79933000-3,79930000-2,4,Υπηρεσίες υποστήριξης στον τομέα του σχεδιασμού,Design support services
79934000-0,79930000-2,4,Υπηρεσίες σχεδίασης επίπλων,Furniture design services
79940000-5,79900000-3,3,Υπηρεσίες γραφείων είσπραξης χρεών,Collection agency services
79941000-2,79940000-5,4,Υπηρεσίες είσπραξης διοδίων,Toll-collection services
79950000-8,79900000-3,3,Υπηρεσίες διοργάνωσης εκθέσεων και συνεδρίων,"Exhibition, fair and congress organisation services"
79951000-5,79950000-8,4,Υπηρεσίες οργάνωσης σεμιναρίων,Seminar organisation services
79952000-2,79950000-8,4,Υπηρεσίες εκδηλώσεων,Event services
79952100-3,79952000-2,5,Υπηρεσίες οργάνωσης πολιτιστικών εκδηλώσεων,Cultural event organisation services
79953000-9,79950000-8,4,Υπηρεσίες οργάνωσης φεστιβάλ,Festival organisation services
79954000-6,79950000-8,4,Υπηρεσίες οργάνωσης πάρτι,Party organisation services
79955000-3,79950000-8,4,Υπηρεσίες οργάνωσης επιδείξεων μόδας,Fashion shows organisation services
79956000-0,79950000-8,4,Υπηρεσίες οργάνωσης εμπορικών εκθέσεων και εκθέσεων,Fair and exhibition organisation services
79957000-7,79950000-8,4,Υπηρεσίες οργάνωσης δημοπρασιών,Auction organisation services
79960000-1,79900000-3,3,Φωτογραφικές και συναφείς υπηρεσίες,Photographic and ancillary services
79961000-8,79960000-1,4,Φωτογραφικές υπηρεσίες,Photographic services
79961100-9,79961000-8,5,Υπηρεσίες διαφημιστικών φωτογραφήσεων,Advertising photography services
79961200-0,79961000-8,5,Υπηρεσίες αεροφωτογραφιών,Aerial photography services
79961300-1,79961000-8,5,Ειδικές φωτογραφικές υπηρεσίες,Specialised photography services
79961310-4,79961300-1,6,Υπηρεσίες φωτογράφησης γεωτρήσεων,Downhole photography services
79961320-7,79961300-1,6,Υπηρεσίες υποβρύχιας φωτογράφησης,Underwater photography services
79961330-0,79961300-1,6,Υπηρεσίες μικροφωτογραφήσεων,Microfilming services
79961340-3,79961300-1,6,Υπηρεσίες ακτινογράφησης,X-ray photography services
79961350-6,79961300-1,6,Υπηρεσίες στούντιο φωτογραφίας,Studio photography services
79962000-5,79960000-1,4,Υπηρεσίες εμφάνισης φωτογραφιών,Photograph processing services
79963000-2,79960000-1,4,"Υπηρεσίες αποκατάστασης, αντιγραφής και ρετουσαρίσματος φωτογραφιών","Photograph restoration, copying and retouching services"
79970000-4,79900000-3,3,Υπηρεσίες δημοσιεύσεων,Publishing services
79971000-1,79970000-4,4,Υπηρεσίες βιβλιοδεσίας και φινιρίσματος,Bookbinding and finishing services
79971100-2,79971000-1,5,Υπηρεσίες φινιρίσματος βιβλίων,Book finishing services
79971200-3,79971000-1,5,Υπηρεσίες βιβλιοδεσίας,Bookbinding services
79972000-8,79970000-4,4,Υπηρεσίες εκδόσεως λεξικών,Language dictionary publishing services
79972100-9,79972000-8,5,Υπηρεσίες εκδόσεως λεξικών τοπικών διαλέκτων,Regional language dictionary publishing services
79980000-7,79900000-3,3,Υπηρεσίες συνδρομών,Subscription services
79990000-0,79900000-3,3,Διάφορες επιχειρηματικές υπηρεσίες,Miscellaneous business-related services
79991000-7,79990000-0,4,Υπηρεσίες ελέγχου αποθεμάτων,Stock-control services
79992000-4,79990000-0,4,Υπηρεσίες υποδοχής,Reception services
79993000-1,79990000-0,4,Υπηρεσίες διαχείρισης κτιρίων και εγκαταστάσεων,Building and facilities management services
79993100-2,79993000-1,5,Υπηρεσίες διαχείρισης εγκαταστάσεων,Facilities management services
79994000-8,79990000-0,4,Υπηρεσίες διαχείρισης συμβάσεων,Contract administration services
79995000-5,79990000-0,4,Υπηρεσίες διαχείρισης βιβλιοθηκών,Library management services
79995100-6,79995000-5,5,Υπηρεσίες αρχείου,Archiving services
79995200-7,79995000-5,5,Υπηρεσίες κατάρτισης καταλόγων,Cataloguing services
79996000-2,79990000-0,4,Υπηρεσίες οργάνωσης επιχειρήσεων,Business organisation services
79996100-3,79996000-2,5,Διαχείριση μητρώων,Records management
79997000-9,79990000-0,4,Υπηρεσίες επαγγελματικών ταξιδίων,Business travel services
79998000-6,79990000-0,4,Υπηρεσίες προγύμνασης,Coaching services
79999000-3,79990000-0,4,Υπηρεσίες σάρωσης και έκδοσης τιμολογίων,Scanning and invoicing services
79999100-4,79999000-3,5,Υπηρεσίες σάρωσης,Scanning services
79999200-5,79999000-3,5,Υπηρεσίες έκδοσης τιμολογίων,Invoicing services
80000000-4,,1,Υπηρεσίες εκπαίδευσης και επιμόρφωσης,Education and training services
80100000-5,80000000-4,2,Υπηρεσίες πρωτοβάθμιας εκπαίδευσης,Primary education services
80110000-8,80100000-5,3,Υπηρεσίες προσχολικής εκπαίδευσης,Pre-school education services
80200000-6,80000000-4,2,Υπηρεσίες δευτεροβάθμιας εκπαίδευσης,Secondary education services
80210000-9,80200000-6,3,Υπηρεσίες τεχνικής και επαγγελματικής δευτεροβάθμιας εκπαίδευσης,Technical and vocational secondary education services
80211000-6,80210000-9,4,Υπηρεσίες δευτεροβάθμιας τεχνικής εκπαίδευσης,Technical secondary education services
80212000-3,80210000-9,4,Υπηρεσίες δευτεροβάθμιας επαγγελματικής εκπαίδευσης,Vocational secondary education services
80300000-7,80000000-4,2,Υπηρεσίες τριτοβάθμιας εκπαίδευσης,Higher education services
80310000-0,80300000-7,3,Υπηρεσίες εκπαίδευσης νέων,Youth education services
80320000-3,80300000-7,3,Ιατρικές εκπαιδευτικές υπηρεσίες,Medical education services
80330000-6,80300000-7,3,Εκπαιδευτικές υπηρεσίες σε θέματα ασφάλειας,Safety education services
80340000-9,80300000-7,3,Ειδικές εκπαιδευτικές υπηρεσίες,Special education services
80400000-8,80000000-4,2,Υπηρεσίες εκπαίδευσης ενηλίκων και άλλες εκπαιδευτικές υπηρεσίες,Adult and other education services
80410000-1,80400000-8,3,Διάφορες σχολικές υπηρεσίες,Various school services
80411000-8,80410000-1,4,Υπηρεσίες σχολής οδηγών,Driving-school services
80411100-9,80411000-8,5,Υπηρεσίες εξέτασης νέων οδηγών αυτοκινήτων,Driving-test services
80411200-0,80411000-8,5,Μαθήματα οδήγησης,Driving lessons
80412000-5,80410000-1,4,Υπηρεσίες σχολών χειριστών αεροσκαφών,Flying-school services
80413000-2,80410000-1,4,Υπηρεσίες σχολών ιστιοπλοΐας,Sailing-school services
80414000-9,80410000-1,4,Υπηρεσίες σχολών καταδύσεων,Diving-school services
80415000-6,80410000-1,4,Υπηρεσίες σχολών χιονοδρομίας,Ski-training services
80420000-4,80400000-8,3,Υπηρεσίες ηλεκτρονικής μάθησης,E-learning services
80430000-7,80400000-8,3,Υπηρεσίες εκπαίδευσης ενηλίκων σε πανεπιστημιακό επίπεδο,Adult-education services at university level
80490000-5,80400000-8,3,Λειτουργία εκπαιδευτικού κέντρου,Operation of an educational centre
80500000-9,80000000-4,2,Υπηρεσίες κατάρτισης,Training services
80510000-2,80500000-9,3,Υπηρεσίες κατάρτισης εμπειρογνωμόνων,Specialist training services
80511000-9,80510000-2,4,Υπηρεσίες επιμόρφωσης προσωπικού,Staff training services
80512000-6,80510000-2,4,Υπηρεσίες εκπαίδευσης σκύλων,Dog training services
80513000-3,80510000-2,4,Υπηρεσίες εκμάθησης ιππασίας,Horse riding school services
80520000-5,80500000-9,3,Παροχή υπηρεσιών κατάρτισης,Training facilities
80521000-2,80520000-5,4,Υπηρεσίες προγραμμάτων κατάρτισης,Training programme services
80522000-9,80520000-5,4,Σεμινάρια κατάρτισης,Training seminars
80530000-8,80500000-9,3,Υπηρεσίες επαγγελματικής κατάρτισης,Vocational training services
80531000-5,80530000-8,4,Υπηρεσίες βιομηχανικής και τεχνικής εκπαίδευσης,Industrial and technical training services
80531100-6,80531000-5,5,Υπηρεσίες βιομηχανικής εκπαίδευσης,Industrial training services
80531200-7,80531000-5,5,Υπηρεσίες τεχνικής εκπαίδευσης,Technical training services
80532000-2,80530000-8,4,Υπηρεσίες εκπαίδευσης στον τομέα της διαχείρισης,Management training services
80533000-9,80530000-8,4,Υπηρεσίες εξοικείωσης και εκπαίδευσης στη χρήση υπολογιστών,Computer-user familiarisation and training services
80533100-0,80533000-9,5,Υπηρεσίες εκπαίδευσης στον τομέα της πληροφορικής,Computer training services
80533200-1,80533000-9,5,Μαθήματα πληροφορικής,Computer courses
80540000-1,80500000-9,3,Υπηρεσίες περιβαλλοντικής εκπαίδευσης,Environmental training services
80550000-4,80500000-9,3,Υπηρεσίες εκπαίδευσης σε θέματα ασφάλειας,Safety training services
80560000-7,80500000-9,3,Υπηρεσίες εκπαίδευσης στον τομέα της υγείας και των πρώτων βοηθειών,Health and first-aid training services
80561000-4,80560000-7,4,Υπηρεσίες εκπαίδευσης στον τομέα της υγείας,Health training services
80562000-1,80560000-7,4,Υπηρεσίες εκπαίδευσης στον τομέα των πρώτων βοηθειών,First-aid training services
80570000-0,80500000-9,3,Υπηρεσίες εκπαίδευσης σε θέματα προσωπικής ανάπτυξης,Personal development training services
80580000-3,80500000-9,3,Παράδοση μαθημάτων ξένων γλωσσών,Provision of language courses
80590000-6,80500000-9,3,Υπηρεσίες διδασκαλίας,Tutorial services
80600000-0,80000000-4,2,Υπηρεσίες επιμόρφωσης σε ζητήματα άμυνας και ασφάλειας,Training services in defence and security materials
80610000-3,80600000-0,3,Επιμόρφωση και προσομοίωση σε εξοπλισμό ασφαλείας,Training and simulation in security equipment
80620000-6,80600000-0,3,Επιμόρφωση και προσομοίωση σε πυροβόλα όπλα και πυρομαχικά,Training and simulation in firearms and ammunition
80630000-9,80600000-0,3,Επιμόρφωση και προσομοίωση σε στρατιωτικά οχήματα,Training and simulation in military vehicles
80640000-2,80600000-0,3,Επιμόρφωση και προσομοίωση σε πολεμικά σκάφη,Training and simulation in warships
80650000-5,80600000-0,3,"Επιμόρφωση και προσομοίωση σε αεροσκάφη, πυραύλους και διαστημόπλοια","Training and simulation in aircrafts, missiles and spacecrafts"
80660000-8,80600000-0,3,Επιμόρφωση και προσομοίωση σε στρατιωτικά ηλεκτρονικά συστήματα,Training and simulation in military electronic systems
85000000-9,,1,Υγειονομικές και κοινωνικές υπηρεσίες,Health and social work services
85100000-0,85000000-9,2,Υγειονομικές υπηρεσίες,Health services
85110000-3,85100000-0,3,Νοσοκομειακές και συναφείς υπηρεσίες,Hospital and related services
85111000-0,85110000-3,4,Νοσοκομειακές υπηρεσίες,Hospital services
85111100-1,85111000-0,5,Υπηρεσίες χειρουργικών μονάδων,Surgical hospital services
85111200-2,85111000-0,5,Νοσοκομειακές ιατρικές υπηρεσίες,Medical hospital services
85111300-3,85111000-0,5,Νοσοκομειακές γυναικολογικές υπηρεσίες,Gynaecological hospital services
85111310-6,85111300-3,6,Υπηρεσίες γονιμοποίησης σε δοκιμαστικό σωλήνα (in-vitro),In vitro fertilisation services
85111320-9,85111300-3,6,Υπηρεσίες μαιευτηρίου,Obstetrical hospital services
85111400-4,85111000-0,5,Νοσοκομειακές υπηρεσίες υγειονομικής αποκατάστασης,Rehabilitation hospital services
85111500-5,85111000-0,5,Νοσοκομειακές ψυχιατρικές υπηρεσίες,Psychiatric hospital services
85111600-6,85111000-0,5,Υπηρεσίες σχετιζόμενες με την όρθωση,Orthotic services
85111700-7,85111000-0,5,Υπηρεσίες οξυγονοθεραπείας,Oxygen-therapy services
85111800-8,85111000-0,5,Υπηρεσίες παθολογίας,Pathology services
85111810-1,85111800-8,6,Υπηρεσίες ανάλυσης αίματος,Blood analysis services
85111820-4,85111800-8,6,Υπηρεσίες βακτηριολογικής ανάλυσης,Bacteriological analysis services
85111900-9,85111000-0,5,Νοσοκομειακές υπηρεσίες αιμοδιάλυσης,Hospital dialysis services
85112000-7,85110000-3,4,Νοσοκομειακές υπηρεσίες υποστήριξης,Hospital support services
85112100-8,85112000-7,5,Υπηρεσίες παροχής σεντονίων,Hospital-bedding services
85112200-9,85112000-7,5,Υπηρεσίες περίθαλψης σε εξωτερικά ιατρεία,Outpatient care services
85120000-6,85100000-0,3,Ιατρικές και συναφείς υπηρεσίες,Medical practice and related services
85121000-3,85120000-6,4,Ιατρικές υπηρεσίες,Medical practice services
85121100-4,85121000-3,5,Ιατρικές υπηρεσίες παρεχόμενες από γιατρούς γενικής ιατρικής,General-practitioner services
85121200-5,85121000-3,5,Ιατρικές υπηρεσίες παρεχόμενες από ειδικευμένους γιατρούς,Medical specialist services
85121210-8,85121200-5,6,Γυναικολογικές ή μαιευτικές υπηρεσίες,Gyneacologic or obstetric services
85121220-1,85121200-5,6,Νεφρολογικές υπηρεσίες ή υπηρεσίες ειδικευμένου ιατρού για το κεντρικό νευρικό σύστημα,Nephrology or nervous system specialist services
85121230-4,85121200-5,6,Καρδιολογικές υπηρεσίες ή υπηρεσίες ειδικευμένου πνευμονολόγου,Cardiology services or pulmonary specialists services
85121231-1,85121230-4,7,Καρδιολογικές υπηρεσίες,Cardiology services
85121232-8,85121230-4,7,Υπηρεσίες ειδικευμένου πνευμονολόγου,Pulmonary specialists services
85121240-7,85121200-5,6,Ωτορινολαρυγγολογικές ή ακουολογικές υπηρεσίες,ENT or audiologist services
85121250-0,85121200-5,6,Γαστροεντερολογικές και γηριατρικές υπηρεσίες,Gastroenterologist and geriatric services
85121251-7,85121250-0,7,Γαστροεντερολογικές υπηρεσίες,Gastroenterologist services
85121252-4,85121250-0,7,Γηριατρικές υπηρεσίες,Geriatric services
85121270-6,85121200-5,6,Ψυχιατρικές ή ψυχολογικές υπηρεσίες,Psychiatrist or psychologist services
85121271-3,85121270-6,7,Υπηρεσίες οικημάτων για άτομα με ψυχολογικές διαταραχές,Home for the psychologically disturbed services
85121280-9,85121200-5,6,"Οφθαλμολογικές, δερματολογικές ή ορθοπεδικές υπηρεσίες","Ophthalmologist, dermatology or orthopedics services"
85121281-6,85121280-9,7,Οφθαλμολογικές υπηρεσίες,Ophthalmologist services
85121282-3,85121280-9,7,Δερματολογικές υπηρεσίες,Dermatology services
85121283-0,85121280-9,7,Ορθοπεδικές υπηρεσίες,Orthopaedic services
85121290-2,85121200-5,6,Παιδιατρικές ή ουρολογικές υπηρεσίες,Paediatric or urologist services
85121291-9,85121290-2,7,Παιδιατρικές υπηρεσίες,Paediatric services
85121292-6,85121290-2,7,Ουρολογικές υπηρεσίες,Urologist services
85121300-6,85121000-3,5,Ιατρικές υπηρεσίες παρεχόμενες από χειρούργους γιατρούς,Surgical specialist services
85130000-9,85100000-0,3,Οδοντιατρικές και συναφείς υπηρεσίες,Dental practice and related services
85131000-6,85130000-9,4,Οδοντιατρικές υπηρεσίες,Dental-practice services
85131100-7,85131000-6,5,Ορθοδοντικές υπηρεσίες,Orthodontic services
85131110-0,85131100-7,6,Υπηρεσίες ορθοδοντικής χειρουργικής,Orthodontic-surgery services
85140000-2,85100000-0,3,Διάφορες υγειονομικές υπηρεσίες,Miscellaneous health services
85141000-9,85140000-2,4,Υπηρεσίες παρεχόμενες από ιατρικό προσωπικό,Services provided by medical personnel
85141100-0,85141000-9,5,Υπηρεσίες μαιών,Services provided by midwives
85141200-1,85141000-9,5,Υπηρεσίες νοσοκόμων,Services provided by nurses
85141210-4,85141200-1,6,Ιατρικές υπηρεσίες κατ' οίκον,Home medical treatment services
85141211-1,85141210-4,7,Υπηρεσίες αιμοκάθαρσης κατ' οίκον,Dialysis home medical treatment services
85141220-7,85141200-1,6,Συμβουλευτικές υπηρεσίες που παρέχονται από νοσοκόμους,Advisory services provided by nurses
85142000-6,85140000-2,4,Παραϊατρικές υπηρεσίες,Paramedical services
85142100-7,85142000-6,5,Υπηρεσίες φυσιοθεραπείας,Physiotherapy services
85142200-8,85142000-6,5,Υπηρεσίες ομοιοπαθητικής,Homeopathic services
85142300-9,85142000-6,5,Υπηρεσίες υγιεινής,Hygiene services
85142400-0,85142000-6,5,Υπηρεσίες παράδοσης κατ' οίκον ειδών κατά της ακράτειας,Home delivery of incontinence products
85143000-3,85140000-2,4,Υπηρεσίες ασθενοφόρων,Ambulance services
85144000-0,85140000-2,4,Υπηρεσίες οίκων παροχής υγειονομικής περίθαλψης,Residential health facilities services
85144100-1,85144000-0,5,Υπηρεσίες νοσοκόμων με εσωτερική διαμονή,Residential nursing care services
85145000-7,85140000-2,4,Υπηρεσίες ιατρικών εργαστηρίων,Services provided by medical laboratories
85146000-4,85140000-2,4,Υπηρεσίες τραπεζών αίματος,Services provided by blood banks
85146100-5,85146000-4,5,Υπηρεσίες τραπεζών σπέρματος,Services provided by sperm banks
85146200-6,85146000-4,5,Υπηρεσίες τραπεζών ανθρωπίνων οργάνων,Services provided by transplant organ banks
85147000-1,85140000-2,4,Υγειονομικές υπηρεσίες στο χώρο εργασίας,Company health services
85148000-8,85140000-2,4,Υπηρεσίες ιατρικών αναλύσεων,Medical analysis services
85149000-5,85140000-2,4,Φαρμακευτικές υπηρεσίες,Pharmacy services
85150000-5,85100000-0,3,Υπηρεσίες ιατρικής απεικόνισης,Medical imaging services
85160000-8,85100000-0,3,Υπηρεσίες οπτικού,Optician services
85170000-1,85100000-0,3,Υπηρεσίες βελονισμού και χειροπρακτικής,Acupuncture and chiropractor services
85171000-8,85170000-1,4,Υπηρεσίες βελονισμού,Acupuncture services
85172000-5,85170000-1,4,Υπηρεσίες χειροπρακτικής,Chiropractor services
85200000-1,85000000-9,2,Κτηνιατρικές υπηρεσίες,Veterinary services
85210000-3,85200000-1,3,Σταθμοί φροντίδας κατοικίδιων ζώων,Domestic animal nurseries
85300000-2,85000000-9,2,Υπηρεσίες κοινωνικής μέριμνας και συναφείς υπηρεσίες,Social work and related services
85310000-5,85300000-2,3,Υπηρεσίες κοινωνικής μέριμνας,Social work services
85311000-2,85310000-5,4,Κοινωνικές υπηρεσίες με παροχή καταλύματος,Social work services with accommodation
85311100-3,85311000-2,5,Υπηρεσίες κοινωνικής πρόνοιας που παρέχονται σε άτομα τρίτης ηλικίας,Welfare services for the elderly
85311200-4,85311000-2,5,Υπηρεσίες κοινωνικής πρόνοιας που παρέχονται σε άτομα με ειδικές ανάγκες,Welfare services for the handicapped
85311300-5,85311000-2,5,Υπηρεσίες κοινωνικής πρόνοιας που παρέχονται σε παιδιά και νέους,Welfare services for children and young people
85312000-9,85310000-5,4,Κοινωνικές υπηρεσίες χωρίς παροχή καταλύματος,Social work services without accommodation
85312100-0,85312000-9,5,Υπηρεσίες ημερήσιας φροντίδας,Daycare services
85312110-3,85312100-0,6,Υπηρεσίες ημερήσιας φροντίδας για παιδιά,Child daycare services
85312120-6,85312100-0,6,Υπηρεσίες ημερήσιας φροντίδας για παιδιά και νέους με ειδικές ανάγκες,Daycare services for handicapped children and young people
85312200-1,85312000-9,5,Κατ' οίκον παράδοση προμηθειών,Homedelivery of provisions
85312300-2,85312000-9,5,Υπηρεσίες καθοδήγησης και παροχής συμβουλών,Guidance and counselling services
85312310-5,85312300-2,6,Υπηρεσίες καθοδήγησης,Guidance services
85312320-8,85312300-2,6,Υπηρεσίες παροχής συμβουλών,Counselling services
85312330-1,85312300-2,6,Υπηρεσίες οικογενειακού προγραμματισμού,Family-planning services
85312400-3,85312000-9,5,Υπηρεσίες κοινωνικής πρόνοιας που δεν παρέχονται μέσω οικοτροφείων,Welfare services not delivered through residential institutions
85312500-4,85312000-9,5,Υπηρεσίες αποκατάστασης,Rehabilitation services
85312510-7,85312500-4,6,Υπηρεσίες επαγγελματικής αποκατάστασης,Vocational rehabilitation services
85320000-8,85300000-2,3,Κοινωνικές υπηρεσίες,Social services
85321000-5,85320000-8,4,Διοικητικές κοινωνικές υπηρεσίες,Administrative social services
85322000-2,85320000-8,4,Πρόγραμμα κοινοτικής δράσης,Community action programme
85323000-9,85320000-8,4,Κοινοτικές υγειονομικές υπηρεσίες,Community health services
90000000-7,,1,"Υπηρεσίες λυμάτων, απορριμμάτων, καθαρισμού και περιβαλλοντικές υπηρεσίες","Sewage, refuse, cleaning and environmental services"
90400000-1,90000000-7,2,Υπηρεσίες αποχέτευσης,Sewage services
90410000-4,90400000-1,3,Υπηρεσίες αφαίρεσης λυμάτων,Sewage removal services
90420000-7,90400000-1,3,Υπηρεσίες επεξεργασίας λυμάτων,Sewage treatment services
90430000-0,90400000-1,3,Υπηρεσίες διάθεσης λυμάτων,Sewage disposal services
90440000-3,90400000-1,3,Υπηρεσίες επεξεργασίας λυμάτων βόθρων,Treatment services of cesspools
90450000-6,90400000-1,3,Υπηρεσίες επεξεργασίας σηπτικών δεξαμενών,Treatment services of septic tanks
90460000-9,90400000-1,3,Υπηρεσίες εκκένωσης βόθρων ή σηπτικών δεξαμενών,Cesspool or septic tank emptying services
90470000-2,90400000-1,3,Υπηρεσίες καθαρισμού αποχετεύσεων,Sewer cleaning services
90480000-5,90400000-1,3,Υπηρεσίες διαχείρισης των αποχετεύσεων,Sewerage management services
90481000-2,90480000-5,4,Λειτουργία σταθμού επεξεργασίας λυμάτων,Operation of a sewage plant
90490000-8,90400000-1,3,Υπηρεσίες παροχής συμβουλών σχετικά με την εποπτεία αποχετεύσεων και την επεξεργασία λυμάτων,Sewer survey and sewage treatment consultancy services
90491000-5,90490000-8,4,Υπηρεσίες επιθεώρησης αποχετεύσεων,Sewer survey services
90492000-2,90490000-8,4,Υπηρεσίες παροχής συμβουλών για την επεξεργασία λυμάτων,Sewage treatment consultancy services
90500000-2,90000000-7,2,Υπηρεσίες σχετιζόμενες με απορρίμματα και απόβλητα,Refuse and waste related services
90510000-5,90500000-2,3,Διάθεση και επεξεργασία απορριμμάτων,Refuse disposal and treatment
90511000-2,90510000-5,4,Υπηρεσίες αποκομιδής απορριμμάτων,Refuse collection services
90511100-3,90511000-2,5,Υπηρεσίες αποκομιδής στερεών αστικών απορριμμάτων,Urban solid-refuse collection services
90511200-4,90511000-2,5,Υπηρεσίες αποκομιδής οικιακών απορριμμάτων,Household-refuse collection services
90511300-5,90511000-2,5,Υπηρεσίες αποκομιδής απορριμμάτων από υπαίθρια δοχεία,Litter collection services
90511400-6,90511000-2,5,Υπηρεσίες αποκομιδής χάρτου,Paper collecting services
90512000-9,90510000-5,4,Υπηρεσίες μεταφοράς απορριμμάτων,Refuse transport services
90513000-6,90510000-5,4,Υπηρεσίες επεξεργασίας και διάθεσης μη επικίνδυνων απορριμμάτων και αποβλήτων,Non-hazardous refuse and waste treatment and disposal services
90513100-7,90513000-6,5,Υπηρεσίες διάθεσης οικιακών απορριμμάτων,Household-refuse disposal services
90513200-8,90513000-6,5,Υπηρεσίες διάθεσης στερεών αστικών απορριμμάτων,Urban solid-refuse disposal services
90513300-9,90513000-6,5,Υπηρεσίες αποτέφρωσης απορριμμάτων,Refuse incineration services
90513400-0,90513000-6,5,Υπηρεσίες απόρριψης στάχτης,Ash disposal services
90513500-1,90513000-6,5,Επεξεργασία και διάθεση ακάθαρτων υγρών,Treatment and disposal of foul liquids
90513600-2,90513000-6,5,Υπηρεσίες αφαίρεσης ιλύος,Sludge removal services
90513700-3,90513000-6,5,Υπηρεσίες μεταφοράς ιλύος,Sludge transport services
90513800-4,90513000-6,5,Υπηρεσίες επεξεργασίας ιλύος,Sludge treatment services
90513900-5,90513000-6,5,Υπηρεσίες διάθεσης ιλύος,Sludge disposal services
90514000-3,90510000-5,4,Υπηρεσίες ανακύκλωσης απορριμμάτων,Refuse recycling services
90520000-8,90500000-2,3,"Υπηρεσίες ραδιενεργών, τοξικών, ιατρικών και επικίνδυνων αποβλήτων","Radioactive-, toxic-, medical- and hazardous waste services"
90521000-5,90520000-8,4,Υπηρεσίες επεξεργασίας ραδιενεργών αποβλήτων,Radioactive waste treatment services
90521100-6,90521000-5,5,Αποκομιδή ραδιενεργών αποβλήτων,Collection of radioactive waste
90521200-7,90521000-5,5,Υπηρεσίες αποθήκευσης ραδιενεργών αποβλήτων,Radioactive waste storage services
90521300-8,90521000-5,5,Διάθεση ραδιενεργών αποβλήτων,Disposal of radioactive waste
90521400-9,90521000-5,5,Μεταφορά ραδιενεργών αποβλήτων,Transport of radioactive waste
90521410-2,90521400-9,6,Μεταφορά ραδιενεργών αποβλήτων χαμηλής ραδιενέργειας,Transportation of low level nuclear waste
90521420-5,90521400-9,6,Μεταφορά ραδιενεργών αποβλήτων μέσης ραδιενέργειας,Transportation of intermediate level nuclear waste
90521500-0,90521000-5,5,Συσκευασία ραδιενεργών αποβλήτων,Packaging of radioactive waste
90521510-3,90521500-0,6,Συσκευασία ραδιενεργών αποβλήτων χαμηλής ραδιενέργειας,Packaging of low level nuclear waste
90521520-6,90521500-0,6,Συσκευασία ραδιενεργών αποβλήτων μέσης ραδιενέργειας,Packaging of intermediate level nuclear waste
90522000-2,90520000-8,4,Υπηρεσίες σχετιζόμενες με μολυσμένο έδαφος,Services relating to contaminated soil
90522100-3,90522000-2,5,Απομάκρυνση μολυσμένου εδάφους,Removal of contaminated soil
90522200-4,90522000-2,5,Διάθεση μολυσμένου εδάφους,Disposal of contaminated soil
90522300-5,90522000-2,5,Υπηρεσίες επεξεργασίας μολυσμένου εδάφους,Contaminated-soil treatment services
90522400-6,90522000-2,5,Καθαρισμός και επεξεργασία εδάφους,Cleaning and treatment of soil
90523000-9,90520000-8,4,Υπηρεσίες διάθεσης τοξικών αποβλήτων εκτός από ραδιενεργά απόβλητα και μολυσμένο έδαφος,Toxic waste disposal services except radioactive waste and contaminated soil
90523100-0,90523000-9,5,Υπηρεσίες απομάκρυνσης όπλων και καταστροφής πυρομαχικών,Weapons and ammunition disposal services
90523200-1,90523000-9,5,Υπηρεσίες απομάκρυνσης βομβών,Bomb-disposal services
90523300-2,90523000-9,5,Υπηρεσίες αλιείας ναρκών,Mine sweeping services
90524000-6,90520000-8,4,Υπηρεσίες ιατρικών αποβλήτων,Medical waste services
90524100-7,90524000-6,5,Υπηρεσίες αποκομιδής νοσοκομειακών αποβλήτων,Clinical-waste collection services
90524200-8,90524000-6,5,Υπηρεσίες διάθεσης νοσοκομειακών αποβλήτων,Clinical-waste disposal services
90524300-9,90524000-6,5,Υπηρεσίες απομάκρυνσης βιολογικών αποβλήτων,Removal services of biological waste
90524400-0,90524000-6,5,"Αποκομιδή, μεταφορά και διάθεση νοσοκομειακών αποβλήτων","Collection, transport and disposal of hospital waste"
90530000-1,90500000-2,3,Λειτουργία χώρου απόθεσης απορριμμάτων,Operation of a refuse site
90531000-8,90530000-1,4,Υπηρεσίες διαχείρισης χωματερής,Landfill management services
90532000-5,90530000-1,4,Υπηρεσίες διαχείρισης χώρου αποθήκευσης άνθρακα,Coal-tip management services
90533000-2,90530000-1,4,Υπηρεσίες διαχείρισης χώρου απόρριψης μπαζών,Waste-tip management services
90600000-3,90000000-7,2,"Υπηρεσίες καθαριότητας και εξυγίανσης σε αστικές ή αγροτικές ζώνες, καθώς και συναφείς υπηρεσίες","Cleaning and sanitation services in urban or rural areas, and related services"
90610000-6,90600000-3,3,Υπηρεσίες καθαρισμού και σάρωσης οδών,Street-cleaning and sweeping services
90611000-3,90610000-6,4,Υπηρεσίες οδοκαθαρισμού,Street-cleaning services
90612000-0,90610000-6,4,Υπηρεσίες σάρωσης δρόμων,Street-sweeping services
90620000-9,90600000-3,3,Υπηρεσίες εκχιονισμού,Snow-clearing services
90630000-2,90600000-3,3,Υπηρεσίες καθαρισμού από τον πάγο,Ice-clearing services
90640000-5,90600000-3,3,Υπηρεσίες καθαρισμού και εκκένωσης φρεατίων υπονόμων,Gully cleaning and emptying services
90641000-2,90640000-5,4,Υπηρεσίες καθαρισμού φρεατίων υπονόμων,Gully cleaning services
90642000-9,90640000-5,4,Υπηρεσίες εκκένωσης φρεατίων υπονόμων,Gully emptying services
90650000-8,90600000-3,3,Υπηρεσίες απομάκρυνσης αμιάντου,Asbestos removal services
90660000-1,90600000-3,3,Υπηρεσίες απομάκρυνσης μολύβδου,Deleading services
90670000-4,90600000-3,3,Υπηρεσίες απολύμανσης και εξολόθρευσης σε αστικές ή αγροτικές ζώνες,Disinfecting and exterminating services in urban or rural areas
90680000-7,90600000-3,3,Υπηρεσίες καθαρισμού παραλίας,Beach cleaning services
90690000-0,90600000-3,3,Υπηρεσίες απομάκρυνσης επιτοίχιων παραστάσεων (γκράφιτι),Graffiti removal services
90700000-4,90000000-7,2,Περιβαλλοντικές υπηρεσίες,Environmental services
90710000-7,90700000-4,3,Διαχείριση περιβάλλοντος,Environmental management
90711000-4,90710000-7,4,"Αξιολόγηση περιβαλλοντικής επίδρασης, εκτός αυτής που προορίζεται για κατασκευαστικά έργα",Environmental impact assessment other than for construction
90711100-5,90711000-4,5,"Αξιολόγηση υπαρκτών ή δυνητικών κινδύνων, εκτός αυτής που προορίζεται για κατασκευαστικά έργα",Risk or hazard assessment other than for construction
90711200-6,90711000-4,5,"Περιβαλλοντικά πρότυπα, εκτός αυτών που προορίζονται για κατασκευαστικά έργα",Environmental standards other than for construction
90711300-7,90711000-4,5,"Ανάλυση περιβαλλοντικών δεικτών, εκτός της ανάλυσης που προορίζεται για κατασκευαστικά έργα",Environmental indicators analysis other than for construction
90711400-8,90711000-4,5,"Υπηρεσίες αξιολόγησης περιβαλλοντικών επιπτώσεων (EIA), εκτός της αξιολόγησης που προορίζεται για κατασκευαστικά έργα",Environmental Impact Assessment (EIA) services other than for construction
90711500-9,90711000-4,5,"Περιβαλλοντική παρακολούθηση, εκτός αυτής που προορίζεται για κατασκευαστικά έργα",Environmental monitoring other than for construction
90712000-1,90710000-7,4,Περιβαλλοντικός σχεδιασμός,Environmental planning
90712100-2,90712000-1,5,Σχεδιασμός αστικής περιβαλλοντικής ανάπτυξης,Urban environmental development planning
90712200-3,90712000-1,5,Στρατηγικός σχεδιασμός διατήρησης δασών,Forest conservation strategy planning
90712300-4,90712000-1,5,Στρατηγικός σχεδιασμός διατήρησης θαλάσσιου περιβάλλοντος,Marine conservation strategy planning
90712400-5,90712000-1,5,Διαχείριση φυσικών πηγών ή υπηρεσίες στρατηγικού σχεδιασμού διατήρησης,Natural resources management or conservation strategy planning services
90712500-6,90712000-1,5,Κατασκευή ή σχεδιασμός περιβαλλοντικών ιδρυμάτων,Environmental institution building or planning
90713000-8,90710000-7,4,Υπηρεσίες παροχής συμβουλών για περιβαλλοντικά ζητήματα,Environmental issues consultancy services
90713100-9,90713000-8,5,"Υπηρεσίες παροχής συμβουλών για την υδροδότηση και τα λύματα, εκτός των συμβουλών που προορίζονται για κατασκευαστικά έργα",Consulting services for water-supply and waste-water other than for construction
90714000-5,90710000-7,4,Περιβαλλοντική επιθεώρηση,Environmental auditing
90714100-6,90714000-5,5,Περιβαλλοντικά πληροφοριακά συστήματα,Environmental information systems
90714200-7,90714000-5,5,Υπηρεσίες συλλογικής περιβαλλοντικής επιθεώρησης,Corporate environmental auditing services
90714300-8,90714000-5,5,Υπηρεσίες τομεακής περιβαλλοντικής επιθεώρησης,Sectoral environmental auditing services
90714400-9,90714000-5,5,Υπηρεσίες περιβαλλοντικής επιθεώρησης για συγκεκριμένες δραστηριότητες,Activity specific environmental auditing services
90714500-0,90714000-5,5,Υπηρεσίες ελέγχου ποιότητας του περιβάλλοντος,Environmental quality control services
90714600-1,90714000-5,5,Υπηρεσίες ελέγχου ασφάλειας του περιβάλλοντος,Environmental security control services
90715000-2,90710000-7,4,Υπηρεσίες έρευνας μόλυνσης,Pollution investigation services
90715100-3,90715000-2,5,Υπηρεσίες έρευνας μόλυνσης από χημικά και πετρέλαιο,Chemicals and oil pollution investigation services
90715110-6,90715100-3,6,Έρευνα χώρων εργοστασίων αερίου,Gasworks site investigation
90715120-9,90715100-3,6,Έρευνα χώρων αποβλήτων χημικών εργασιών ή διύλισης πετρελαίου,Chemical works or oil refinery waste site investigation
90715200-4,90715000-2,5,Λοιπές υπηρεσίες έρευνας μόλυνσης,Other pollution investigation services
90715210-7,90715200-4,6,Έρευνα χώρων αποθηκών ή τερματικών σταθμών πετρελαίου,Oil depot or terminal site investigation
90715220-0,90715200-4,6,Έρευνα βιομηχανικών χώρων,Industrial site investigation
90715230-3,90715200-4,6,Έρευνα χώρων βιομηχανικών αποβλήτων,Industrial waste site investigation
90715240-6,90715200-4,6,Έρευνα χώρων εγκαταστάσεων επεξεργασίας ξύλου,Wood treatment plant site investigation
90715250-9,90715200-4,6,Έρευνα χώρων εγκαταστάσεων στεγνού καθαρισμού,Dry cleaning plants site investigation
90715260-2,90715200-4,6,Έρευνα χώρων χυτηρίων,Foundry site investigation
90715270-5,90715200-4,6,Έρευνα χώρων εγκαταστάσεων ανακύκλωσης,Recycling plant site investigation
90715280-8,90715200-4,6,Έρευνα χώρων εγκαταστάσεων επεξεργασίας τροφίμων,Food processing plant site investigation
90720000-0,90700000-4,3,Προστασία του περιβάλλοντος,Environmental protection
90721000-7,90720000-0,4,Υπηρεσίες ασφάλειας του περιβάλλοντος,Environmental safety services
90721100-8,90721000-7,5,Υπηρεσίες προστασίας του τοπίου,Landscape protection services
90721200-9,90721000-7,5,Υπηρεσίες προστασίας του όζοντος,Ozone protection services
90721300-0,90721000-7,5,Υπηρεσίες προστασίας τροφών ή ζωοτροφών από μόλυνση,Food or feed contamination protection services
90721400-1,90721000-7,5,Υπηρεσίες προστασίας γενετικών πηγών,Genetic resources protection services
90721500-2,90721000-7,5,Υπηρεσίες προστασίας από τοξικές ουσίες,Toxic substances protection services
90721600-3,90721000-7,5,Υπηρεσίες προστασίας από ακτινοβολία,Radiation protection services
90721700-4,90721000-7,5,Υπηρεσίες προστασίας ειδών υπό εξαφάνιση,Endangered species protection services
90721800-5,90721000-7,5,Υπηρεσίες προστασίας από φυσικούς υπαρκτούς ή δυνητικούς κινδύνους,Natural risks or hazards protection services
90722000-4,90720000-0,4,Αποκατάσταση του περιβάλλοντος,Environmental rehabilitation
90722100-5,90722000-4,5,Αποκατάσταση βιομηχανικών χώρων,Industrial site rehabilitation
90722200-6,90722000-4,5,Υπηρεσίες απολύμανσης του περιβάλλοντος,Environmental decontamination services
90722300-7,90722000-4,5,Υπηρεσίες αναμόρφωσης γαιών,Land reclamation services
90730000-3,90700000-4,3,Εντοπισμός και παρακολούθηση και αποκατάσταση μόλυνσης,Pollution tracking and monitoring and rehabilitation
90731000-0,90730000-3,4,Υπηρεσίες που σχετίζονται με την ατμοσφαιρική ρύπανση,Services related to air pollution
90731100-1,90731000-0,5,Διαχείριση ποιότητας αέρα,Air quality management
90731200-2,90731000-0,5,Υπηρεσίες διαχείρισης ή ελέγχου διασυνοριακής ατμοσφαιρικής ρύπανσης,Transboundary air pollution management or control services
90731210-5,90731200-2,6,Συναλλαγή πιστώσεων εκπομπής CO2,Purchase of CO2 emission credits
90731300-3,90731000-0,5,Υπηρεσίες προστασίας από την ατμοσφαιρική ρύπανση,Air pollution protection services
90731400-4,90731000-0,5,Υπηρεσίες παρακολούθησης ή μέτρησης ατμοσφαιρικής ρύπανσης,Air pollution monitoring or measurement services
90731500-5,90731000-0,5,Υπηρεσίες ανίχνευσης τοξικών αερίων,Toxic gas detection services
90731600-6,90731000-0,5,Παρακολούθηση μεθανίου,Methane monitoring
90731700-7,90731000-0,5,Υπηρεσίες παρακολούθησης διοξειδίου του άνθρακα,Carbon dioxide monitoring services
90731800-8,90731000-0,5,Παρακολούθηση αερόφερτων σωματιδίων,Airborne particle monitoring
90731900-9,90731000-0,5,Υπηρεσίες παρακολούθησης της καταστροφής της στιβάδας του όζοντος,Ozone depletion monitoring services
90732000-7,90730000-3,4,Υπηρεσίες που σχετίζονται με τη μόλυνση του εδάφους,Services related to soil pollution
90732100-8,90732000-7,5,Υπηρεσίες προστασίας ρυπασμένου εδάφους,Soil pollution protection services
90732200-9,90732000-7,5,Υπηρεσίες αφαίρεσης ρυπασμένου εδάφους,Polluted soil removal services
90732300-0,90732000-7,5,Επεξεργασία ή αποκατάσταση ρυπασμένων εδαφών,Polluted soil treatment or rehabilitation
90732400-1,90732000-7,5,Υπηρεσίες παροχής συμβουλών σχετικά με ρυπασμένα εδάφη,Soil pollution advisory services
90732500-2,90732000-7,5,Χαρτογράφηση ρυπασμένων εδαφών,Soil pollution mapping
90732600-3,90732000-7,5,Μέτρηση ή παρακολούθηση ρυπασμένων εδαφών,Soil pollution measurement or monitoring
90732700-4,90732000-7,5,Αξιολόγηση μόλυνσης από οργανικά λιπάσματα,Organic fertilizer pollution assessment
90732800-5,90732000-7,5,Αξιολόγηση μόλυνσης από παρασιτοκτόνα,Pesticides pollution assessment
90732900-6,90732000-7,5,Αξιολόγηση μόλυνσης από νιτρικά και φωσφορικά άλατα,Nitrates and phosphates pollution assessment
90732910-9,90732900-6,6,Αξιολόγηση μόλυνσης από νιτρικά άλατα,Nitrates pollution assessment
90732920-2,90732900-6,6,Αξιολόγηση μόλυνσης από φωσφορικά άλατα,Phosphates pollution assessment
90733000-4,90730000-3,4,Υπηρεσίες που σχετίζονται με ρυπασμένα ύδατα,Services related to water pollution
90733100-5,90733000-4,5,Υπηρεσίες παρακολούθησης ή ελέγχου ρυπασμένων επιφανειακών υδάτων,Surface water pollution monitoring or control services
90733200-6,90733000-4,5,Υπηρεσίες αποκατάστασης ρυπασμένων επιφανειακών υδάτων,Surface water pollution rehabilitation services
90733300-7,90733000-4,5,Υπηρεσίες προστασίας ρυπασμένων επιφανειακών υδάτων,Surface water pollution protection services
90733400-8,90733000-4,5,Υπηρεσίες επεξεργασίας επιφανειακών υδάτων,Surface water treatment services
90733500-9,90733000-4,5,Υπηρεσίες αποστράγγισης ρυπασμένων επιφανειακών υδάτων,Surface water pollution drainage services
90733600-0,90733000-4,5,Υπηρεσίες διαχείρισης ή ελέγχου ρυπασμένων διασυνοριακών υδάτων,Transboundary water pollution management or control services
90733700-1,90733000-4,5,Υπηρεσίες παρακολούθησης ή ελέγχου ρυπασμένων υπόγειων υδάτων,Groundwater pollution monitoring or control services
90733800-2,90733000-4,5,Υπηρεσίες αποστράγγισης ρυπασμένων υπόγειων υδάτων,Groundwater pollution drainage services
90733900-3,90733000-4,5,Επεξεργασία ή αποκατάσταση ρυπασμένων υπόγειων υδάτων,Groundwater pollution treatment or rehabilitation
90740000-6,90700000-4,3,Υπηρεσίες εντοπισμού και παρακολούθησης και αποκατάστασης ρυπαντών,Pollutants tracking and monitoring and rehabilitation services
90741000-3,90740000-6,4,Υπηρεσίες που σχετίζονται με τις διαρροές πετρελαίου,Services related to oil pollution
90741100-4,90741000-3,5,Υπηρεσίες παρακολούθησης διαρροών πετρελαίου,Oil spillage monitoring services
90741200-5,90741000-3,5,Υπηρεσίες ελέγχου διαρροών πετρελαίου,Oil spillage control services
90741300-6,90741000-3,5,Υπηρεσίες αποκατάστασης διαρροών πετρελαίου,Oil spillage rehabilitation services
90742000-0,90740000-6,4,Υπηρεσίες που σχετίζονται με την ηχορύπανση,Services related to noise pollution
90742100-1,90742000-0,5,Υπηρεσίες ελέγχου θορύβου,Noise control services
90742200-2,90742000-0,5,Υπηρεσίες προστασίας από την ηχορύπανση,Noise pollution protection services
90742300-3,90742000-0,5,Υπηρεσίες παρακολούθησης ηχορύπανσης,Noise pollution monitoring services
90742400-4,90742000-0,5,Υπηρεσίες παροχής συμβουλών σχετικά με την ηχορύπανση,Noise pollution advisory services
90743000-7,90740000-6,4,Υπηρεσίες που σχετίζονται με τη μόλυνση από τοξικές ουσίες,Services related to toxic substances pollution
90743100-8,90743000-7,5,Υπηρεσίες παρακολούθησης τοξικών ουσιών,Toxic substances monitoring services
90743200-9,90743000-7,5,Υπηρεσίες αποκατάστασης σε σχέση με τοξικές ουσίες,Toxic substances rehabilitation services
90900000-6,90000000-7,2,Υπηρεσίες καθαρισμού και απολύμανσης,Cleaning and sanitation services
90910000-9,90900000-6,3,Υπηρεσίες καθαρισμού,Cleaning services
90911000-6,90910000-9,4,"Υπηρεσίες καθαρισμού κατοικιών, κτιρίων και υαλοπινάκων","Accommodation, building and window cleaning services"
90911100-7,90911000-6,5,Υπηρεσίες καθαρισμού κατοικιών,Accommodation cleaning services
90911200-8,90911000-6,5,Υπηρεσίες καθαρισμού κτιρίων,Building-cleaning services
90911300-9,90911000-6,5,Υπηρεσίες καθαρισμού υαλοπινάκων,Window-cleaning services
90912000-3,90910000-9,4,Υπηρεσίες καθαρισμού σωλήνων με αμμοβολή,Blast-cleaning services for tubular structures
90913000-0,90910000-9,4,Υπηρεσίες καθαρισμού βυτίων και δεξαμενών,Tank and reservoir cleaning services
90913100-1,90913000-0,5,Υπηρεσίες καθαρισμού βυτίων,Tank-cleaning services
90913200-2,90913000-0,5,Υπηρεσία καθαρισμού δεξαμενών,Reservoir cleaning services
90914000-7,90910000-9,4,Υπηρεσίες καθαρισμού χώρων στάθμευσης αυτοκινήτων,Car park cleaning services
90915000-4,90910000-9,4,Υπηρεσίες καθαρισμού κλιβάνων και καπνοδόχων,Furnace and chimney cleaning services
90916000-1,90910000-9,4,Υπηρεσίες καθαρισμού τηλεφωνικού εξοπλισμού,Cleaning services of telephone equipment
90917000-8,90910000-9,4,Υπηρεσίες καθαρισμού εξοπλισμού μεταφοράς,Cleaning services of transport equipment
90918000-5,90910000-9,4,Υπηρεσίες καθαρισμού κάδων,Bin-cleaning services
90919000-2,90910000-9,4,"Υπηρεσίες καθαρισμού γραφείων, σχολείων και εξοπλισμού γραφείων","Office, school and office equipment cleaning services"
90919100-3,90919000-2,5,Υπηρεσίες καθαρισμού εξοπλισμού γραφείων,Cleaning services of office equipment
90919200-4,90919000-2,5,Υπηρεσίες καθαρισμού γραφείων,Office cleaning services
90919300-5,90919000-2,5,Υπηρεσίες καθαρισμού σχολείων,School cleaning services
90920000-2,90900000-6,3,Υπηρεσίες απολύμανσης εγκαταστάσεων,Facility related sanitation services
90921000-9,90920000-2,4,Υπηρεσίες απολύμανσης και εξολόθρευσης,Disinfecting and exterminating services
90922000-6,90920000-2,4,Υπηρεσίες καταπολέμησης επιβλαβών εντόμων,Pest-control services
90923000-3,90920000-2,4,Υπηρεσίες εξόντωσης αρουραίων,Rat-disinfestation services
90924000-0,90920000-2,4,Υπηρεσίες απολύμανσης διά υποκαπνισμού,Fumigation services
92000000-1,,1,"Ψυχαγωγικές, πολιτιστικές και αθλητικές υπηρεσίες","Recreational, cultural and sporting services"
92100000-2,92000000-1,2,Κινηματογραφικές υπηρεσίες και υπηρεσίες βιντεοταινιών,Motion picture and video services
92110000-5,92100000-2,3,Υπηρεσίες παραγωγής κινηματογραφικών ταινιών και βιντεοταινιών και σχετικές υπηρεσίες,Motion picture and video tape production and related services
92111000-2,92110000-5,4,Υπηρεσίες παραγωγής κινηματογραφικών ταινιών και ταινιών βίντεο,Motion picture and video production services
92111100-3,92111000-2,5,Παραγωγή εκπαιδευτικών ταινιών και βιντεοταινιών,Training-film and video-tape production
92111200-4,92111000-2,5,"Παραγωγή διαφημιστικών, προπαγανδιστικών και ενημερωτικών ταινιών και βιντεοταινιών","Advertising, propaganda and information film and video-tape production"
92111210-7,92111200-4,6,Παραγωγή διαφημιστικών ταινιών,Advertising film production
92111220-0,92111200-4,6,Παραγωγή διαφημιστικών βιντεοταινιών,Advertising video-tape production
92111230-3,92111200-4,6,Παραγωγή προπαγανδιστικών ταινιών,Propaganda film production
92111240-6,92111200-4,6,Παραγωγή προπαγανδιστικών βιντεοταινιών,Propaganda video-tape production
92111250-9,92111200-4,6,Παραγωγή ενημερωτικών ταινιών,Information film production
92111260-2,92111200-4,6,Παραγωγή ενημερωτικών βιντεοταινιών,Information video-tape production
92111300-5,92111000-2,5,Παραγωγή ψυχαγωγικών ταινιών και βιντεοταινιών,Entertainment film and video-tape production
92111310-8,92111300-5,6,Παραγωγή ψυχαγωγικών ταινιών,Entertainment film production
92111320-1,92111300-5,6,Παραγωγή ψυχαγωγικών βιντεοταινιών,Entertainment video-tape production
92112000-9,92110000-5,4,Υπηρεσίες που σχετίζονται με την παραγωγή κινηματογραφικών ταινιών και βιντεοταινιών,Services in connection with motion-picture and video-tape production
92120000-8,92100000-2,3,Υπηρεσίες διανομής κινηματογραφικών ταινιών και ταινιών βίντεο,Motion-picture or video-tape distribution services
92121000-5,92120000-8,4,Υπηρεσίες διανομής βιντεοταινιών,Video-tape distribution services
92122000-2,92120000-8,4,Υπηρεσίες διανομής κινηματογραφικών ταινιών,Motion picture distribution services
92130000-1,92100000-2,3,Υπηρεσίες προβολής κινηματογραφικών ταινιών,Motion picture projection services
92140000-4,92100000-2,3,Υπηρεσίες προβολής βιντεοταινιών,Video-tape projection services
92200000-3,92000000-1,2,Ραδιοφωνικές και τηλεοπτικές υπηρεσίες,Radio and television services
92210000-6,92200000-3,3,Ραδιοφωνικές υπηρεσίες,Radio services
92211000-3,92210000-6,4,Υπηρεσίες ραδιοφωνικών παραγωγών,Radio production services
92213000-7,92210000-6,4,Υπηρεσίες ραδιοφωνικών συστημάτων μικρής κλίμακας,Small scale radio systems services
92214000-4,92210000-6,4,Υπηρεσίες ραδιοφωνικών στούντιο ή εξοπλισμού,Radio studio or equipment services
92215000-1,92210000-6,4,Γενικές κινητές ραδιοϋπηρεσίες (GMRS),General Mobile Radio Services (GMRS)
92216000-8,92210000-6,4,Οικογενειακές ραδιοϋπηρεσίες (FRS),Family Radio Services (FRS)
92217000-5,92210000-6,4,Γενικές κινητές ραδιοϋπηρεσίες/Οικογενειακές ραδιοϋπηρεσίες (GMRS/FRS),General Mobile Radio Services/Family Radio Services (GMRS/FRS)
92220000-9,92200000-3,3,Τηλεοπτικές υπηρεσίες,Television services
92221000-6,92220000-9,4,Υπηρεσίες τηλεοπτικών παραγωγών,Television production services
92222000-3,92220000-9,4,Υπηρεσίες τηλεόρασης κλειστού κυκλώματος,Closed circuit television services
92224000-7,92220000-9,4,Ψηφιακή τηλεόραση,Digital television
92225000-4,92220000-9,4,Αλληλεπιδραστική τηλεόραση,Interactive television
92225100-7,92225000-4,5,Κινηματογραφικές ταινίες κατά παραγγελία,Film-on-demand television
92226000-1,92220000-9,4,Τηλεπρογραμματισμός,Teleprogrammation
92230000-2,92200000-3,3,Ραδιοφωνικές και τηλεοπτικές καλωδιακές υπηρεσίες,Radio and television cable services
92231000-9,92230000-2,4,Διεθνείς διμερείς υπηρεσίες και υπηρεσίες διεθνών ιδιωτικών μισθωμένων γραμμών,International bilateral services and international private leased lines
92232000-6,92230000-2,4,Καλωδιακή τηλεόραση,Cable TV
92300000-4,92000000-1,2,Υπηρεσίες ψυχαγωγικού περιεχομένου,Entertainment services
92310000-7,92300000-4,3,Υπηρεσίες καλλιτεχνικής και λογοτεχνικής δημιουργίας και ερμηνείας,Artistic and literary creation and interpretation services
92311000-4,92310000-7,4,Έργα τέχνης,Works of art
92312000-1,92310000-7,4,Καλλιτεχνικές υπηρεσίες,Artistic services
92312100-2,92312000-1,5,"Ψυχαγωγικές υπηρεσίες θεατρικών παραγωγών, συγκροτημάτων τραγουδιστών, μουσικών συγκροτημάτων και ορχηστρών","Theatrical producers', singer groups', bands' and orchestras' entertainment services"
92312110-5,92312100-2,6,Ψυχαγωγικές υπηρεσίες θεατρικών παραγωγών,Theatrical producer entertainment services
92312120-8,92312100-2,6,Ψυχαγωγικές υπηρεσίες συγκροτημάτων τραγουδιστών,Singer group entertainment services
92312130-1,92312100-2,6,Ψυχαγωγικές υπηρεσίες μουσικών συγκροτημάτων,Band entertainment services
92312140-4,92312100-2,6,Ψυχαγωγικές υπηρεσίες ορχηστρών,Orchestral entertainment services
92312200-3,92312000-1,5,"Παροχή υπηρεσιών από συγγραφείς, συνθέτες, γλύπτες, διασκεδαστές και άλλους μεμονωμένους καλλιτέχνες","Services provided by authors, composers, sculptors, entertainers and other individual artists"
92312210-6,92312200-3,6,Υπηρεσίες παρεχόμενες από συγγραφείς,Services provided by authors
92312211-3,92312210-6,7,Υπηρεσίες πρακτορείων σύνταξης κειμένων,Writing agency services
92312212-0,92312210-6,7,Υπηρεσίες σχετιζόμενες με την προετοιμασία εκπαιδευτικών εγχειριδίων,Services related to the preparation of training manuals
92312213-7,92312210-6,7,Τεχνικές συγγραφικές υπηρεσίες,Technical author services
92312220-9,92312200-3,6,Υπηρεσίες παρεχόμενες από συνθέτες,Services provided by composers
92312230-2,92312200-3,6,Υπηρεσίες παρεχόμενες από γλύπτες,Services provided by sculptors
92312240-5,92312200-3,6,Υπηρεσίες παρεχόμενες από διασκεδαστές,Services provided by entertainers
92312250-8,92312200-3,6,Υπηρεσίες παρεχόμενες από μεμονωμένους καλλιτέχνες,Services provided by individual artists
92312251-5,92312250-8,7,Υπηρεσίες υπευθύνων μουσικής ψυχαγωγίας,Disk-jockey services
92320000-0,92300000-4,3,Υπηρεσίες λειτουργίας καλλιτεχνικών εγκαταστάσεων,Arts-facility operation services
92330000-3,92300000-4,3,Υπηρεσίες χώρων ψυχαγωγίας,Recreational-area services
92331000-0,92330000-3,4,Υπηρεσίες εκθέσεων και ψυχαγωγικών πάρκων,Fair and amusement park services
92331100-1,92331000-0,5,Υπηρεσίες πανηγυριών,Fair services
92331200-2,92331000-0,5,Υπηρεσίες ψυχαγωγικών πάρκων,Amusement park services
92331210-5,92331200-2,6,Υπηρεσίες δημιουργικής απασχόλησης παιδιών,Children animation services
92332000-7,92330000-3,4,Υπηρεσίες λουτρικών εγκαταστάσεων παραλιών,Beach services
92340000-6,92300000-4,3,Παροχή υπηρεσιών χορού και διασκέδασης,Dance and performance entertainment services
92341000-3,92340000-6,4,Υπηρεσίες τσίρκων,Circus services
92342000-0,92340000-6,4,Υπηρεσίες διδασκαλίας χορού,Dance-instruction services
92342100-1,92342000-0,5,Υπηρεσίες αιθουσών διδασκαλίας κλασσικού χορού,Ballroom dance-instruction services
92342200-2,92342000-0,5,Υπηρεσίες αιθουσών διδασκαλίας σύγχρονων χορών,Discotheque dance-instruction services
92350000-9,92300000-4,3,Υπηρεσίες τυχερών παιχνιδιών και στοιχημάτων,Gambling and betting services
92351000-6,92350000-9,4,Υπηρεσίες τυχερών παιχνιδιών,Gambling services
92351100-7,92351000-6,5,Υπηρεσίες λαχειοφόρου αγοράς,Lottery operating services
92351200-8,92351000-6,5,Υπηρεσίες λειτουργίας καζίνου,Casino operating services
92352000-3,92350000-9,4,Υπηρεσίες στοιχημάτων,Betting services
92352100-4,92352000-3,5,Υπηρεσίες λειτουργίας αθροιστικών μηχανών στοιχημάτων ιπποδρομιών,Totalisator operating services
92352200-5,92352000-3,5,Υπηρεσίες πρακτορείων στοιχημάτων,Bookmaking services
92360000-2,92300000-4,3,Πυροτεχνικές υπηρεσίες,Pyrotechnic services
92370000-5,92300000-4,3,Υπηρεσίες τεχνικών ήχου,Sound technician
92400000-5,92000000-1,2,Υπηρεσίες ειδησεογραφικών πρακτορείων,News-agency services
92500000-6,92000000-1,2,"Υπηρεσίες βιβλιοθηκών, αρχείων, μουσείων και άλλες πολιτιστικές υπηρεσίες","Library, archives, museums and other cultural services"
92510000-9,92500000-6,3,Υπηρεσίες βιβλιοθηκών και αρχείων,Library and archive services
92511000-6,92510000-9,4,Υπηρεσίες βιβλιοθηκών,Library services
92512000-3,92510000-9,4,Υπηρεσίες αρχείων,Archive services
92512100-4,92512000-3,5,Υπηρεσίες καταστροφής αρχείων,Archive destruction services
92520000-2,92500000-6,3,Υπηρεσίες μουσείων και συναφείς υπηρεσίες,Museum services and preservation services of historical sites and buildings
92521000-9,92520000-2,4,Υπηρεσίες μουσείων,Museum services
92521100-0,92521000-9,5,Υπηρεσίες εκθέσεων μουσείων,Museum-exhibition services
92521200-1,92521000-9,5,Υπηρεσίες συντήρησης εκθεμάτων και συλλεκτικών τεμαχίων,Preservation services of exhibits and specimens
92521210-4,92521200-1,6,Υπηρεσίες συντήρησης εκθεμάτων,Preservation services of exhibits
92521220-7,92521200-1,6,Υπηρεσίες συντήρησης συλλεκτικών τεμαχίων,Preservation services of specimens
92522000-6,92520000-2,4,Υπηρεσίες συντήρησης ιστορικών χώρων και κτιρίων,Preservation services of historical sites and buildings
92522100-7,92522000-6,5,Υπηρεσίες συντήρησης ιστορικών χώρων,Preservation services of historical sites
92522200-8,92522000-6,5,Υπηρεσίες συντήρησης ιστορικών κτιρίων,Preservation services of historical buildings
92530000-5,92500000-6,3,Υπηρεσίες βοτανικών και ζωολογικών κήπων και προστατευόμενων φυσικών βιοτόπων,Botanical and zoological garden services and nature reserve services
92531000-2,92530000-5,4,Υπηρεσίες βοτανικών κήπων,Botanical garden services
92532000-9,92530000-5,4,Υπηρεσίες ζωολογικών κήπων,Zoological garden services
92533000-6,92530000-5,4,Υπηρεσίες προστατευόμενων φυσικών βιοτόπων,Nature reserve services
92534000-3,92530000-5,4,Υπηρεσίες διατήρησης συνθηκών φυσικού περιβάλλοντος,Wildlife preservation services
92600000-7,92000000-1,2,Αθλητικές υπηρεσίες,Sporting services
92610000-0,92600000-7,3,Υπηρεσίες λειτουργίας αθλητικών εγκαταστάσεων,Sports facilities operation services
92620000-3,92600000-7,3,Υπηρεσίες σχετιζόμενες με τον αθλητισμό,Sport-related services
92621000-0,92620000-3,4,Υπηρεσίες προώθησης αθλητικών εκδηλώσεων,Sports-event promotion services
92622000-7,92620000-3,4,Υπηρεσίες οργάνωσης αθλητικών εκδηλώσεων,Sports-event organisation services
92700000-8,92000000-1,2,Υπηρεσίες καφετέριας παροχής υπηρεσιών κυβερνοχώρου,Cybercafé services
98000000-3,,1,"Λοιπές κοινοτικές, κοινωνικές και ατομικές υπηρεσίες","Other community, social and personal services"
98100000-4,98000000-3,2,Υπηρεσίες συλλογικών οργανώσεων,Membership organisation services
98110000-7,98100000-4,3,"Υπηρεσίες που παρέχονται από επιχειρηματικούς, επαγγελματικούς και εξειδικευμένους οργανισμούς","Services furnished by business, professional and specialist organisations"
98111000-4,98110000-7,4,Υπηρεσίες που παρέχονται από επιχειρηματικούς οργανισμούς,Services furnished by business organisations
98112000-1,98110000-7,4,Παροχή υπηρεσιών από επαγγελματικές οργανώσεις,Services furnished by professional organisations
98113000-8,98110000-7,4,Υπηρεσίες που παρέχονται από εξειδικευμένους οργανισμούς,Services furnished by specialist organisations
98113100-9,98113000-8,5,Υπηρεσίες πυρηνικής προστασίας,Nuclear safety services
98120000-0,98100000-4,3,Παροχή υπηρεσιών από συνδικάτα,Services furnished by trade unions
98130000-3,98100000-4,3,Διάφορες υπηρεσίες συλλογικών οργανώσεων,Miscellaneous membership organisations services
98131000-0,98130000-3,4,Θρησκευτικές υπηρεσίες,Religious services
98132000-7,98130000-3,4,Παροχή υπηρεσιών από πολιτικές οργανώσεις,Services furnished by political organisations
98133000-4,98130000-3,4,Παροχή υπηρεσιών από κοινωνικές συλλογικές οργανώσεις,Services furnished by social membership organisations
98133100-5,98133000-4,5,Υπηρεσίες για τη βελτίωση του αστικού περιβάλλοντος και την παροχή κοινοτικών διευκολύνσεων υποστήριξης,Civic betterment and community facility support services
98133110-8,98133100-5,6,Παροχή υπηρεσιών από οργανώσεις νέων,Services provided by youth associations
98200000-5,98000000-3,2,Υπηρεσίες παροχής συμβουλών για ζητήματα ίσων ευκαιριών,Equal opportunities consultancy services
98300000-6,98000000-3,2,Διάφορες υπηρεσίες,Miscellaneous services
98310000-9,98300000-6,3,Υπηρεσίες πλυσίματος και στεγνού καθαρισμού,Washing and dry-cleaning services
98311000-6,98310000-9,4,Υπηρεσίες συγκέντρωσης ρούχων για πλύσιμο,Laundry-collection services
98311100-7,98311000-6,5,Υπηρεσίες διαχείρισης πλυντηρίου,Laundry-management services
98311200-8,98311000-6,5,Υπηρεσίες λειτουργίας πλυντηρίου,Laundry-operation services
98312000-3,98310000-9,4,Υπηρεσίες καθαρισμού υφασμάτων,Textile-cleaning services
98312100-4,98312000-3,5,Υπηρεσίες εμποτισμού υφασμάτων,Textile-impregnation services
98313000-0,98310000-9,4,Υπηρεσίες καθαρισμού γούνας,Fur-products cleaning services
98314000-7,98310000-9,4,Υπηρεσίες χρωματισμού,Colouring services
98315000-4,98310000-9,4,Υπηρεσίες σιδερωτηρίου,Pressing services
98316000-1,98310000-9,4,Υπηρεσίες βαφής,Dyeing services
98320000-2,98300000-6,3,Υπηρεσίες κομμωτηρίων και υπηρεσίες καλλωπισμού,Hairdressing and beauty treatment services
98321000-9,98320000-2,4,Υπηρεσίες κομμωτηρίων,Hairdressing services
98321100-0,98321000-9,5,Υπηρεσίες κουρείων,Barbers' services
98322000-6,98320000-2,4,Υπηρεσίες καλλωπισμού,Beauty treatment services
98322100-7,98322000-6,5,Υπηρεσίες αισθητικού και υπηρεσίες μανικιούρ και πεντικιούρ,"Cosmetic treatment, manicuring and pedicuring services"
98322110-0,98322100-7,6,Υπηρεσίες αισθητικού,Cosmetic treatment services
98322120-3,98322100-7,6,Υπηρεσίες μανικιούρ,Manicuring services
98322130-6,98322100-7,6,Υπηρεσίες πεντικιούρ,Pedicuring services
98322140-9,98322100-7,6,Υπηρεσίες μακιγιάζ,Make-up services
98330000-5,98300000-6,3,Υπηρεσίες βελτίωσης της σωματικής κατάστασης,Physical well-being services
98331000-2,98330000-5,4,Υπηρεσίες τουρκικών λουτρών,Turkish bath services
98332000-9,98330000-5,4,Υπηρεσίες ιαματικών λουτρών,Spa services
98333000-6,98330000-5,4,Υπηρεσίες μασάζ,Massage services
98334000-3,98330000-5,4,Υπηρεσίες ευεξίας,Wellness services
98336000-7,98330000-5,4,"Υπηρεσίες προπόνησης, εκγύμνασης ή αεροβικής άσκησης","Training, workout or aerobic services"
98340000-8,98300000-6,3,Υπηρεσίες παροχής καταλύματος και υπηρεσίες γραφείου,Accommodation and office services
98341000-5,98340000-8,4,Υπηρεσίες παροχής καταλύματος,Accommodation services
98341100-6,98341000-5,5,Υπηρεσίες διαχείρισης καταλύματος,Accommodation management services
98341110-9,98341100-6,6,Υπηρεσίες νοικοκυριού,Housekeeping services
98341120-2,98341100-6,6,Υπηρεσίες πορτιέρη,Portering services
98341130-5,98341100-6,6,Υπηρεσίες θυρωρού,Janitorial services
98341140-8,98341100-6,6,Υπηρεσίες φύλακα κτιρίου,Caretaker services
98342000-2,98340000-8,4,Υπηρεσίες διαμόρφωσης χώρου εργασίας,Work environment services
98350000-1,98300000-6,3,Υπηρεσίες αναβάθμισης των συνθηκών διαβίωσης των πολιτών,Civic-amenity services
98351000-8,98350000-1,4,Υπηρεσίες διαχείρισης στάθμευσης αυτοκινήτων,Car park management services
98351100-9,98351000-8,5,Υπηρεσίες στάθμευσης αυτοκινήτων,Car park services
98351110-2,98351100-9,6,Υπηρεσίες ελέγχου παράνομης στάθμευσης,Parking enforcement services
98360000-4,98300000-6,3,Ναυτικές υπηρεσίες,Marine services
98361000-1,98360000-4,4,Υπηρεσίες σχετιζόμενες με υδρόβιους ζώντες οργανισμούς,Aquatic marine services
98362000-8,98360000-4,4,Υπηρεσίες διαχείρισης λιμένα,Port management services
98362100-9,98362000-8,5,Υπηρεσίες υποστήριξης ναυτικής βάσης,Marine-base support services
98363000-5,98360000-4,4,Υπηρεσίες καταδύσεων,Diving services
98370000-7,98300000-6,3,Υπηρεσίες εργολάβων κηδειών και σχετικές υπηρεσίες,Funeral and related services
98371000-4,98370000-7,4,Υπηρεσίες εργολάβων κηδειών,Funeral services
98371100-5,98371000-4,5,Υπηρεσίες νεκροταφείων και αποτέφρωσης νεκρών,Cemetery services and cremation services
98371110-8,98371100-5,6,Υπηρεσίες νεκροταφείων,Cemetery services
98371111-5,98371110-8,7,Υπηρεσίες συντήρησης νεκροταφείου,Cemetery maintenance services
98371120-1,98371100-5,6,Υπηρεσίες αποτέφρωσης νεκρών,Cremation services
98371200-6,98371000-4,5,Υπηρεσίες ταφής νεκρών,Undertaking services
98380000-0,98300000-6,3,Υπηρεσίες κατασκευής σπιτιών για σκύλους,Dog kennel services
98390000-3,98300000-6,3,Λοιπές υπηρεσίες,Other services
98391000-0,98390000-3,4,Υπηρεσίες παύσης λειτουργίας,Decommissioning services
98392000-7,98390000-3,4,Υπηρεσίες μετεγκατάστασης,Relocation services
98393000-4,98390000-3,4,Υπηρεσίες ράφτη,Tailoring services
98394000-1,98390000-3,4,Υπηρεσίες επένδυσης με ταπετσαρία,Upholstering services
98395000-8,98390000-3,4,Υπηρεσίες κλειθροποιού,Locksmith services
98396000-5,98390000-3,4,Υπηρεσίες κουρδίσματος μουσικών οργάνων,Instrument tuning services
98500000-8,98000000-3,2,Νοικοκυριά που απασχολούν οικιακό βοηθητικό προσωπικό,Private households with employed persons
98510000-1,98500000-8,3,Υπηρεσίες εμπορικών και βιομηχανικών εργατών,Services of commercial and industrial workers
98511000-8,98510000-1,4,Υπηρεσίες εμπορικών εργατών,Services of commercial workers
98512000-5,98510000-1,4,Υπηρεσίες βιομηχανικών εργατών,Services of industrial workers
98513000-2,98510000-1,4,Υπηρεσίες ανθρώπινου δυναμικού για οικιακές εργασίες,Manpower services for households
98513100-3,98513000-2,5,Υπηρεσίες πρακτορείων διάθεσης εργατικού δυναμικού για οικιακές εργασίες,Agency staff services for households
98513200-4,98513000-2,5,Υπηρεσίες υπαλληλικού προσωπικού γραφείων για οικιακές εργασίες,Clerical staff services for households
98513300-5,98513000-2,5,Προσωρινό προσωπικό για οικιακές εργασίες,Temporary staff for households
98513310-8,98513300-5,6,Υπηρεσίες οικιακής βοήθειας,Home-help services
98514000-9,98510000-1,4,Οικιακές υπηρεσίες,Domestic services
98900000-2,98000000-3,2,Παροχή υπηρεσιών από οργανισμούς και φορείς εκτός επικράτειας,Services provided by extra-territorial organisations and bodies
98910000-5,98900000-2,3,Παροχή ειδικών υπηρεσιών προς διεθνείς οργανισμούς και φορείς,Services specific to international organisations and bodies
